station_id,station_name,address,city,state,latitude,longitude,price
7,WOODSHED OF BIG CABIN,"I-44, EXIT 283 & US-69",Big Cabin,OK,36.607931,-95.274736,3.00733333
9,KWIK TRIP #796,"I-94, EXIT 143 & US-12 & SR-21",Tomah,WI,43.994833,-90.491704,3.28733333
20,PILOT TRAVEL CENTER #1243,"I-8, EXIT 119 & SR-85",Gila Bend,AZ,32.93059,-112.746832,3.899
20,PILOT #1243,"I-8, EXIT 119 & SR-85",Gila Bend,AZ,32.93059,-112.746832,3.899
28,LITTLEFIELD EXPRESS #2,"I-540, EXIT 12 & US-71",Fort Smith,AR,35.365272,-94.411035,3.399
35,ACI TRUCK STOP,US-46,Columbia,NJ,40.938805,-75.054983,3.079
36,SHENANDOAH TRUCK CENTER,"I-81, EXIT 273 & SR-703/SR-292",Mount Jackson,VA,38.768819,-78.676655,2.899
44,CIRCLE K #2612042,"I-35,  EXIT 271",Jarrell,TX,30.748406,-97.600833,2.919
46,PETRO STOPPING CENTER #348,"I-85,  EXIT 22 & CR-138",Shorter,AL,32.383585,-85.91616,3.154
49,TA SEYMOUR TRAVEL CENTER,"I-65, EXIT 50 & US-50 & US-31",Seymour,IN,38.957133,-85.882477,3.959
50,TA COUNCIL BLUFFS TRAVEL CENTER,"I-29 & I-80, EXIT 3",Council Bluffs,IA,41.252954,-95.880992,3.72566666
56,TOPS TRUCK STOP,"I-94, EXIT 182 & US-83",Sterling,ND,46.843583,-100.274392,3.51566666
75,Good 2 Go #709,US-50,Montrose,CO,38.46783,-107.875182,3.424
77,OASIS TRAVEL PLAZA,US-13,Laurel,DE,38.553695,-75.563052,3.229
79,DELAWARE TRUCK PLAZA,US-13 & US-40,New Castle                              ,DE,39.67703,-75.589938,3.249
81,One9 #89,"I-75, EXIT 224",Ellenton,FL,27.53818,-82.5006,3.439
85,DOWNIEVILLE FUEL STOP,"I-70, EXIT 234",Dumont,CO,39.764722,-105.599722,3.459
91,MOLLYS FOOD & FUEL,"I-20 & ST 22, EXIT 55",Crawfordville                           ,GA,33.570801,-82.887234,3.499
105,TA SAGINAW I 75 TRAVEL CENTER,"I-75, EXIT 144-B",Bridgeport,MI,43.355309,-83.854906,3.269
105,TA SAGINAW I 75 TRAVEL CENTER,"I-75, EXIT 144-B",Bridgeport,MI,43.355309,-83.854906,3.339
105,TA SAGINAW I 75 TRAVEL CENTER,"I-75, EXIT 144-B",Bridgeport,MI,43.355309,-83.854906,3.429
105,TA SAGINAW I 75 TRAVEL CENTER,"I-75, EXIT 144-B",Bridgeport,MI,43.355309,-83.854906,3.289
105,TA SAGINAW I 75 TRAVEL CENTER,"I-75, EXIT 144-B",Bridgeport,MI,43.355309,-83.854906,3.399
105,TA SAGINAW I 75 TRAVEL CENTER,"I-75, EXIT 144-B",Bridgeport,MI,43.355309,-83.854906,3.299
118,Lupton Truck Stop #567,"I-40, EXIT 359",Lupton,AZ,35.4086,-109.07,3.299
121,PETRO STOPPING CENTER #306,"I-10, EXIT 200",Eloy,AZ,32.750929,-111.583275,3.474
127,CIRCLE K #4700095,US-41,Henderson,KY,37.836111,-87.59,3.609
128,THE EFFINGHAM CHROME SHOP,"I-57 & I-70, EXIT 159",Effingham                               ,IL,39.121727,-88.561105,3.399
128,THE EFFINGHAM CHROME SHOP,"I-57 & I-70, EXIT 159",Effingham                               ,IL,39.121727,-88.561105,3.349
128,THE EFFINGHAM CHROME SHOP,"I-57 & I-70, EXIT 159",Effingham                               ,IL,39.121727,-88.561105,3.549
135,LOVES TRAVEL STOP #766,"I-80, EXIT 27",Atkinson,IL,41.41619,-90.022482,3.589
135,LOVES TRAVEL STOP #766,"I-80, EXIT 27",Atkinson,IL,41.41619,-90.022482,3.389
135,LOVES TRAVEL STOP #766,"I-80, EXIT 27",Atkinson,IL,41.41619,-90.022482,3.449
147,SPEEDWAY #8039,"I-69, EXIT 234 & SR-67",Daleville,IN,40.125738,-85.511016,3.624
149,RAYS TRUCK WASH,"I-69, EXIT 309 & US-30",Fort Wayne                              ,IN,41.0716,-85.1367,3.59233333
151,CUBBYS #2101,"I-80, EXIT 211 & SR-47",Gothenburg,NE,40.940035,-100.154707,3.13233333
159,PILOT TRAVEL CENTER #87,"I-10, EXIT 343",Jacksonville,FL,30.3163,-81.4175,3.859
159,PILOT TRAVEL CENTERS #87,"I-10, EXIT 343",Jacksonville,FL,30.3163,-81.4175,3.859
160,PILOT TRAVEL CENTERS #79,"I-12, EXIT 10 AT MILE 10",Denham Springs                          ,LA,30.5821,-90.9341,3.23233333
164,FLYING J TRAVEL PLAZA #650,"I-94, EXIT 15 B",Lake Station                            ,IN,41.568629,-87.262209,3.809
167,FLYING J TRAVEL PLAZA #653,RT 2 & I-65 EXIT 240,Hebron,IN,41.315537,-87.208791,3.43566666
174,Hop-In Food Stores,US-59 & SR-224,Nacogdoches                             ,TX,31.618534,-94.651093,2.859
184,SAPP BROS TRAVEL CENTER,"I-29 & I-80, EXIT 1B",Council Bluffs,IA,41.252954,-95.880992,3.719
186,COFFEE CUP FUEL STOP #5,"I-90, EXIT 154 & US-16",Moorcroft                               ,WY,44.299932,-104.905904,3.239
187,DUDLEYS CORNER,"I-35, EXIT 165 & SR-3",Latimer,IA,42.759783,-93.351798,3.23233333
191,KUM & GO #0302,"I-35, EXIT 193 & SR 106",Clear Lake,IA,43.140607,-93.384978,3.18566666
192,Brew Stuart Truckstop,"I-80, EXIT 93",Stuart                                  ,IA,41.518643,-94.304563,3.099
195,PETRO STOPPING CENTER #311,"I-40 & I-55, EXIT 280",West Memphis,AR,35.148442,-90.17792,3.36733333
198,SINCLAIR,"I-76, EXIT 115",Atwood,CO,40.517432,-103.039301,3.299
199,PETRO STOPPING CENTER #366,"I-70, EXIT 252",Salina,KS,38.823802,-97.608787,3.80566666
203,PILOT TRAVEL CENTER #31,"I-80/94, EXIT 2",Highland,IN,41.55005,-87.456911,3.829
203,PILOT TRAVEL CENTERS #31,"I-80/94, EXIT 2",Highland,IN,41.55005,-87.456911,3.799
207,MARATHON,SR-32,Sardinia                                ,OH,38.983232,-83.796649,3.56566666
216,CIRCLE K #2721593,"I-10, EXIT 50",Ocean Springs,MS,30.440433,-88.780099,3.41566666
217,NORTH 9TH 24/7,"I-70, EXIT 252",Salina,KS,38.823802,-97.608787,3.02566666
231,DERBY CITYS TRUCK PLAZA,"I-75, EXIT 62 & US-25",Mount Vernon,KY,37.336609,-84.354882,2.999
235,PILOT TRAVEL CENTERS #92,"I-75, EXIT 358",Ocala,FL,29.1981,-82.0974,3.359
235,PILOT TRAVEL CENTER #92,"I-75, EXIT 358",Ocala,FL,29.1981,-82.0974,3.41233333
240,LA 1 SOUTH TRUCKSTOP,"I-10, EXIT 153 & SR-1",Port Allen,LA,30.471983,-91.254088,3.039
243,SAVE,US-41 & SR-10,Lake Village,IN,41.138741,-87.445422,3.179
244,BIG D TRUCK TRAVEL PLAZA,"I-10, EXIT 92 & SR-95",Duson,LA,30.191216,-92.152455,2.98233333
248,Mardi Gras Truck Stop,"I-10, EXIT 236",New Orleans,LA,29.963071,-90.160953,3.729
250,GOLDEN OX TRUCK STOP,"I-70/US-40, EXIT 159 & US-183",Hays,KS,38.878046,-99.320134,3.499
253,LOVES TRAVEL STOP #450,"I-40, EXIT 280 & I-55, EXIT 4",West Memphis,AR,35.148442,-90.17792,3.32566666
256,BFS FOODS #66,"I-68/US-40, EXIT 22 & US-219",Grantsville                             ,MD,39.684436,-79.151665,3.899
257,PILOT TRAVEL CENTER #917- TOWN PUMP,I-15 & 31ST STREET EXIT 277,Great Falls                             ,MT,47.509812,-111.273397,3.63566666
263,CASEYS #3956,I-94 EXIT 16,Bridgman,MI,41.936199,-86.554334,3.559
267,CORNER MARKET #117,SR-154 & SR-129,Dodge City,KS,37.756882,-100.024074,3.399
269,PILOT TRAVEL CENTERS #24,"I-75, EXIT 15",Monroe                                  ,MI,41.92751,-83.404848,3.299
269,PILOT TRAVEL CENTERS #24,"I-75, EXIT 15",Monroe                                  ,MI,41.92751,-83.404848,3.249
269,PILOT TRAVEL CENTERS #24,"I-75, EXIT 15",Monroe                                  ,MI,41.92751,-83.404848,3.439
269,PILOT TRAVEL CENTERS #24,"I-75, EXIT 15",Monroe                                  ,MI,41.92751,-83.404848,3.349
269,PILOT TRAVEL CENTERS #24,"I-75, EXIT 15",Monroe                                  ,MI,41.92751,-83.404848,3.559
278,CARLISLE PLAZA,US-41,Carlisle,IN,38.976297,-87.366738,3.499
281,CIRCLE K #4700065,"I-65, EXIT 76 & US-31",Taylorsville,IN,39.295833,-85.950833,3.399
289,LOVES TRAVEL STOP #173,"I-70, MM 209",Lawrence,KS,38.964402,-95.241789,3.229
292,PETES #56,US-169 & CR-5000,Cherryvale,KS,37.266828,-95.559019,3.23233333
293,LOVES TRAVEL STOP #176,"I-35, MILE MARKER 97",Matfield Green,KS,38.144768,-96.554105,3.25566666
304,FL Roberts,"I-91, EXIT 4",Springfield,MA,42.106,-72.5977,3.599
309,QUIKTRIP #231,"I-635, EXIT 3",Kansas City,KS,39.115733,-94.627139,3.199
323,SAPP BROS TRAVEL CENTER,"I-80, EXIT 126",Ogallala,NE,41.127505,-101.710742,3.46566666
326,FLYING J TRAVEL PLAZA #748,"I-15, EXIT 357",Willard                                 ,UT,41.398944,-112.031653,3.749
341,TA JACKSONVILLE SOUTH TRAVEL CENTER,"I-95, EXIT 329",Saint Johns,FL,30.095578,-81.621701,3.469
347,7-ELEVEN #40514,I-90/80-IN TOLL RD MM 22E,Portage,IN,41.567201,-87.175689,3.99066666
358,TA BINGHAMTON TRAVELCENTER,"I-81N, EXIT 2W & I-81S, EXIT 3",Binghamton,NY,42.146307,-75.886517,3.769
358,TA BINGHAMTON TRAVELCENTER,"I-81N, EXIT 2W & I-81S, EXIT 3",Binghamton,NY,42.146307,-75.886517,3.689
358,TA BINGHAMTON TRAVELCENTER,"I-81N, EXIT 2W & I-81S, EXIT 3",Binghamton,NY,42.146307,-75.886517,3.699
358,TA BINGHAMTON TRAVELCENTER,"I-81N, EXIT 2W & I-81S, EXIT 3",Binghamton,NY,42.146307,-75.886517,3.739
361,CIRCLE K #2726293,"I-295, EXIT 25",Jacksonville,FL,30.3163,-81.4175,3.31566666
368,WILTON TRAVEL PLAZA,"I-87, EXIT 16",Gansevoort                              ,NY,43.180343,-73.705267,3.749
368,WILTON TRAVEL PLAZA,"I-87, EXIT 16",Gansevoort                              ,NY,43.180343,-73.705267,3.799
372,GAS DEPOT,"I-94, EXIT 5",Hammond,IN,41.609929,-87.507911,3.999
381,7-Eleven #41830,US-69 & US-135,Jacksonville,TX,31.96177,-95.270328,2.91566666
387,Circle K #2709664,"I-8, EXIT 12",Yuma,AZ,32.701507,-114.642362,3.489
388,Pilot Travel Centers #14,"I-71, EXIT 131",Sunbury,OH,40.265499,-82.851051,3.719
391,PILOT TRAVEL CENTERS #13,"I-71, EXIT 209",Seville,OH,41.022731,-81.856199,3.699
403,TRUCKOMAT OF HEBRON,"I-70, EXIT 126 & SR-37",Hebron,OH,39.953464,-82.491868,3.429
407,FUEL MART #641,"I-80 & I-280, EXIT 71",Perrysburg                              ,OH,41.542926,-83.592727,3.499
421,PETRO STOPPING CENTER #316,"I-40 & I-35, EXIT 127",Oklahoma City,OK,35.3337,-97.4922,3.30233333
424,E EXPRESS,"I-40, EXIT 166",Choctaw,OK,35.471758,-97.272564,2.899
425,Neighbors Express,"I-16, EXIT 51",Dublin                                  ,GA,32.547794,-82.90368,3.299
442,WESTERN COOP,US-385 & SR-2,Alliance,NE,42.114943,-102.888045,3.324
455,MR FUEL #753,"I-95, EXIT 104 & SR-207",Ruther Glen,VA,37.945059,-77.47135,3.26566666
456,THE COUNTRY OASIS,US-24,Woodburn                                ,IN,41.136102,-84.892871,3.399
458,HAPPY HILLS GAS & COFFEE,I-29 EXIT 110,Rock Port,MO,40.430581,-95.527403,3.399
460,TRUCK STOP 44,I-20 EXIT 44,Gilbert,SC,33.95805,-81.39136,3.079
461,SPINX #271,"I-26, EXIT 145 & US-601",Orangeburg,SC,33.502545,-80.859282,3.26233333
469,LOAF N JUG #750010,US-160 & SR-17,Alamosa,CO,37.470274,-105.878602,3.259
474,KEWANEE 1 STOP,"I-20, EXIT 169 & US-80",Toomsuba,MS,32.429583,-88.489225,3.299
478,GASTRAK OF PEMBINA,"I-29, EXIT 215",Pembina                                 ,ND,48.936124,-97.275611,3.299
483,ALLSUPS #2387,US-54/SR-136/SR-3 & US-64,Guymon,OK,36.696052,-101.47778,2.97566666
486,LA NORIA CONV STORES,"I-35 N, EXIT 4",Laredo                                  ,TX,27.515538,-99.498579,3.299
489,EDDIES CORNER,US-87 & US-191,Moore,MT,46.989811,-109.653838,3.749
491,One9 #403,"I-75, EXIT 117",Heiskell,TN,36.115027,-84.043826,2.999
496,PILOT TRAVEL CENTERS #270,"I-40 & I-75, EXIT 374",Knoxville,TN,35.9609,-83.9189,3.439
509,LOVES TRAVEL STOPS #256,"I-10, EXIT 140B",Van Horn,TX,31.042879,-104.832249,3.649
509,LOVES TRAVEL STOP #256,"I-10, EXIT 140B",Van Horn,TX,31.042879,-104.832249,3.649
522,GO MART FOOD STORE #57,"I-70 & ST-285, EXIT 186",Lore City                               ,OH,40.045854,-81.447853,3.179
523,CIRCLE K #2723322,"I-985, EXIT 20 & SR-60",Gainesville,GA,34.307269,-83.825596,3.26566666
525,FASTBREAK,US-45 ALT,West Point,MS,33.626496,-88.68226,3.059
546,PLAZA 30,US-30,Wanatah,IN,41.384477,-86.876439,3.499
557,SAPP BROS TRAVEL CENTER,"I-80, EXIT 73",Peru,IL,41.333021,-89.126478,3.389
557,SAPP BROS TRAVEL CENTER,"I-80, EXIT 73",Peru,IL,41.333021,-89.126478,3.589
557,SAPP BROS TRAVEL CENTER,"I-80, EXIT 73",Peru,IL,41.333021,-89.126478,3.449
557,SAPP BROS TRAVEL CENTER,"I-80, EXIT 73",Peru,IL,41.333021,-89.126478,3.289
559,SHELL MORGAN ROAD TRUCK STOP,"I-40, EXIT 142",Maumelle,AR,34.849085,-92.405892,3.20733333
566,TA GARY TRAVEL CENTER,"I-80/I-94, EXIT 6",Gary,IN,41.593333,-87.346389,3.83066666
567,TA ELOY TRAVEL CENTER,"I-10 & I-8, EXIT 203",Eloy,AZ,32.750929,-111.583275,3.459
572,PILOT TRAVEL CENTER #881,"I-69, EXIT 309A",Fort Wayne                              ,IN,41.0716,-85.1367,3.899
572,PILOT TRAVEL CENTERS #881,"I-69, EXIT 309A",Fort Wayne                              ,IN,41.0716,-85.1367,3.879
576,PETRO STOPPING CENTER #343,"I-10, EXIT 76",Egan,LA,30.250966,-92.500226,3.624
578,LOVES TRAVEL STOP #449,"I-84, EXIT 17",Troutdale,OR,45.525398,-122.373866,3.779
579,FLYING J TRAVEL PLAZA #764,"I-80, EXIT 104 & US-191",Rock Springs,WY,41.605957,-109.230047,3.67066666
586,AMERISTAR TRAVEL PLAZA #120,"I-82, EXIT 80",Prosser,WA,46.223183,-119.771014,4.399
586,AMERISTAR TRAVEL PLAZA #120,"I-82, EXIT 80",Prosser,WA,46.223183,-119.771014,4.559
588,TA TUSCALOOSA TRAVEL CENTER,"I-20/I-59, EXIT 77",Cottondale,AL,33.176667,-87.387051,2.964
591,TA Concordia Travel Plaza,"I-70, EXIT 58 & SR-23",Concordia,MO,38.977553,-93.581205,3.22566666
599,Sapp Bros Travel Center,"I-80, EXIT 59 & SR-17J",Sidney,NE,41.142778,-102.9775,3.50066666
602,JIFFY MART EXIT 18 TRUCK STOP,"I-89/SR-120, EXIT 18 & SR-120",Lebanon,NH,43.642222,-72.252222,3.599
614,TA MAYBROOK TRAVEL CENTER,"I-84, EXIT 5",Montgomery,NY,41.53332,-74.253417,4.359
628,KWIK FILL #227,"I-90,  EXIT 218",Geneva,OH,41.802864,-80.947363,3.15233333
636,UNION 76,"I-5, EXIT 233 E",Albany,OR,44.627722,-123.094409,3.379
651,ONE9 #1366,"I-40, EXIT 126 & US-641",Holladay,TN,35.895143,-88.091183,2.98566666
652,TA KNOXVILLE EAST TRAVEL CENTER,"I-40 & I-75, EXIT 374",Knoxville,TN,35.9609,-83.9189,3.42566666
669,PETRO STOPPING CENTER #350,"I-10,  EXIT 4",Canutillo,TX,31.934379,-106.592888,3.499
672,CROWN POINT TRUCK STOP,"I-295/US-130,EXIT 22",Thorofare,NJ,39.859178,-75.176698,3.549
680,TA EXPRESS SUMMIT,"I-29, EXIT 207 & US-12",Summit,SD,45.352128,-97.042654,3.20566666
684,7-ELEVEN #35101,"I-86/SR-17, EXIT 16",Randolph,NY,42.163143,-78.960034,4.499
689,FLYING EAGLE,"I-235, EXIT 4",Wichita,KS,37.6898,-97.3415,3.499
692,BP,US-63,Ottumwa,IA,41.015099,-92.413428,3.399
739,Arco #364420,US-23,Greenup,KY,38.547969,-82.868396,3.649
748,QUIKTRIP #4231,US-85,Evans,CO,40.380255,-104.697095,3.17233333
769,AYERCO #26,US-61/US-136,Alexandria,MO,40.344514,-91.515437,3.01566666
815,Kwik Trip #1508,"US-18/SR-151, EXIT 58",Barneveld,WI,43.015797,-89.904229,3.489
855,SPEEDWAY #7459,US-41 & SR-137,North Chicago,IL,42.318901,-87.847819,3.379
855,SPEEDWAY #7459,US-41 & SR-137,North Chicago,IL,42.318901,-87.847819,3.499
855,SPEEDWAY #7459,US-41 & SR-137,North Chicago,IL,42.318901,-87.847819,3.289
863,Ocean Fuel,US-301/SR-73,Sylvania,GA,32.77627,-81.633394,3.499
906,PILOT TRAVEL CENTERS #429,"I-40, EXIT 280",West Memphis,AR,35.148442,-90.17792,3.499
906,PILOT TRAVEL CENTER #429,"I-40, EXIT 280",West Memphis,AR,35.148442,-90.17792,3.291
908,CIRCLE K #2704888,"I-65, EXIT 246 & SR-119",Pelham,AL,33.31046,-86.806176,3.46566666
912,PETRO STOPPING CENTER #319,"I-20/59,  EXIT 100",Mc Calla,AL,33.284546,-87.102379,3.12566666
936,CASEYS #4254,"I-40, EXIT 129",Conway,AR,35.084199,-92.423574,3.03233333
970,CIRCLE K #2702885,"I-17/SR-60, EXIT 199A",Phoenix,AZ,33.451,-112.0685,3.39233333
977,PILOT TRAVEL CENTER #328,"I-10, EXIT 17",Quartzsite,AZ,33.5675,-114.2731,3.959
977,PILOT TRAVEL CENTERS #328,"I-10, EXIT 17",Quartzsite,AZ,33.5675,-114.2731,3.959
981,STINKER #85,"I-15, EXIT 93",Blackfoot,ID,43.194327,-112.361545,3.53233333
982,CIRCLE K #2701948,"I-8, EXIT 7 & SR-195",Yuma,AZ,32.701507,-114.642362,3.56566666
1028,FOUR STATES TRUCK STOP,"I-495, EXIT 4 & SR-9",New Castle,DE,39.67703,-75.589938,3.449
1028,FOUR STATES TRUCK STOP,"I-495, EXIT 4 & SR-9",New Castle,DE,39.67703,-75.589938,3.399
1042,Union 76,US-441 & SR-100A,Lake City,FL,30.0949,-82.7117,3.56233333
1043,ONE9 #1401,I-75 EXIT 414  & US-41,Lake City,FL,30.0949,-82.7117,3.259
1043,SHELL DBA ONE9 #1401,I-75 EXIT 414  & US-41,Lake City,FL,30.0949,-82.7117,3.244
1047,TA MARIANNA TRAVEL CENTER,"I-10/SR-8, EXIT 142 & SR-71",Marianna,FL,30.758587,-85.229367,3.60733333
1075,PILOT TRAVEL CENTER #68,"I-16 /SR-404, EXIT 51 & US-441",Dublin,GA,32.547794,-82.90368,3.43233333
1075,PILOT TRAVEL CENTERS #68,"I-16 /SR-404, EXIT 51 & US-441",Dublin,GA,32.547794,-82.90368,3.399
1106,CIRCLE K #2705367,"I-20, EXIT 172",Thomson,GA,33.477363,-82.494204,3.399
1112,BC AMPRIDE TRUCK PLAZA,US-59/SR-141,Denison,IA,42.019626,-95.363572,3.399
1115,KWIK STAR #704,SR-57/SR-14,Parkersburg,IA,42.571377,-92.768763,3.58233333
1121,TRAVELERS OASIS,"I-84, EXIT 182",Eden,ID,42.580374,-114.162762,3.799
1128,TA CHICAGO NORTH TRAVEL CENTER,"I-94/US-41, EXIT 1",Wadsworth,IL,42.446032,-87.904048,3.819
1128,TA CHICAGO NORTH TRAVEL CENTER,"I-94/US-41, EXIT 1",Wadsworth,IL,42.446032,-87.904048,3.879
1128,TA CHICAGO NORTH TRAVEL CENTER,"I-94/US-41, EXIT 1",Wadsworth,IL,42.446032,-87.904048,3.779
1128,TA CHICAGO NORTH TRAVEL CENTER,"I-94/US-41, EXIT 1",Wadsworth,IL,42.446032,-87.904048,3.769
1132,SPEEDWAY #7423,"I-57, EXIT 83",Ina,IL,38.152743,-88.889362,3.249
1136,PILOT TRAVEL CENTER #171,"I-74, EXIT 206",Oakwood,IL,40.116656,-87.7825,3.399
1136,PILOT TRAVEL CENTER #171,"I-74, EXIT 206",Oakwood,IL,40.116656,-87.7825,3.499
1136,PILOT TRAVEL CENTER #171,"I-74, EXIT 206",Oakwood,IL,40.116656,-87.7825,3.599
1140,CIRCLE K #4701398,"I-55, EXIT 82 & SR-104",Divernon,IL,39.567684,-89.654654,3.499
1149,PILOT TRAVEL CENTER #30,"I-70, EXIT 96",Greenfield,IN,39.790204,-85.814102,3.959
1149,PILOT TRAVEL CENTERS #30,"I-70, EXIT 96",Greenfield,IN,39.790204,-85.814102,3.959
1151,SPEEDWAY #8061,"I-70, EXIT 115 & SR-109",Knightstown,IN,39.806029,-85.526148,3.759
1154,CIRCLE K #2704691,SR-71 & CR-214,Cedar Creek,TX,30.096636,-97.497602,3.199
1156,CIRCLE K #4700028,"I-74/US-421, EXIT 116 & SR-44",Shelbyville,IN,39.50434,-85.787515,3.599
1157,One9 #297,"I-70, EXIT 11 & SR-46",Terre Haute                             ,IN,39.4667,-87.4068,3.43566666
1158,PILOT TRAVEL CENTERS #36,US-30  & SR-49,Valparaiso,IN,41.475661,-87.075866,3.869
1158,PILOT TRAVEL CENTER #36,US-30  & SR-49,Valparaiso,IN,41.475661,-87.075866,3.859
1163,SHORT STOP #13,US-54,Emporia,KS,38.418405,-96.187145,2.839
1176,PILOT TRAVEL CENTERS #353,"I-75, EXIT 129",Georgetown,KY,38.211712,-84.556179,3.20566666
1179,PILOT TRAVEL CENTERS #399,"I-65, EXIT 105",Lebanon Junction,KY,37.851054,-85.724641,3.609
1196,SOUTHERN BELLE TRUCK STOP,US-61 & SR-964,Saint Francisville,LA,30.858658,-91.392266,3.384
1199,ALLTOWN MARKETS #306,"I-190, EXIT 7",Leominster,MA,42.52744,-71.756308,3.68233333
1202,ONE9 #290,"I-95, EXIT 93 & SR-222",Perryville,MD,39.564894,-76.059227,3.599
1204,PETRO STOPPING CENTER #321,"I-70 & I-57, EXIT 159",Effingham,IL,39.121727,-88.561105,3.549
1204,PETRO STOPPING CENTER #321,"I-70 & I-57, EXIT 159",Effingham,IL,39.121727,-88.561105,3.349
1204,PETRO STOPPING CENTER #321,"I-70 & I-57, EXIT 159",Effingham,IL,39.121727,-88.561105,3.439
1204,PETRO STOPPING CENTER #321,"I-70 & I-57, EXIT 159",Effingham,IL,39.121727,-88.561105,3.399
1208,D AVENUE FUEL PLAZA,US-131,Kalamazoo,MI,42.273565,-85.545653,3.499
1208,D AVENUE FUEL PLAZA,US-131,Kalamazoo,MI,42.273565,-85.545653,3.099
1210,ROADHAWK TRAVEL CENTER,"I-94, EXIT 56 & SR-51",Paw Paw                                 ,MI,42.234931,-85.900488,3.599
1210,ROADHAWK TRAVEL CENTER,"I-94, EXIT 56 & SR-51",Paw Paw                                 ,MI,42.234931,-85.900488,3.559
1217,KWIK TRIP #250,"I-90, EXIT 179",Austin,MN,43.669538,-92.978374,3.374
1218,CASEYS #3658,SR-210,Pillager,MN,46.398395,-94.392287,3.299
1225,AYERCO #35,US-61 & US-61 BUS,Bowling Green,MO,39.334639,-91.196232,3.01566666
1234,Lamar Travel Plaza,US-71 & US-160,Lamar,MO,37.500221,-94.270253,3.199
1236,AYERCO #44,US-36 & US-24,Palmyra,MO,39.791309,-91.536817,3.01566666
1240,TEMP STOP #103,US-65,Sedalia,MO,38.696076,-93.232268,3.199
1247,SNAPPY MART #11,US-63 & SR-14,West Plains,MO,36.728418,-91.871681,3.299
1251,MAPCO #3009,US-72,Corinth,MS,34.93236,-88.543884,3.154
1256,DOUBLE QUICK #89,US-82/US-278,Greenville,MS,33.378737,-91.046793,3.25566666
1265,JOE JOES TRAVEL CENTER,US-78 & RED BANKS RD S,Red Banks,MS,34.875039,-89.519839,2.97233333
1304,LOVES TRAVEL STOP #667,"I-85, EXIT 152",Mebane,NC,36.097862,-79.271895,3.94733333
1315,CIRCLE K #2720218,US-421 BUS & US-15/US-501/US-1,Sanford,NC,35.464148,-79.176446,3.08233333
1325,SCOTCHMAN #3303,US-421 & US-74,Wilmington,NC,34.225304,-77.937856,3.629
1326,SPEEDWAY #7949,US-301/US-264 ALT & CR-1674,Wilson,NC,35.727022,-77.922733,3.199
1333,PUMP & PANTRY #15,US-30,Grand Island,NE,40.921858,-98.341062,3.30733333
1340,BORDENTOWN VALERO,"NJ TNPK, EXIT 7 & US-206",Bordentown,NJ,40.143141,-74.703249,3.499
1342,Delta,"I-80, EXIT 47B",Fairfield,NJ,40.882178,-74.296027,3.20233333
1344,BOLLA TRUCK STOP #193,US-202 & SR-17,Mahwah,NJ,41.074473,-74.155974,3.53233333
1348,GLOBAL,SR-73,Palmyra,NJ,40.003654,-75.025685,3.359
1356,LOVES TRAVEL STOP #257,"I-40 & HORIZON, EXIT 79",Milan,NM,35.169722,-107.890278,3.59066666
1364,7- ELEVEN #40507,"I-80/I-90, MM 56 WB",Rolling Prairie,IN,41.72286,-86.584092,3.98233333
1372,PILOT TRAVEL CENTER #469,"I-77, EXIT 101 & SR-627",Canton,OH,40.827,-81.3853,3.62233333
1376,FUEL MART #782,"I-75, EXIT 118",Lima                                    ,OH,40.764066,-84.097296,3.08566666
1379,TA LODI TRAVEL CENTER,"I-71, EXIT 209 & I-76/US-224, EXIT 1",Seville,OH,41.022731,-81.856199,3.739
1384,SUNOCO,"I-80/I-90, EXIT 13 & US-20ALT/SR-15",Montpelier,OH,41.59821,-84.614703,3.41566666
1391,ONCUE EXPRESS #2045,"I-35, EXIT 203 & SR-15",Billings,OK,36.524609,-97.418889,3.21566666
1395,DOMINO FOOD AND FUEL #1,"I-40, EXIT 66",Clinton                                 ,OK,35.511543,-98.979533,3.099
1404,ONE9 #339,"I-74, EXIT 4 & SR-63",Covington,IN,40.132618,-87.381876,3.26233333
1414,SAC SHOP #507,"I-70, EXIT 12/161",Breezewood                              ,PA,39.990521,-78.245271,4.099
1424,GETTYSBURG TRAVEL PLAZA,US-15 & SR-394,Gettysburg,PA,39.832044,-77.222313,3.899
1428,CIRCLE K #4702408,"I-65, EXIT 168 & SR-38/SR-25",Lafayette,IN,40.417743,-86.888358,3.43233333
1432,KWIK FILL #259,"I-81, EXIT 57",Mechanicsburg                           ,PA,40.214167,-77.008889,4.049
1444,PILOT TRAVEL CENTERS #346,"I-20, EXIT 92 & US-601",Lugoff,SC,34.22961,-80.714712,3.43233333
1445,PILOT TRAVEL CENTERS #402,"I-80, EXIT 367",Cheyenne,WY,41.143719,-104.796234,3.709
1447,HOT SPOT #3005,US-221,Chesnee,SC,35.115398,-81.867827,3.199
1453,EXPRESS STOP,US-278/SR-101/SR-6 & SR-113,Rockmart,GA,33.997912,-85.05937,3.319
1455,PETRO FLORENCE,"I-95, EXIT 169",Florence,SC,34.18375,-79.772786,3.32566666
1461,CIRCLE K #2705370,"I-26, EXIT 15 & US-176",Inman,SC,35.052795,-82.054013,3.099
1464,CIRCLE K #2723254,"I-20, EXIT 55 & SR-6",Lexington,SC,33.981389,-81.236389,3.199
1470,CIRCLE K #2705348,US-1,Beech Island,SC,33.427222,-81.891111,3.159
1479,TA SPARTANBURG TRAVEL CENTER,"I-85, EXIT 63 & SR-290",Duncan,SC,34.917645,-82.125821,3.43233333
1487,ROADRUNNER MARKET #6019,"I-81, EXIT 36 NORTH",Greeneville                             ,TN,36.160807,-82.833136,3.499
1492,MAPCO #3538,"I-24, EXIT 174",Chattanooga,TN,35.0455,-85.3081,2.899
1507,CIRCLE K #4703941,"I-55, EXIT 5A",Memphis,TN,35.0337,-89.9343,3.189
1516,LOVES TRAVEL STOP #261,I-27 EXIT 116,Amarillo,TX,35.203238,-101.842052,3.23233333
1531,CircleK #4702365,"I-74, EXIT 112 & SR-9",Shelbyville,IN,39.50434,-85.787515,3.509
1533,YESWAY #1157,US-62,Brownfield,TX,33.169801,-102.276157,2.99233333
1546,SHELL,"I-35, EXIT 86 & SR-85",Dilley,TX,28.678201,-99.174684,3.099
1548,TOOT N TOTUM #107,US-287,Dumas,TX,35.882315,-101.967984,3.03233333
1552,STRIPES #40911,US-59 & SR-16,Freer,TX,27.879984,-98.606129,3.099
1555,SEIBERT TRAVEL PLAZA,"I-70, EXIT 405 & SR-59",Seibert,CO,39.318329,-102.882184,3.499
1560,CATTREZ,US-20 & SR-5,Irving,NY,42.573866,-79.059634,2.899
1560,CATTREZ,US-20 & SR-5,Irving,NY,42.573866,-79.059634,2.999
1562,I MART #108,"I-40, EXIT 108",Wildersville                            ,TN,35.769772,-88.438794,3.099
1567,KUM & GO #4110,"I-235, EXIT 11",Des Moines,IA,41.6005,-93.6088,3.02733333
1579,FLYING J TRAVEL PLAZA #924- TOWN PUMP,"I-15, EXIT 122 & I-90 MM220",Butte                                   ,MT,45.991579,-112.517807,3.56566666
1582,LOVES TRAVEL STOP #250,I-40 EXIT 60,Amarillo,TX,35.203238,-101.842052,3.314
1585,Stripes 7Fleet #42498,US-385 & CR-1910,Andrews,TX,32.320125,-102.540926,3.369
1590,ROAD RANGER #240,"I-80 & I-94, EXIT 15-A",Lake Station,IN,41.568629,-87.262209,3.559
1596,FLYING J #305,"I-40, EXIT 39",Jamestown,NM,35.421667,-108.308333,3.44233333
1597,7-ELEVEN #36156,"I-70 & SR-519, EXIT 25/333",Eighty Four,PA,40.186821,-80.062695,4.999
1599,ONVO TRAVEL PLAZA,"I-81, EXIT 10",Mc Graw,NY,42.594758,-76.081958,3.439
1599,ONVO TRAVEL PLAZA,"I-81, EXIT 10",Mc Graw,NY,42.594758,-76.081958,3.459
1602,CIRCLE K #2723387,US-98,Beaumont,MS,31.136763,-88.905492,3.56566666
1606,DONNAS TRAVEL PLAZA,"I-5, EXIT 202",Marysville,WA,48.065639,-122.156168,4.559
1610,TA BALTIMORE TRAVEL CENTER,"I-95, EXIT 57",Baltimore                               ,MD,39.17185,-76.648287,4.759
1618,GO MART FOOD STORE #33,US-33,Ripley                                  ,WV,38.809042,-81.701987,3.499
1621,CIRCLE K #2709337,"I-65, EXIT 262B",Birmingham                              ,AL,33.519,-86.8014,3.489
1622,RACEWAY #6973,US-380 & SR-114/SR-101,Bridgeport,TX,33.187027,-97.78098,2.78233333
1623,SAPP BROS TRAVEL CENTER,"I-70 & I-270, EXIT 278",Commerce City,CO,39.825875,-104.911349,3.389
1625,PILOT TRAVEL CENTERS #60,"I-26, EXIT 159",Bowman                                  ,SC,33.347466,-80.670868,3.43233333
1632,PILOT TRAVEL CENTERS #266,"I-10, EXIT 139 & SR-292",Las Cruces                              ,NM,32.321641,-106.746034,3.19066666
1633,7-ELEVEN #36302,"I-35, EXIT 144",Von Ormy,TX,29.274979,-98.667741,3.109
1634,PILOT TRAVEL CENTERS #40,"I-94, EXIT 322",Oak Creek,WI,42.88916,-87.902661,3.889
1644,ALLSUPS CONVENIENCE STORE #2414,"I-20, EXIT 235",Roscoe,TX,32.427558,-100.539088,2.929
1646,SPEEDWAY #8310,US-6  & US-31,Plymouth,IN,41.333897,-86.324087,3.609
1647,SPEEDWAY #8305,US-41 & SR-312,Hammond,IN,41.609929,-87.507911,3.76566666
1653,ROAD RANGER #187,"I-55, EXIT 289",Chicago,IL,41.885847,-87.618123,3.569
1653,ROAD RANGER #187,"I-55, EXIT 289",Chicago,IL,41.885847,-87.618123,3.599
1654,CEFCO #3,US-77/US190/SR-36,Cameron,TX,30.852713,-96.976562,2.989
1661,CHEVRON,"I-20, EXIT 101 & SR-151",Calhoun,LA,32.524791,-92.329929,3.159
1669,BETTY BEAVERS TRUCKSTOP,"I-90, EXIT 28",Fultonville,NY,42.903601,-74.359765,3.149
1669,BETTY BEAVERS TRUCKSTOP,"I-90, EXIT 28",Fultonville,NY,42.903601,-74.359765,3.189
1670,Petro Stopping Center #54,"I-44, EXIT 4 & SR-3",Joplin,MO,37.096858,-94.505144,3.449
1671,LOVES TRAVEL STOP #412,"I-95, EXIT 77",Dunn,NC,35.316511,-78.615079,3.699
1672,HANA TRAVEL PLAZA,"I-40,  EXIT 77",Amarillo,TX,35.203238,-101.842052,2.899
1699,ALLENS FOOD MART280,US-280/US-231/SR-53/SR-38 & CR-8/CR-34,Sylacauga,AL,33.171675,-86.271257,3.799
1700,TOPPS FUEL STOPS,US-259/SR-49,Daingerfield,TX,33.031263,-94.735899,3.109
1720,TOOT N TOTUM #120,US-54 & S WESTERN AVE,Liberal,KS,37.043789,-100.92857,3.01566666
1749,HIGHWAY 96 FUEL STOP,US-96 & SR-62/FM-1004,Buna                                    ,TX,30.413209,-93.991263,3.149
1753,PWI #169,"I-35/US-77, EXIT 359 & CR-1304",Abbott,TX,31.891642,-97.067146,2.899
1773,M-46 AUTO TRUCK PLAZA,"US-131, EXIT 120 & SR-46",Howard City,MI,43.408326,-85.485609,3.199
1773,M-46 AUTO TRUCK PLAZA,"US-131, EXIT 120 & SR-46",Howard City,MI,43.408326,-85.485609,3.599
1773,M-46 AUTO TRUCK PLAZA,"US-131, EXIT 120 & SR-46",Howard City,MI,43.408326,-85.485609,3.099
1791,PILOT TRAVEL CENTERS #257,"I-20, EXIT 126 & FM-1788",Midland                                 ,TX,31.989636,-102.06261,3.56566666
1807,LOVES TRAVEL STOP #229,I-40 EXIT 96 & SR-207,Panhandle,TX,35.380841,-101.43037,3.314
1810,KENT KWIK #804,US-83,Perryton,TX,36.374825,-100.815558,2.999
1829,PILOT TRAVEL CENTERS #96,"SR- 60 & FL TURNPIKE, EXIT 193",Okeechobee,FL,27.311532,-80.847853,3.719
1829,PILOT TRAVEL CENTER #96,"SR- 60 & FL TURNPIKE, EXIT 193",Okeechobee,FL,27.311532,-80.847853,3.699
1832,CORNER FUEL CENTER,US-49,Hattiesburg,MS,31.314553,-89.306471,3.299
1834,PUMP N PANTRY #15,"I-20, EXIT 617 & US-59",Marshall,TX,32.53378,-94.36191,2.899
1849,Stripes #42457,US-67/US-277,San Angelo,TX,31.478165,-100.481752,3.244
1855,EXIT 76 AUTO TRUCK PLAZA,US-131,Byron Center,MI,42.801614,-85.713602,3.499
1858,FLYING J TRAVEL PLAZA #737,"I-10, EXIT 583",San Antonio                             ,TX,29.468525,-98.526352,3.224
1859,GO MART FOOD STORE #44,"I-79, EXIT 67 & US-19/SR-4",Sutton,WV,38.673855,-80.681072,3.559
1860,MR FUEL #278,"I-75/71, EXIT 175 & SR-338",Walton,KY,38.887491,-84.63277,3.019
1861,PETRO STOPPING CENTER #315,"I-40, EXIT 66",Kingman,AZ,35.258379,-114.05689,3.899
1866,PRI MART FUEL CENTER,"I-94, EXIT 29",Benton Harbor                           ,MI,42.108594,-86.423417,3.799
1866,PRI MART FUEL CENTER,"I-94, EXIT 29",Benton Harbor                           ,MI,42.108594,-86.423417,3.499
1873,JDS TRUCKSTOP,"US-12 & US-31, EXIT 3",Niles,MI,41.820168,-86.236789,3.749
1873,JDS TRUCKSTOP,"US-12 & US-31, EXIT 3",Niles,MI,41.820168,-86.236789,3.849
1874,CIRCLE K #2744529,US-175,Seagoville,TX,32.652522,-96.557967,2.95066666
1879,HOLIDAY STATIONSTORE #3552,"I-35, EXIT 81 & SR-70",Lakeville,MN,44.674865,-93.257802,3.549
1888,STRIPES 7FLEET #42449,US-87,Sterling City,TX,31.835063,-101.001729,3.28066666
1889,TOOT N TOTUM #105,US-54 & US-287,Stratford,TX,36.33349,-101.988568,2.96566666
1893,MIKE MCDONALD TRUCK STOP,"I-20, EXIT 509",Terrell                                 ,TX,32.714292,-96.251342,2.87066666
1894,CIRCLE K #2741544,"I-37 & SR-72, EXIT 69",Three Rivers,TX,28.475646,-98.178162,3.06566666
1897,YESWAY #1077,"I-20/US-84, EXIT 278",Tye,TX,32.447728,-99.868434,2.87566666
1905,LUCKY TRUCK STOP,US-82,Whitesboro                              ,TX,33.659021,-96.878984,2.88566666
1909,RALLYSTOP #1,"I-15, EXIT 62",Cedar City,UT,37.689544,-113.074513,3.459
1914,LOVES TRAVEL STOP #792,"I-70, EXIT 160",Green River,UT,39.000243,-110.159817,3.709
1921,BELL TRUCK STOP,"I-80, EXIT 146",Park City,UT,40.695724,-111.528021,3.45233333
1923,SCENIC QUIK STOP,"I-70, EXIT 54 & US-89",Salina,UT,38.956028,-111.881072,3.459
1930,CASEYS #3058,"I-35, EXIT 19 & US-160 E",Wellington,KS,37.27783,-97.390976,3.299
1931,RBS ONE STOP,"I-15, EXIT 320",Woods Cross                             ,UT,40.887447,-111.902712,3.459
1934,CIRCLE K #2723710,"I-77, EXIT 24",Austinville,VA,36.819461,-80.858322,3.24066666
1936,QUICK STOP MARKET #36,"I-81, EXIT 10 & US-11",Bristol,VA,36.618093,-82.182297,3.399
1940,7-ELEVEN #40063,"I-81, EXIT 98 & SR-100",Dublin,VA,37.098879,-80.669696,3.199
1944,LOVES TRAVEL STOPS #399,"I-77, EXIT 1 & SR-620",Lambsburg,VA,36.577483,-80.760133,3.589
1944,LOVES TRAVEL STOP #399,"I-77, EXIT 1 & SR-620",Lambsburg,VA,36.577483,-80.760133,3.589
1950,7-ELEVEN #34515,"I-81, EXIT 205",King George,VA,38.281142,-77.126023,3.399
1951,CIRCLE K #2723713,"I-81, EXIT 205",Staunton,VA,38.145104,-79.07519,3.38566666
1953,FAS MART #3555,"I-64, EXIT 136 & US-15",Gordonsville,VA,38.107261,-78.195195,3.699
1954,Joe's Kwik Mart #8409,US-58 & CR-645,Suffolk,VA,36.866823,-76.559811,3.03233333
1956,PILOT TRAVEL CENTER #4642,"I-81, EXIT 291",Toms Brook,VA,38.97016,-78.403757,3.659
1958,SPEEDWAY #4618,"I-81 & I-77, EXIT 77",Wytheville,VA,36.940669,-81.094082,3.41233333
1960,MAPLEWOOD IRVING,"I-89, EXIT 7",Montpelier                              ,VT,44.2574,-72.5698,3.699
1962,SUPER QUIK,"I-64, EXIT 172 & SR-1/SR-7",Grayson,KY,38.328037,-82.965087,3.799
1976,One9 #963,"I-90, EXIT 276",Spokane                                 ,WA,47.666485,-117.436527,3.989
1976,One9 #963,"I-90, EXIT 276",Spokane                                 ,WA,47.666485,-117.436527,3.959
1977,GEE CEES TRUCK STOP,"I-5, EXIT 57",Toledo,WA,46.439552,-122.826559,3.839
1983,KWIK TRIP #427,"US-53, EXIT 110 & SR-40",Bloomer,WI,45.102477,-91.489974,3.41566666
1985,Camp Douglas BP,"I-90 & I-94, EXIT 55",Camp Douglas                            ,WI,43.936705,-90.268861,3.154
2000,RIVER CITY TRAVEL PLAZA,US-41,Marinette,WI,45.087403,-87.669684,3.399
2002,KWIK TRIP #222,US-53/US-2,Superior,WI,46.701552,-92.091174,3.339
2009,KWIK TRIP #139,"I-43, EXIT 120 & CR-V/CR-OK",Sheboygan,WI,43.740981,-87.724667,3.29066666
2020,BFS FOODS #72,"I-68, EXIT 23 & SR-26",Bruceton Mills,WV,39.645394,-79.615941,3.499
2021,GO MART FOOD STORE #59,"I-64, EXIT 15 & US-60",Huntington,WV,38.409726,-82.442348,3.499
2022,GO MART FOOD STORE #86,"I-79, EXIT 40 & SR-16",Ivydale                                 ,WV,38.530476,-81.033506,3.599
2029,HOMAX SERVICE,"I-25, EXIT 188",Mills                                   ,WY,42.840556,-106.365278,3.169
2030,GHOST TOWN FUEL STOP,US-26/US-20,Casper,WY,42.845763,-106.316571,3.429
2034,TA CHEYENNE TRAVEL CENTER,"I-80, EXIT 377 & SR-217/CR-140",Cheyenne,WY,41.143719,-104.796234,3.699
2040,Fast Stop Travel Centers #1133,"I-25, EXIT 126 & US-18/20",Douglas,WY,42.762558,-105.385484,3.499
2041,PINE BLUFFS SINCLAIR,"I-80, EXIT 401 & US-30",Pine Bluffs,WY,41.178799,-104.066591,3.699
2044,One9 #1251,"I-80, EXIT 173",Wamsutter,WY,41.658278,-108.151674,3.499
2074,STRIPES #40522,"I-10, EXIT 550",San Antonio,TX,29.468525,-98.526352,3.059
2076,ALLSUPS CONVENIENCE STORE #2159,US-283 BUS/US-277 BUS & SR-422,Seymour,TX,33.591445,-99.258727,3.299
2078,ALLSUPS CONVENIENCE STORE #2366,US-84 & CR-3300,Slaton                                  ,TX,33.436795,-101.65192,2.969
2084,Main Street Market #112,"I-20, EXIT 73",Wickett,TX,31.57,-103.000556,2.879
2087,LWS TRUCK STOP,SR-30,Logan,UT,41.747025,-111.822613,3.42566666
2088,FLYING J TRAVEL PLAZA #773,"I-70, EXIT 40",Richfield                               ,UT,38.757075,-112.062253,3.699
2089,FLYING J TRAVEL PLAZA #774,"I-84, EXIT 7",Snowville                               ,UT,41.840321,-112.353391,3.749
2115,KWIK TRIP #838,SR-23/SR-33,Reedsburg,WI,43.5325,-90.0025,3.194
2125,BIG D #44,"I-80, EXIT 311 & SR-130",Laramie,WY,41.312907,-105.581146,3.249
2144,Mountain View Truck Stop,US-15,Thurmont,MD,39.606576,-77.405114,4.099
2152,SPEEDWAY #4709,"I-90, EXIT 102",Fairmont,MN,43.637592,-94.45095,3.299
2167,PILOT TRAVEL CENTERS #134,"I-94, EXIT 171 (CR 75)",Saint Cloud,MN,45.552113,-94.128447,3.28733333
2182,PILOT TRAVEL CENTER #4649,"I-64 & I-81, EXIT 205",Raphine,VA,37.937353,-79.221903,3.659
2192,GO MART FOOD STORE #51,US-19/SR-129,Mount Nebo                              ,WV,38.197064,-80.820204,3.599
2194,A AND A TRUCKSTOP,US-35 & CR-41,Jackson,OH,39.042821,-82.647209,3.799
2196,Certified Oil #400410,I-76 EXIT 43,Ravenna,OH,41.164886,-81.233656,3.31566666
2204,NATURAL BRIDGE SHELL,US-278 & SR-5,Lynn,AL,34.052984,-87.539814,3.68233333
2209,Roadrunner #471,"I-40/US-65, EXIT 142 & SR-365",North Little Rock,AR,34.766974,-92.265376,3.03233333
2219,PILOT TRAVEL CENTER #66,"I-85, EXIT 129",Braselton,GA,34.138941,-83.781162,3.27233333
2219,PILOT TRAVEL CENTERS #66,"I-85, EXIT 129",Braselton,GA,34.138941,-83.781162,3.27233333
2223,PO JOS GAS N GO,"I-16 SR-404, EXIT 116 & US-301/SR-73",Register,GA,32.338235,-81.872828,3.23233333
2227,SPEEDWAY #7448,SR-59,Naperville,IL,41.766198,-88.141038,3.299
2227,SPEEDWAY #7448,SR-59,Naperville,IL,41.766198,-88.141038,3.359
2231,QUIKTRIP #605,"I-270, EXIT 33",Saint Louis,MO,38.642574,-90.324189,2.899
2255,S&G #36,"I-280, EXIT 2 & SR-795",Millbury,OH,41.56106,-83.438083,3.49233333
2267,Circle K #4703917,"I-65, EXIT 112 & SR-25",Cross Plains,TN,36.553068,-86.676088,2.949
2283,CIRCLE K #2707321,SR-60,Bartow,FL,27.895664,-81.812684,3.52233333
2287,SAC SHOP #511,"I-76/I-70, EXIT 146 & I-99/US-220 EXIT 1",Bedford,PA,39.990838,-78.526071,4.099
2306,SCOTCHMAN #3894,"I-77, EXIT 73 & SR-901",Rock Hill,SC,34.915068,-81.012904,3.079
2310,MAPCO #3686,"I-24, EXIT 175",Chattanooga,TN,35.0455,-85.3081,2.889
2311,SHELL,"I-24 & EPPS MILL RD, EXIT 89",Christiana                              ,TN,35.740877,-86.407932,3.13233333
2331,PINNERS POINT,SR-135,Portsmouth,VA,36.808902,-76.36714,3.499
2336,FLYING J TRAVEL PLAZA #754,"I-77 & I-81, EXIT 77",Wytheville,VA,36.940669,-81.094082,3.549
2340,RSTORE #4478,SR-8 & SR-13,Prentice,WI,45.548201,-90.294217,3.039
2557,PWI #106,"I-30, EXIT 77B",Royse City,TX,32.962778,-96.36484,2.899
2602,PILOT TRAVEL CENTERS #9,"I-75, EXIT 36",Franklin,OH,39.547839,-84.305881,3.35233333
2623,TA JANESVILLE TRAVEL CENTER,"I-90/I-39, EXIT 171B & US-14",Janesville,WI,42.691542,-89.033124,3.299
2626,WEST END SINCLAIR,"I-80, EXIT 211",Rawlins,WY,41.795131,-107.234883,3.319
2629,PILOT TRAVEL CENTERS #253,"I-295 & NJ TRNPK,  EXIT 2B",Penns Grove,NJ,39.717938,-75.465623,3.989
2635,FLYING J #584,"I-5, EXIT 278",Aurora,OR,45.228432,-122.803881,3.859
2638,PIT STOP TRAVEL CENTER,US-789,Riverton                                ,WY,43.045786,-108.411335,4.399
2640,LITTLE NASHVILLE,"I-64, EXIT 50 & SR-127",Nashville,IL,38.335208,-89.384058,3.399
2640,LITTLE NASHVILLE,"I-64, EXIT 50 & SR-127",Nashville,IL,38.335208,-89.384058,3.299
2644,FREDERICKS TRAVEL CENTER,"I-25/US-87, EXIT 235 & SR-52",Erie,CO,40.059746,-105.068583,3.499
2756,PAR MAR FOOD STORE #89,"I-77/SR-2, EXIT 170 & SR-14 E",Mineral Wells,WV,39.21,-81.5305,3.499
2761,PONY EXPRESS SERVICE CENTER,US-36 & SR-148,Hanover,KS,39.89266,-96.868947,2.95566666
2764,LOVES TRAVEL STOP #046,US-64/54 & SR-94,Hooker,OK,36.847981,-101.190683,3.56233333
2765,LOVES TRAVEL STOP #023,US-50 & US-287,Lamar,CO,38.084136,-102.619195,3.46233333
2772,PILOT TRAVEL CENTERS #29,"I- 80, EXIT 144; I-69, EXIT 357",Fremont                                 ,IN,41.733125,-84.945247,3.899
2772,PILOT TRAVEL CENTER #29,"I- 80, EXIT 144; I-69, EXIT 357",Fremont                                 ,IN,41.733125,-84.945247,3.899
2779,Stinker #121,I-84 & EXIT 208,Heyburn,ID,42.559922,-113.770885,3.56066666
2788,JIFFY MART #451,"I-91, EXIT 17 & SR-302",Wells River,VT,44.152438,-72.052958,3.569
2805,Fast Stop Travel Centers #1145,"I-15,  EXIT 31",Downey,ID,42.418127,-112.109019,3.799
2807,SUDDEN SERVICE #25,"I-24, EXIT 11",Clarksville,TN,36.522014,-87.348997,3.30733333
2811,KWIK FILL #22,"I-90, EXIT 40 & SR-34/SR-31",Weedsport,NY,43.048882,-76.542502,3.899
2817,Chevron #382354,"I-5/US-12, EXIT 72",Chehalis,WA,46.638193,-122.965764,4.299
2848,TA TONOPAH TRAVEL CENTER,"I-10, EXIT 103",Tonopah,AZ,33.422797,-112.952785,3.939
2851,SPEEDWAY #2958,"I-8, EXIT 12",Yuma,AZ,32.701507,-114.642362,3.479
2862,TA TALLULAH TRAVEL CENTER,"I-20, EXIT 171 & US-65",Tallulah,LA,32.402127,-91.190066,3.209
2864,KUM & GO #0493,I-49 BUS/SR-59,Neosho,MO,36.870634,-94.386218,3.059
2875,CIRCLE K #2744138,"I-25, EXIT 101 & US-50/SR-47",Pueblo,CO,38.287876,-104.584828,3.399
2883,PILOT TRAVEL CENTER #293,"I-75, EXIT 341 & CR-484",Ocala                                   ,FL,29.1981,-82.0974,3.41233333
2883,PILOT TRAVEL CENTERS #293,"I-75, EXIT 341 & CR-484",Ocala                                   ,FL,29.1981,-82.0974,3.359
2885,SP Truckstop & Travel Center,US-84/SR-38,Bainbridge,GA,30.9355,-84.5809,3.599
2889,MOULTON COWBOYS,SR-157,Moulton                                 ,AL,34.505836,-87.222385,3.099
2891,PETRO STOPPING CENTER #338,"I-80, EXIT 21",Sparks,NV,39.547254,-119.755588,3.949
2895,EAGLE TRUCK STOP,I-77 EXIT 81,New Philadelphia,OH,40.484539,-81.435827,3.31566666
2896,NORTH LEWISTON DYNAMART,US-12 & SR 128,Lewiston,ID,46.389457,-116.987714,3.669
2897,GAS N GO #15,"I-80, EXIT 41",Lyman,WY,41.329136,-110.292629,3.46566666
2910,FLYING J TRAVEL PLAZA #685,"I-29 & I- 94, EXIT 349",Fargo                                   ,ND,46.900878,-96.793577,3.569
2913,ONE9#226,"I-40, EXIT 417 & SR-92",Dandridge,TN,36.001798,-83.404435,3.259
2915,TP TRUCK STOP,"I-15, EXIT 80",Fort Hall                               ,ID,42.988717,-112.459854,3.519
2917,GOLDYS TRUCK PLAZA,US-29,Rustburg,VA,37.25454,-79.121507,3.519
2922,LOVES TRAVEL STOP #210,"I-40, EXIT 158",Albuquerque,NM,35.0936,-106.6423,3.52066666
2923,LOVES TRAVEL STOP #435,"I-95, EXIT 104 & SR-207",Ruther Glen,VA,37.945059,-77.47135,3.611
2923,LOVES TRAVEL STOPS #435,"I-95, EXIT 104 & SR-207",Ruther Glen,VA,37.945059,-77.47135,3.589
2924,HWY 190 FUEL STOP,US-190,Jasper                                  ,TX,30.925348,-94.021481,3.13233333
2926,EXIT 77 TRAVEL PLAZA,"I-81, EXIT 77 & SR-39",Harrisburg,PA,40.261767,-76.883079,3.499
2929,TA EXPRESS STEELE,"I-94, EXIT 200 & SR- 3",Steele,ND,46.852357,-99.933559,3.599
2935,CIRCLE K #2726163,"I-295, EXIT 22",Jacksonville,FL,30.3163,-81.4175,3.299
2937,FLYING J TRAVEL PLAZA #664,"I-75, EXIT 171",Walton,KY,38.887491,-84.63277,3.08566666
2956,PILOT TRAVEL CENTERS #275,"I-85, EXIT 39 I-77, EXIT 13",Charlotte,NC,35.2269,-80.8433,3.55233333
2963,SUPERPUMPER #26,"I-94, EXIT 258 & US-281",Jamestown,ND,46.905899,-98.706127,3.629
2967,PETRO STOPPING CENTER #317,"I-57, EXIT 71",Perrysburg,OH,41.542926,-83.592727,3.78566666
2968,E-Z MART #4460,"I-20,  EXIT 124",Monroe,LA,32.528551,-92.106104,3.129
2977,DISCOUNT FUEL,"I-90, EXIT 150 & SR-73",Kadoka,SD,43.84457,-101.552272,3.229
2982,CIRCLE K #2723726,"I-59/I-20, EXIT 52 & US-11/US-43/SR-7",Knoxville,AL,32.982423,-87.791855,3.089
3003,CHEVRON,"I-20, EXIT 186",Delta                                   ,LA,32.325556,-90.926944,2.994
3008,BUSY BEE,"I-10, EXIT 283 & US-129",Live Oak,FL,30.286622,-83.024994,3.779
3022,TA GREENCASTLE TRAVEL CENTER,"I-81, EXIT 5",Greencastle,PA,39.781827,-77.746956,3.959
3030,Mr Ts Riverside,US-412,Cardwell                                ,MO,36.04345,-90.290696,3.199
3064,PORTS TO PLAINS TRAVEL PLAZA,US-50 & US-287,Lamar,CO,38.084136,-102.619195,3.399
3086,SPEEDWAY #4638,US-29,Madison Heights,VA,37.453102,-79.114089,3.49566666
3093,RSTORE #4488,US-51,Merrill,WI,45.180924,-89.690696,3.24066666
3096,HOBO PANTRY #6,US-431/SR-210,Dothan,AL,31.202888,-85.418036,3.959
3118,MOBIL,"I-87, EXIT 42 & US-11",Champlain,NY,44.977292,-73.446603,3.799
3128,TA ATLANTA SOUTH TRAVEL CENTER,"I-75, EXIT 201 & SR-36",Jackson,GA,33.282006,-83.978391,3.334
3138,TA EXPRESS #6264,"I-70, EXIT 26 & US-50",Grand Junction,CO,39.078326,-108.545692,4.049
3139,CHEROKEE TRAVEL MART,"I-40,  EXIT 108",Calumet                                 ,OK,35.594819,-98.189991,3.10566666
3148,YESWAY #1038,US-60 & SR-86,Neosho,MO,36.870634,-94.386218,3.059
3155,QUIK MART #18,US-72/SR-157,Tuscumbia                               ,AL,34.687432,-87.683259,3.00733333
3163,QUIKTRIP #71,"I-44, EXIT 238",Tulsa,OK,36.05566,-96.060229,3.039
3164,QUIKTRIP #102,"I-44, EXIT 222A",Tulsa,OK,36.05566,-96.060229,3.039
3165,LOVES TRAVEL STOP #213,"I-35, EXIT 211",Tonkawa,OK,36.68062,-97.30634,3.584
3167,JASPER FOOD MART,US-78,Jasper,AL,33.871672,-87.249144,3.229
3171,One9 #265,"I-40, EXIT 287 & SR-136",Cookeville,TN,36.174261,-85.49531,3.084
3176,BP,US-6 & SR-15,New Paris                               ,IN,41.491652,-85.83383,3.65733333
3178,ERNIES FUEL STOP #1605,SR-167,Kent,WA,47.3695,-122.1949,4.599
3179,MR FUEL #1020,"I-80 & I-94, EXIT 15B",Lake Station,IN,41.568629,-87.262209,3.56566666
3191,BUSY CORNER TRUCK STOP AND MARKET,"I-24, EXIT 105 & US-41/SR-2",Manchester,TN,35.481667,-86.088611,3.049
3205,CROSSROADS TRUCK STOP STATION,"I-29 & SR 34, MM 109",Colman                                  ,SD,43.955761,-96.818882,3.159
3206,PERHAM OASIS,US-10 & SR-78,Perham,MN,46.603106,-95.581763,3.499
3215,SHELL TRUCKSTOP,"I-4, EXIT 44",Polk City,FL,28.19867,-81.808282,3.449
3216,MAXS #124,"I-24, EXIT 86 & US-41",Oak Grove,KY,36.665225,-87.425514,3.04233333
3221,Pilot #1440,"US-67, EXIT 55 & US-64/US-167 & SR-367",Bald Knob,AR,35.311331,-91.550197,3.399
3221,Southern Travel Plaza,"US-67, EXIT 55 & US-64/US-167 & SR-367",Bald Knob,AR,35.311331,-91.550197,3.391
3222,POMPANO TRUCK STOP,"I-95, EXIT 36B",Pompano Beach,FL,26.231529,-80.12346,3.759
3226,ONE9 #245,"I-81, EXIT 77 & SR-39",Harrisburg,PA,40.261767,-76.883079,3.609
3227,ONE9 MR FUEL #64,"I-26 & US-17, EXIT 199",Summerville,SC,33.028045,-80.173852,3.219
3227,MR FUEL DBA ONE9 #64,"I-26 & US-17, EXIT 199",Summerville,SC,33.028045,-80.173852,3.219
3230,STRIPES #40815,US-281 & US-285,Falfurrias,TX,27.22416,-98.140844,3.299
3264,TA WEST MEMPHIS TRAVEL CENTER,"I-40/US-63, EXIT 260 & SR-149",Earle,AR,35.27989,-90.450261,3.36733333
3280,OUTPOST TRUCK STOP,US-85 & US-18/US-20,Lusk,WY,42.765953,-104.465076,3.689
3281,AMERICAN TRUCK PLAZA,I-80 EXIT 215 & SR-254,Milton,PA,41.01681,-76.839817,3.799
3284,CASEYS #4390,"I-49/US-71, EXIT 77 & US-160",Lamar,MO,37.500221,-94.270253,3.199
3297,SAPP BROS TRAVEL CENTER,"I-80, EXIT 370",Cheyenne,WY,41.143719,-104.796234,3.70066666
3316,TRUCKOMAT OF N LITTLE ROCK,"I-40, EXIT 161 & SR-391",North Little Rock                       ,AR,34.766974,-92.265376,3.249
3326,MIRABITO #61,"I-81, EXIT 32",Central Square,NY,43.308986,-76.184852,4.299
3330,TA # 211 GREENLAND TRAVEL CENTER,"I-95, EXIT 3A & US-101",Greenland,NH,43.035294,-70.847476,3.759
3349,QUEEN CITY TRUCK STOP,"I-20 & I-59, EXIT150",Meridian,MS,32.357441,-88.655973,2.939
3383,E-Express at Central Truck Stop,"I-35, EXIT 137",Oklahoma City,OK,35.3337,-97.4922,2.879
3386,LONGMONT TRUCK STOP,"I-25/US-87, EXIT 240 & SR-119",Longmont,CO,40.177921,-105.10095,3.239
3401,POPS Mart #333,"I-77, EXIT 48 & SR-200",Winnsboro,SC,34.381008,-81.10899,3.09066666
3413,COUNTRY GIRL TRUCK STOP,US-167 & SR-156,Winnfield,LA,31.921389,-92.636646,3.319
3415,JAYS EL CHEAPO FUEL STOP,"I-16, EXIT 104",Metter                                  ,GA,32.401034,-82.060722,3.249
3418,Par Mar Store #164,"I-79, EXIT 105 & CR-7",Jane Lew,WV,39.109989,-80.431059,3.999
3421,ERNIES TRUCK STOP,"I-5, EXIT 142",Federal Way,WA,47.3203,-122.311726,4.599
3422,PWI #167,"I-10, EXIT 601",Seguin,TX,29.561316,-97.962801,2.889
3427,JOHNNYS MARKET,"I-69, EXIT 357",Fremont,IN,41.733125,-84.945247,3.699
3432,PILOT TRAVEL CENTER #34,"I-65, EXIT 201 & US-231",Remington,IN,40.766653,-87.15994,3.709
3432,PILOT TRAVEL CENTERS #34,"I-65, EXIT 201 & US-231",Remington,IN,40.766653,-87.15994,3.659
3435,PWI #168,"I-35, EXIT 266 & SR-195",Georgetown,TX,30.633038,-97.670704,2.799
3444,Acme Truck Stop,US-441/SR-500,Orlando,FL,28.498821,-80.58248,3.449
3460,CHROME TRUCK STOP,US-18 & US-169,Algona,IA,43.065976,-94.230638,3.499
3464,BOISE PETROLEUM LLC,"I-84,  EXIT 71",Boise,ID,43.6136,-116.2025,3.379
3471,MR FUEL DBA ONE9 #72,"I-16, EXIT 160",Savannah,GA,32.067631,-81.102394,3.13233333
3471,ONE9 MR FUEL #72,"I-16, EXIT 160",Savannah,GA,32.067631,-81.102394,3.119
3475,PILOT TRAVEL CENTERS #56,"I-85, EXIT 63",Kannapolis,NC,35.502016,-80.635875,3.499
3477,CIRCLE K #4707404,"I-91, EXIT 7",Springfield,VT,43.303433,-72.477769,3.699
3479,FAST MARKET #4550,"I-75/SR-401, EXIT 136 & US-341",Perry,GA,32.46051,-83.728258,3.099
3493,CIRCLE K #2723675,"I-75, EXIT 290 & SR-20",Cartersville,GA,34.186975,-84.820401,3.08566666
3519,PILOT TRAVEL CENTERS #431,"I-10, EXIT 873",Orange,TX,30.125167,-93.771883,3.309
3522,SUNMART #308,US-59,Livingston                              ,TX,30.718018,-94.935278,2.859
3526,JOE STOP 99,"I-75, EXIT 99 & SR-119",Anna,OH,40.405105,-84.210344,3.064
3530,SPARKYS ONE STOP #22,"I-35, EXIT 111B & US-30",Jefferson,IA,42.009325,-94.388768,3.23233333
3536,PETRO STOPPING CENTER #307,I-40 EAST & S LAKESIDE Dr,Amarillo,TX,35.203238,-101.842052,3.279
3539,Bigs 211,"I-10, EXIT 620 & SR-123",Seguin,TX,29.561316,-97.962801,3.099
3545,STOCKMENS TRUCK PLAZA,"I-494, EXIT 64A",South Saint Paul,MN,44.888128,-93.046013,3.499
3580,STINKER I 80 TRAVEL PLAZA,"I-80, EXIT 221 & SR-76",Sinclair,WY,41.779741,-107.109083,3.759
3585,CHEVRON,"I-80, EXIT 129",Lovelock,NV,40.1819,-118.468915,3.499
3588,BINGO TRUCK STOP,"I-10, EXIT 829 & SR-124",Winnie                                  ,TX,29.815676,-94.339499,2.999
3592,TA BRIDGER TRAVEL CENTER #188,"I-80, EXIT 30 & CR-202",Fort Bridger,WY,41.28282,-110.347428,3.71566666
3593,TA Parowan Travel Center,"I-15, EXIT 78",Parowan,UT,37.844861,-112.832251,3.70566666
3605,SPEEDYS #6,"I-35, EXIT 33",Saint Joseph,MO,39.768755,-94.838488,3.169
3608,FUEL MART #787,"I-57, EXIT 212 & US-36",Tuscola,IL,39.799509,-88.281585,3.199
3614,PILOT TRAVEL CENTERS #35,"I-80/90, EXIT 72 & US-31",South Bend                              ,IN,41.672699,-86.253489,3.799
3614,PILOT TRAVEL CENTER #35,"I-80/90, EXIT 72 & US-31",South Bend                              ,IN,41.672699,-86.253489,3.799
3616,PILOT TRAVEL CENTERS #15,"I-75, EXIT 210",Toledo,OH,41.642,-83.5438,3.77233333
3619,ROAD RANGER #141,"I-70, EXIT 23",Brazil,IN,39.521041,-87.127767,3.659
3620,One9 #16,"I-71 & US-68, EXIT 50",Wilmington                              ,OH,39.448788,-83.841653,3.14233333
3645,SNOW SHOE TRAVEL PLAZA,"I-80, EXIT 147 & SR-144",Snow Shoe,PA,41.037581,-77.95228,3.469
3678,TIMES MARKET #299,US-281 BUS,Alice,TX,27.743171,-98.083622,3.099
3688,SPEEDWAY #2314,"I-94, EXIT 243 & SR-29",New Baltimore,MI,42.675344,-82.780102,3.559
3688,SPEEDWAY #2314,"I-94, EXIT 243 & SR-29",New Baltimore,MI,42.675344,-82.780102,3.579
3692,CHARLOTTE TRAVEL PLAZA,"I-77,  EXIT 16B",Charlotte,NC,35.2269,-80.8433,3.53233333
3699,WARREN TRAVEL PLAZA,"I-69, EXIT 278 & SR-5",Warren,IN,40.688646,-85.418337,3.399
3702,BEARS DEN TRADING POST #101,ST 37 11 MI E OF MASSENA,Hogansburg                              ,NY,44.982511,-74.662649,3.649
3707,SPEEDWAY #4704,"I-90, EXIT 154",Albert Lea,MN,43.653678,-93.370672,3.299
3718,SPEEDWAY #4706,"I-90, EXIT 265",Chamberlain,SD,43.795295,-99.311819,3.299
3719,KEYSTONE TRUCK STOP,US-22 & SR-164,Loretto,PA,40.510484,-78.629357,3.999
3725,GENEVA TRUCK STOP,"I-79, EXIT 35/141",Cochranton                              ,PA,41.520487,-80.057269,3.81566666
3728,PLAZA 23 TRUCK STOP,"I-787, EXIT 2",Albany,NY,42.6525,-73.7566,3.799
3737,JORDAN'S KWIK STOP #70,US-49,West Helena                             ,AR,34.549635,-90.654531,3.399
3745,PILOT TRAVEL CENTER #906-TOWN PUMP,"I-90, EXIT 408 & SR-78",Columbus,MT,45.626171,-109.257126,3.58066666
3759,EXXON,US-67 & SR-18,Newport,AR,35.598823,-91.257064,4.13233333
3767,SIMMONS TRAVEL CENTER,"I-95, EXIT 8 & US-301",Emporia,VA,36.685689,-77.562953,3.099
3772,Brake Time Corner Market,"I-25, EXIT 240",Burlington                              ,CO,39.310649,-102.258281,3.499
3774,SINCLAIR,"I-70, EXIT 438",Burlington                              ,CO,39.310649,-102.258281,3.889
3781,REATTA TRAVEL STOP,"I-76, EXIT 149 & SR-55/CR-81",Crook,CO,40.874743,-102.847174,3.38233333
3783,CIRCLE K #2744095,"I-25, EXIT 215",Denver,CO,39.840562,-105.007985,3.299
3794,SPEEDWAY #4701,"I-90, EXIT 73",Jackson,MN,43.645732,-94.993827,3.299
3817,FAST MARKET,"I-25, EXIT 158",Colorado Springs,CO,38.8335,-104.8206,3.159
3843,ONCUE EXPRESS #61,"I-35, EXIT 185 & US-77",Perry,OK,36.287468,-97.284175,3.21566666
3868,SHORE STOP #279,US-13,Greenwood,DE,38.817519,-75.593547,3.239
3868,SHORE STOP #279,US-13,Greenwood,DE,38.817519,-75.593547,3.259
3888,Fics Plaza,"I-90, EXIT 184",Deer Lodge                              ,MT,46.38807,-112.747589,3.519
3889,CIRCLE K #2701686,"I-75, EXIT 220",Bradenton,FL,27.502778,-82.513889,3.439
3907,SUNOCO,US-46 & SR-93,Palisades Park,NJ,40.846238,-73.995436,3.279
3908,SEMINOLE TRUCK STOP,"I-75, EXIT 354",Fort Lauderdale,FL,26.121561,-80.128778,3.699
3927,MICCOSUKEE SERVICE PLAZA,"I-75, EXIT 49 & SR-84",Fort Lauderdale                         ,FL,26.121561,-80.128778,3.66566666
3936,Uncle Petes Truck  Stop,"I-40, EXIT 239 & US-70/SR-26",Lebanon,TN,36.209792,-86.302367,2.989
3946,Fast Lane,US-24 & US-63,Moberly,MO,39.420239,-92.435793,3.469
3949,SUNSTOP #337,"I-10/SR-8, EXIT 303 & US-441",Lake City,FL,30.0949,-82.7117,3.699
3956,CIRCLE K #2707451,US-27/SR-25 & SR-70,Lake Placid,FL,27.294474,-81.364918,3.399
3964,SPEEDWAY #6604,"I-94, EXIT 66",Mattawan,MI,42.245069,-85.794281,3.489
3964,SPEEDWAY #6604,"I-94, EXIT 66",Mattawan,MI,42.245069,-85.794281,3.499
3970,EXXON - Pilot #1293,"I-30, EXIT 61",Garland,TX,32.922744,-96.624804,2.84233333
3973,LOVES TRAVEL STOP #205,"I-35 & I-44, EXIT 137",Oklahoma City,OK,35.3337,-97.4922,3.319
3974,LOVES TRAVEL STOP #201,I-40 EXIT 41,Elk City,OK,35.410359,-99.421086,3.12566666
3975,SUNSTOP #334,"I-10, EXIT 335 & SR-121",Macclenny,FL,30.273671,-82.132475,3.459
3979,PETRO GARY 369,"I-80 & I-94, EXIT 9",Gary,IN,41.593333,-87.346389,3.83066666
4006,MISSILE MART #1,US-167 & SR-7,El Dorado,AR,33.20735,-92.662856,3.499
4008,BALDWIN TRAVEL PLAZA,"I-94, EXIT 19 & US HWY 63",Baldwin                                 ,WI,44.9657,-92.365498,3.503
4025,BP,"I-85, EXIT 21  & US-178",Anderson,SC,34.526051,-82.630436,2.909
4035,PILOT TRAVEL CENTER #430,"I-40,  EXIT 84",Russellville,AR,35.284208,-93.131476,3.375
4035,PILOT TRAVEL CENTERS #430,"I-40,  EXIT 84",Russellville,AR,35.284208,-93.131476,3.399
4062,DUDLEYS TRUCK STOP RESTAURANT,US-220,Rocky Mount,VA,36.989101,-79.883959,3.299
4063,STUCKEY'S,"I-59, EXIT 67 & US-49",Hattiesburg,MS,31.314553,-89.306471,2.999
4080,SHELL DBA PILOT DEALER #874,US-41,Miami,FL,25.779,-80.1982,3.699
4080,PILOT TRAVEL CENTERS #874,US-41,Miami,FL,25.779,-80.1982,3.699
4101,E-Z MART #4411,HIGHWAY 69 & COBBLESTONE DR,Pryor,OK,36.292112,-95.312942,3.099
4113,ASAP GENERAL STORE #330,US-412/SR-15,Enid,OK,36.402842,-97.862257,3.08233333
4115,QUIKTRIP #707,"I-85 , EXIT 96",Atlanta,GA,33.749788,-84.31685,3.34066666
4119,JET FOOD STORE #82,US-441 & CR-13,Douglas,GA,31.497287,-82.846468,3.44066666
4156,PETRO STOPPING CENTER #305,"I-10, EXIT 582",San Antonio,TX,29.468525,-98.526352,3.20733333
4161,EL CHEAPO,I-95 & EXIT 76,Midway                                  ,GA,31.801803,-81.390897,3.52566666
4164,CIRCLE K #2723897,"I-75, EXIT 138",Thomasville,GA,30.8665,-83.9233,3.23566666
4169,TA KINGMAN TRAVEL CENTER,"I-40, EXIT 48 & US-93",Kingman,AZ,35.258379,-114.05689,3.899
4171,PETRO SERVE USA #11,US-2 & US-71,Bemidji,MN,47.488071,-94.848809,3.499
4172,FLYING J TRAVEL PLAZA #639,"I-90, EXIT 2",Post Falls,ID,47.720475,-116.935349,3.76233333
4187,FLYING J TRAVEL PLAZA #632,"I-75, EXIT 320",Resaca,GA,34.591996,-84.916251,3.29566666
4193,TIGER MART #63,"I-20, EXIT 454",Grand Prairie,TX,32.76488,-97.01121,3.599
4199,PWI #574,"I-70, EXIT 193/US-40",Bunker Hill,KS,38.835704,-98.678285,2.959
4204,PILOT TRAVEL CENTERS #415,"I-59, EXIT 4",Rising Fawn,GA,34.853491,-85.471078,3.859
4204,PILOT TRAVEL CENTER #415,"I-59, EXIT 4",Rising Fawn,GA,34.853491,-85.471078,3.819
4211,FLYING J #513,"I-15, EXIT 1",Jean,NV,35.854839,-115.469154,3.73233333
4220,KENNETT TRUCK STOP,"I-275, EXIT 16",Lawrenceburg                            ,IN,39.140123,-84.865819,3.424
4222,Circle K #4703906,"I-24, EXIT 24 & SR-49",Pleasant View,TN,36.378281,-87.03948,2.899
4223,TA PEMBROKE TRAVEL CENTER,"I-90, EXIT 48A",Corfu,NY,42.977734,-78.392906,3.939
4223,TA PEMBROKE TRAVEL CENTER,"I-90, EXIT 48A",Corfu,NY,42.977734,-78.392906,3.889
4223,TA PEMBROKE TRAVEL CENTER,"I-90, EXIT 48A",Corfu,NY,42.977734,-78.392906,3.829
4223,TA PEMBROKE TRAVEL CENTER,"I-90, EXIT 48A",Corfu,NY,42.977734,-78.392906,3.839
4227,LOVES TRAVEL STOP #203,"I-40, EXIT 140",Oklahoma City,OK,35.3337,-97.4922,3.35566666
4233,QUIKTRIP #7220,"I-20, EXIT 8",Shreveport,LA,32.503743,-93.748696,2.89233333
4239,SPEEDWAY #8256,"I-64, EXIT 94 & SR-1958 & US-60",Winchester,KY,37.987161,-84.178894,2.92233333
4241,EXXON,"I-285, EXIT 53",Conley,GA,33.644722,-84.325833,3.999
4267,CONOCO,US-30 & SR-41,Gap,PA,40.002018,-75.997801,3.799
4292,KUM & GO #0032,"I-80/US-6, EXIT 155 & SR-117",Colfax,IA,41.678785,-93.258816,3.08233333
4301,TIGER DISCOUNT TRUCKSTOP,"I-94, EXIT 64 & I-94 BUS",Dickinson,ND,46.887289,-102.787595,3.51566666
4311,Saveway Truck Plaza,"I-65, EXIT 164 & US-31",Hope Hull,AL,32.224256,-86.393189,3.139
4331,KWIK STOP C STORES,US-61/US-151,Dubuque,IA,42.514977,-90.681914,3.559
4332,PILOT TRAVEL CENTER #468,"I-57, EXIT 283 & US-24",Gilman,IL,40.767987,-87.993336,3.399
4332,PILOT TRAVEL CENTER #468,"I-57, EXIT 283 & US-24",Gilman,IL,40.767987,-87.993336,3.559
4332,PILOT TRAVEL CENTER #468,"I-57, EXIT 283 & US-24",Gilman,IL,40.767987,-87.993336,3.439
4332,PILOT TRAVEL CENTERS #468,"I-57, EXIT 283 & US-24",Gilman,IL,40.767987,-87.993336,3.459
4335,HIGHWAY 20  AUTO TRUCK PLAZA,US-20,Peosta,IA,42.443535,-90.809372,3.489
4339,ROAD RANGER #273,I-69E/US-77 & SR-107,Combes,TX,26.248333,-97.733611,3.049
4349,ROAD RANGER #144,"I-380, EXIT 68US-20, EXIT 68",Evansdale,IA,42.475453,-92.281158,3.729
4363,EL CHEAPO #4,"I-95, EXIT 87",Richmond Hill,GA,31.896152,-81.294026,3.09566666
4368,HOODS SERVICE CENTER,"I-44, EXIT 61",Bois D Arc,MO,37.221417,-93.544722,3.074
4372,GRADYS TRUCKSTOP,"I-16, EXIT 111",Pulaski                                 ,GA,32.39,-81.956944,3.46566666
4373,KUM & GO #0043,"I-35, EXIT 43 & SR-207/CRG76",New Virginia,IA,41.160063,-93.711312,3.114
4389,TAYLOR QUIK-PIK,"I-29, EXIT 75 & US-30",Missouri Valley,IA,41.564399,-95.891346,3.399
4395,BREAK TIME #3147,"I-55, EXIT 67 & US-62",Sikeston,MO,36.891111,-89.58197,3.499
4417,TA MORIARITY TRAVEL CENTER,"I-40, EXIT 194",Moriarty,NM,34.988878,-106.060871,3.21733333
4419,CASEYS #3081,"I-35, EXIT 92 & US-136",Bethany,MO,40.260055,-94.018863,3.06066666
4427,CASEYS #2654,"I-80/US-6, EXIT 93 & CR-P28",Stuart,IA,41.518643,-94.304563,3.099
4431,CASEYS #2653,"US-63 & US-30, EXIT 202",Toledo,IA,42.007696,-92.566206,3.349
4437,UNDERWOOD TRUCK STOP I 80,"I-80, EXIT 17",Underwood                               ,IA,41.360294,-95.626997,3.00066666
4441,PILOT TRAVEL CENTERS #51,"I-81 BAILEYTON RD, EXIT 36",Greeneville,TN,36.160807,-82.833136,3.56233333
4442,Minuteman Food Mart #58,US-74/US-76,Delco,NC,34.327419,-78.19169,3.50733333
4445,TA Rogers,"I-94/US-52, EXIT 207 & SR-101",Rogers,MN,45.171484,-93.581445,3.274
4446,LOVES TRAVEL STOP #200,I-40 EXIT 74,Amarillo,TX,35.203238,-101.842052,3.209
4451,PRAIRIE JUNCTION TRUCK STOP,"I-29, EXIT 109 & SR-34",Colman,SD,43.955761,-96.818882,3.099
4452,CASEYS #2867,US-63 & US-20,Waterloo,IA,42.477784,-92.366099,3.499
4458,KUM & GO #1443,"I-80, EXIT 216",Williamsburg,IA,41.639308,-92.024011,3.13066666
4460,EXIT 62 TRUCKSTOP,"I-71, EXIT 62 & US-127",Glencoe,KY,38.722946,-84.811552,3.16566666
4463,QUIKTRIP #7901,"I-20, EXIT 556 & US-69",Lindale,TX,32.517152,-95.429932,2.80733333
4482,FLYING J TRAVEL PLAZA #777,"I-84, EXIT 54(FEDERAL WAY)",Boise,ID,43.6136,-116.2025,3.809
4482,FLYING J FUEL STOP #777,"I-84, EXIT 54(FEDERAL WAY)",Boise,ID,43.6136,-116.2025,3.76566666
4492,3 MILE CORNER TRUCK STOP,US-2 & US-95,Bonners Ferry,ID,48.730642,-116.332178,3.734
4525,STINKER #42,US-12/US-95 & SR-128,Lewiston,ID,46.389457,-116.987714,3.69733333
4528,WENATCHEE VALLEY TRUCK STOP,US-97 ALT,Wenatchee,WA,47.425269,-120.327345,4.199
4528,WENATCHEE VALLEY TRUCK STOP,US-97 ALT,Wenatchee,WA,47.425269,-120.327345,4.119
4528,WENATCHEE VALLEY TRUCK STOP,US-97 ALT,Wenatchee,WA,47.425269,-120.327345,4.089
4533,SPEEDWAY #1449,"I-65, EXIT 262B",Birmingham                              ,AL,33.519,-86.8014,2.97566666
4544,BIG CHARLIES TRUCK PLAZA,"I-64, EXIT 282 & US-13",Virginia Beach,VA,36.8527,-75.9783,3.489
4555,PILOT TRAVEL CENTERS #406,"I-65, EXIT 22 & US-31A/SR-11",Cornersville,TN,35.34088,-86.82862,3.799
4560,FAST STOP TRAVEL CENTERS #1109,"I-15, EXIT 392",Plymouth,UT,41.875556,-112.143333,3.58233333
4563,PILOT TRAVEL CENTERS #299,"I-55/I-74/US-51, EXIT 160 & US-150/SR-9",Bloomington                             ,IL,40.478295,-88.989318,3.599
4563,PILOT TRAVEL CENTERS #299,"I-55/I-74/US-51, EXIT 160 & US-150/SR-9",Bloomington                             ,IL,40.478295,-88.989318,3.399
4563,PILOT TRAVEL CENTER #299,"I-55/I-74/US-51, EXIT 160 & US-150/SR-9",Bloomington                             ,IL,40.478295,-88.989318,3.399
4563,PILOT TRAVEL CENTERS #299,"I-55/I-74/US-51, EXIT 160 & US-150/SR-9",Bloomington                             ,IL,40.478295,-88.989318,3.499
4563,PILOT TRAVEL CENTER #299,"I-55/I-74/US-51, EXIT 160 & US-150/SR-9",Bloomington                             ,IL,40.478295,-88.989318,3.499
4563,PILOT TRAVEL CENTER #299,"I-55/I-74/US-51, EXIT 160 & US-150/SR-9",Bloomington                             ,IL,40.478295,-88.989318,3.599
4568,ONVO TRAVEL PLAZA,"I-90, EXIT 28",Fultonville,NY,42.903601,-74.359765,3.199
4568,ONVO TRAVEL PLAZA,"I-90, EXIT 28",Fultonville,NY,42.903601,-74.359765,3.159
4569,METROPOLIS TRUCK STOP,"I-24, EXIT 37 & US-45",Metropolis,IL,37.175348,-88.725179,3.599
4574,Circle K #4701432,"I-74, EXIT 174",Mahomet,IL,40.196437,-88.39283,3.669
4582,BIG CHIEF TRUCK STOP,"I-94/US-52, EXIT 61 & US-59/CR-82",Fergus Falls,MN,46.289723,-96.064338,3.23566666
4605,PILOT DEALER #898 SADLERS TRUCK STOP,"I-95, EXIT 11B & US-58",Emporia,VA,36.685689,-77.562953,3.799
4618,OUTPOST TRAVEL CENTER,"I-20, EXIT 5 & US-80",Greenwood,LA,32.424025,-93.969252,2.899
4620,PILOT TRAVEL CENTERS #95,"I-75, EXIT 329 & SR-44",Wildwood                                ,FL,28.845353,-82.03473,3.22566666
4620,PILOT TRAVEL CENTER #95,"I-75, EXIT 329 & SR-44",Wildwood                                ,FL,28.845353,-82.03473,3.319
4622,TA LEE HI TRAVEL PLAZA,"I-81,  EXIT 195",Lexington,VA,37.788463,-79.458111,3.659
4628,QUARLES #4601,US-29/US-17/US-15,Warrenton,VA,38.7063,-77.8159,3.32233333
4637,THORNTONS #369 DBA PILOT TRAVEL CENTER #514,"I-55, EXIT 126 & SR-10",Lincoln                                 ,IL,40.14508,-89.368376,3.399
4637,THORNTONS #369 DBA PILOT TRAVEL CENTER #514,"I-55, EXIT 126 & SR-10",Lincoln                                 ,IL,40.14508,-89.368376,3.499
4637,PILOT TRAVEL CENTER #514 - THORNTONS #369,"I-55, EXIT 126 & SR-10",Lincoln                                 ,IL,40.14508,-89.368376,3.499
4637,PILOT TRAVEL CENTER #514 - THORNTONS #369,"I-55, EXIT 126 & SR-10",Lincoln                                 ,IL,40.14508,-89.368376,3.399
4642,MARSHAL JUNCTION,"I-70, EXIT 147 & SR-1",Marshall                                ,IL,39.421999,-87.692261,3.199
4642,MARSHAL JUNCTION,"I-70, EXIT 147 & SR-1",Marshall                                ,IL,39.421999,-87.692261,3.399
4644,CIRCLE K #4706703,"I-80, EXIT 145A",Mokena,IL,41.53421,-87.891121,3.399
4644,CIRCLE K #4706703,"I-80, EXIT 145A",Mokena,IL,41.53421,-87.891121,3.339
4654,7-ELEVEN #35087,"I-490, EXIT 2 & SR-33 & SR-19",Bergen,NY,43.086937,-77.96033,4.029
4655,QUICKLEES TRAVEL CENTER,"I-86, EXIT 30 & CR-20",Belmont,NY,42.233409,-78.01103,3.999
4690,PWI #401,"I-20 & I-30, EXIT 1B",Aledo,TX,32.700351,-97.603885,2.799
4700,A C TRUCKSTOP,"I-80, EXIT 290",Laramie                                 ,WY,41.312907,-105.581146,3.079
4704,THE RIDGE,"I-68/US-219, EXIT 14 & US-40",Accident,MD,39.635504,-79.308467,4.199
4707,SMITHTON TRUCKSTOP,"I-70, EXIT 39 & SR-3059",Smithton,PA,40.144267,-79.731277,3.899
4729,MINIT MART #600244,"I-70, EXIT 131",Straughn,IN,39.831946,-85.272406,3.859
4742,FLYING J TRAVEL PLAZA #684,"I-94, EXIT 1 & SR-16",Beach,ND,46.932381,-103.98429,3.96566666
4750,BROOKE TRAVEL PLAZA,"I-80, EXIT 259",West Liberty,IA,41.570055,-91.266847,2.98733333
4762,TA MONROE TRAVEL CENTER,"I-75, EXIT 15",Monroe,MI,41.92751,-83.404848,3.349
4762,TA MONROE TRAVEL CENTER,"I-75, EXIT 15",Monroe,MI,41.92751,-83.404848,3.249
4762,TA MONROE TRAVEL CENTER,"I-75, EXIT 15",Monroe,MI,41.92751,-83.404848,3.369
4762,TA MONROE TRAVEL CENTER,"I-75, EXIT 15",Monroe,MI,41.92751,-83.404848,3.299
4806,TRACK AND TRAVEL,"I-20, EXIT 406",Weatherford,TX,32.8435,-97.7047,2.91733333
4818,PILOT TRAVEL CENTER #350,"I-84 & US-20, EXIT 95",Mountain Home,ID,43.139223,-115.696334,3.799
4818,PILOT TRAVEL CENTERS #350,"I-84 & US-20, EXIT 95",Mountain Home,ID,43.139223,-115.696334,3.759
4819,Alta Convenience #6333,"I-25, EXIT 11",Trinidad,CO,37.175475,-104.500715,3.399
4826,I-20 Truck Stop,"I-20, EXIT 165",Lincoln,AL,33.605913,-86.111152,2.999
4827,PETRO BEAUMONT #304,"I-10, EXIT 848",Beaumont,TX,30.068805,-94.103896,3.33066666
4837,SHELL,US-10 & SR-210,Motley,MN,46.321568,-94.628086,3.399
4856,PILOT TRAVEL CENTER #910- TOWN PUMP,"I-90, EXIT 274 & US-287",Three Forks,MT,45.881068,-111.543643,3.59733333
4858,PILOT TRAVEL CENTER #1346,"I-135, EXIT 31",Newton,KS,38.045067,-97.343457,3.3115
4858,PILOT DEALER #1346,"I-135, EXIT 31",Newton,KS,38.045067,-97.343457,3.409
4860,PILOT TRAVEL CENTER #476,"I-74, EXIT 32 & SR-17",Woodhull,IL,41.184887,-90.283282,3.899
4860,PILOT TRAVEL CENTERS #476,"I-74, EXIT 32 & SR-17",Woodhull,IL,41.184887,-90.283282,3.899
4872,TA COMMERCE TRAVEL CENTER,"I-85, EXIT 149 & US-441",Commerce,GA,34.2216,-83.3874,3.21566666
4874,PWI #110,"I-20, EXIT 112 & FM-1936",Odessa,TX,31.8465,-102.3663,3.049
4878,SHELL DBA ONE9 #1426,"I-84, EXIT 35",Nampa                                   ,ID,43.58342,-116.584818,3.374
4881,PETRO STOPPING CENTER #14,"I-295, EXIT 56",Bordentown,NJ,40.143141,-74.703249,4.029
4885,LOVES TRAVEL STOP #384,"I-70, EXIT 45",Greenville,IL,38.893338,-89.405185,3.689
4885,LOVES TRAVEL STOP #384,"I-70, EXIT 45",Greenville,IL,38.893338,-89.405185,3.749
4885,LOVES TRAVEL STOP #384,"I-70, EXIT 45",Greenville,IL,38.893338,-89.405185,3.689
4885,LOVES TRAVEL STOP #384,"I-70, EXIT 45",Greenville,IL,38.893338,-89.405185,3.689
4885,LOVES TRAVEL STOP #384,"I-70, EXIT 45",Greenville,IL,38.893338,-89.405185,3.689
4885,LOVES TRAVEL STOP #384,"I-70, EXIT 45",Greenville,IL,38.893338,-89.405185,3.749
4887,SUNOCO,"I-80 & I-90, EXIT 3",Wauseon                                 ,OH,41.566796,-84.153745,3.699
4894,CLOVERDALE TRAVEL PLAZA,"I-70, EXIT 41 & US-231",Cloverdale,IN,39.543442,-86.814021,3.699
4905,HY-MILER #2204,SR-250,Sandusky,OH,41.434878,-82.70633,3.53233333
4909,CIRCLE K #2723916,US-441/US-301/US/27/SR-500,Ocala,FL,29.1981,-82.0974,3.459
4910,PILOT TRAVEL CENTER #892,"I-70 EXIT 164, & US-50",Green River,UT,39.000243,-110.159817,3.68566666
4918,PILOT TRAVEL CENTERS #219,"I-40, EXIT 398",Knoxville,TN,35.9609,-83.9189,3.699
4920,TA LAPLACE,"I-10, EXIT 209 & US-5",La Place,LA,30.077718,-90.489544,3.22733333
4921,PILOT TRAVEL CENTERS #231,"I-75, EXIT 29",Corbin,KY,36.934429,-84.10208,3.609
4927,CIRCLE K #2704886,"I-65, EXIT 205 & US-31/SR-22",Clanton,AL,32.835532,-86.642472,3.20733333
4933,VILLAGE TRUCK STOP,"I-81, EXIT 18",Rural Retreat                           ,VA,36.883616,-81.287872,3.299
4977,KWIK TRIP #331,SR-54,Wisconsin Rapids,WI,44.375803,-89.806229,3.26233333
4981,JOHNNYS MARKET,"I-94, EXIT 110 & US-27",Marshall,MI,42.272047,-84.95828,3.499
4983,KWIK TRIP #603,"I-94, EXIT 28 & SR-128",Wilson,WI,44.94658,-92.196538,3.549
4996,ZIP TRIP #54,"I-90, EXIT 452",Billings,MT,45.774489,-108.500452,3.59066666
5003,TRAILWAY TRUCK STOP,US-301/SR-304,Centreville                             ,MD,39.056423,-76.044975,3.259
5006,SUNOCO,US-1/US-9,Linden,NJ,40.635366,-74.255567,3.799
5024,I 55 MOTOR PLAZA,"I-55,  EXIT 180",Pevely,MO,38.279911,-90.411075,2.99066666
5030,YESWAY #1030,US-63 & E MARY ST,Ottumwa,IA,41.015099,-92.413428,3.399
5044,TA MOUNT VERNON TRAVEL CENTER,"I-44, EXIT 46 & SR-39/SR265",Mount Vernon,MO,37.104466,-93.797632,3.409
5050,ROCK PORT TRUCK PLAZA,"I-29 & US-136, EXIT 110",Rock Port,MO,40.430581,-95.527403,3.099
5056,TREX MART #16,"I-35, EXIT, 61 & US-69",Winston,MO,39.84995,-94.148747,3.119
5057,PHILLIPS 66,"I-35, EXIT 54 & I-35 BUS/US-36",Cameron,MO,39.730892,-94.243723,3.099
5060,CRAZY FREDS TRUCK SHOP,"I-40, EXIT 44 & US-66",Kingman,AZ,35.258379,-114.05689,3.539
5064,CLARK OIL #44,"I-59, EXIT 97",Laurel                                  ,MS,31.705444,-89.131155,2.879
5079,FASTLANE TAYLOR 63,US-61 & SR-6,Taylor,MO,39.914486,-91.527834,3.01566666
5085,K AN T TRUCKSTOP,"I-79, EXIT 137 & SR-310",Fairmont,WV,39.472677,-80.146041,3.399
5111,CIRCLE K #2723385,"I-59, EXIT 67 & US-49/SR-42",Hattiesburg,MS,31.314553,-89.306471,3.149
5117,CIRCLE K #4702361,"I-65, EXIT 130 & SR-334",Whitestown,IN,40.00002,-86.350716,3.29233333
5128,CASEYS #2769,"I-80, EXIT 220 & SR-149",Williamsburg,IA,41.639308,-92.024011,3.14233333
5131,TRAILS END TRUCK STOP,"I-29, EXIT 110 & US-136",Rock Port,MO,40.430581,-95.527403,3.40566666
5132,Travel Centers of America,"I-44, EXIT 208 & SR-19",Cuba,MO,38.092553,-91.40814,3.26566666
5160,FUEL MART #727,"I-70, EXIT 193",Quaker City                             ,OH,39.986576,-81.289883,3.16566666
5163,Blue Sky #733,"US-78, EXIT 81 & SR-178",Belden,MS,34.278663,-88.816011,2.939
5165,ONE9 #046,"I-65, EXIT 6 & SR-100",Franklin,KY,36.725353,-86.570043,3.08566666
5167,SPEEDWAY #7575,"I-65, EXIT 255",Hobart,IN,41.526281,-87.252499,3.63233333
5170,FLYING J #516,"I-76, EXIT 161 & I-70",Breezewood,PA,39.990521,-78.245271,5.099
5183,PETRO STOPPING CENTER #74,I-95 & EXIT 106,Kenly,NC,35.607742,-78.138227,3.709
5191,NORTH POINT PLAZA,"I-90 & I-94, EXIT 115",Poynette,WI,43.401342,-89.418857,3.17233333
5202,Chevron #306185,US-30,Montpelier,ID,42.35199,-111.31946,3.699
5203,OASIS TRAVEL CENTER,"I-10, EXIT 53",Robertsdale,AL,30.561608,-87.637268,3.469
5207,JJ TRAVEL PLAZA,"I-70, EXIT 70 & US-83",Oakley,KS,39.112102,-100.858048,3.61566666
5227,PILOT TRAVEL CENTERS #900,"I-95, EXIT 75",Dunn,NC,35.316511,-78.615079,3.709
5230,ONE9 #496,"I-80, EXIT 265",Atalissa,IA,41.561443,-91.174764,3.01566666
5232,CM EUNICE,US-190,Eunice,LA,30.51158,-92.398474,3.399
5234,SINCLAIR,SR-37,Monett,MO,36.921242,-93.925766,3.29066666
5236,FLYING J #875,"I-95,  EXIT 109",Elkton,MD,39.626434,-75.84584,4.199
5245,CASEYS #3842,US-36 & US-283,Norton,KS,39.840706,-99.887832,3.15733333
5247,EDGERTON TRAVEL PLAZA,"I-90, EXIT 160 & US-51",Edgerton,WI,42.838605,-89.064157,3.199
5249,Taylor's Stateline Travel Center,US-67 & SR-278,Neelyville,MO,36.571005,-90.499491,2.999
5254,TA CANDLER TRAVEL CENTER,"I-40, EXIT 37",Candler,NC,35.537626,-82.700081,3.799
5255,7-ELEVEN #35788,"I-35, EXIT 215",Olathe,KS,38.8822,-94.8178,3.339
5258,PT TRUCK STOP,"I-12, EXIT 42",Hammond                                 ,LA,30.51908,-90.487856,3.249
5282,CASEYS #3548,US-54 & US-61,Pratt,KS,37.650219,-98.73003,3.14066666
5285,TULLO TRUCK STOP,"I-95, EXIT 15E & US-1/US-9",Kearny,NJ,40.76466,-74.147108,3.799
5297,ERNIES TRUCK STOP,"I-90,  EXIT 179 & I-90 BUS/SR-17",Moses Lake,WA,47.137363,-119.289149,3.999
5297,ERNIES TRUCK STOP,"I-90,  EXIT 179 & I-90 BUS/SR-17",Moses Lake,WA,47.137363,-119.289149,3.949
5297,ERNIES TRUCK STOP,"I-90,  EXIT 179 & I-90 BUS/SR-17",Moses Lake,WA,47.137363,-119.289149,4.179
5299,Sudden Service #62,"I-65, EXIT 6 & SR-100",Franklin,KY,36.725353,-86.570043,3.084
5302,ONE9 #258,"I-81, EXIT 150 & US-220 ALT & US-11",Troutville,VA,37.401855,-79.878636,3.03233333
5306,PILOT TRAVEL CENTERS #11,"I-76, EXIT 232",North Lima                              ,OH,40.964866,-80.654911,3.799
5309,NEWBORN TRUCK STOP,I-20 EXIT 5,Tallapoosa,GA,33.760174,-85.300047,3.40733333
5310,FLYING J #576,"I-35, EXIT 69",Northfield,MN,44.458724,-93.166826,3.859
5324,HY-MILER #2245,SR-53,Fremont,OH,41.349792,-83.118095,3.38233333
5341,KWIK STAR #1160,"US-75, EXIT 118 & SR-3",Le Mars,IA,42.79623,-96.170386,3.299
5349,JET FOOD STORE #17,US-1/SR=4/SR-540 & US-220/SR-47,Wrens,GA,33.210397,-82.380962,3.41566666
5363,SPEEDWAY #6767,"I-75, EXIT 20",Manheim,PA,40.170229,-76.416794,4.499
5389,FLYING J TRAVEL PLAZA #744,"I-15, EXIT 343",Ogden,UT,41.2443,-112.0072,3.749
5391,PWI #605,"I-10, EXIT 378",San Simon,AZ,32.208167,-109.367152,2.959
5399,FLYING J TRAVEL PLAZA #750,"I-81 & I-77, EXIT 80",Max Meadows,VA,36.91708,-80.921391,3.549
5407,CASEYS #4535,US 81,Concordia                               ,KS,39.559427,-97.662735,2.91233333
5414,One9 #1216,"I-10 ,EXIT 200 & SR-84",Eloy,AZ,32.750929,-111.583275,3.199
5414,Pride Travel Center dba One9 #1216,"I-10 ,EXIT 200 & SR-84",Eloy,AZ,32.750929,-111.583275,3.199
5419,USA TRAVEL CENTER,"I-40, EXIT 48 & US-93",Kingman,AZ,35.258379,-114.05689,3.399
5422,K AND H TRUCK PLAZA,"I-57, EXIT 283 & US-24",Gilman,IL,40.767987,-87.993336,3.159
5422,K AND H TRUCK PLAZA,"I-57, EXIT 283 & US-24",Gilman,IL,40.767987,-87.993336,3.099
5424,WK TRUCK STOP,"US-231 & SR-9001, EXIT 75",Beaver Dam,KY,37.386958,-86.872932,3.399
5435,MEADE AUTO AND TRUCK PLAZA,US-54,Meade                                   ,KS,37.282137,-100.336378,3.799
5436,PARKWAY MARATHON,"US-79, EXIT 94",Caneyville,KY,37.422168,-86.470207,3.73233333
5446,PETRO STOPPING CENTER #308,"I-20, EXIT 8 & SR-526",Shreveport,LA,32.503743,-93.748696,3.17566666
5462,BOOZER KWIK STOP,"I-15, EXIT 118",Idaho Falls                             ,ID,43.517679,-111.990626,3.44733333
5464,PILOT TRAVEL CENTERS #48,"I-65, EXIT 86",Glendale,KY,37.603398,-85.892101,3.609
5474,One9 #88,"I-95/SR-9, EXIT 201 & SR-520",Cocoa,FL,28.367183,-80.746455,3.37566666
5477,CHEVRON #383766,"I-5, EXIT 216",Halsey,OR,44.386151,-123.125103,3.099
5479,PILOT TRAVEL CENTERS #94,"I-75, EXIT 161",Punta Gorda,FL,26.915163,-82.053166,3.799
5479,PILOT TRAVEL CENTER #94,"I-75, EXIT 161",Punta Gorda,FL,26.915163,-82.053166,3.799
5491,49ER FUEL CENTER,"I-75, EXIT 49",East Bernstadt                          ,KY,37.190779,-84.145676,2.999
5492,BFS FOODS #68,"I-70, EXIT 3",Hancock                                 ,MD,39.699083,-78.176246,4.129
5522,ONE9 #301,"I-55,  EXIT 40",Marston,MO,36.508448,-89.628819,3.109
5523,TA LIMON TRAVEL CENTER,"I-70, EXIT 359 & US-24",Limon,CO,39.263889,-103.691667,3.92066666
5529,FLYING J #549,"I-77, EXIT 100 & 101",Mount Airy,NC,36.500739,-80.611871,3.599
5537,HUCKS TRAVEL CENTER #51 DBA FLYING J #889,"I-57/I-64, EXIT 95 & SR-15",Mount Vernon,IL,38.317014,-88.910525,3.459
5537,HUCKS TRAVEL CENTER #51 dba FLYING J #889,"I-57/I-64, EXIT 95 & SR-15",Mount Vernon,IL,38.317014,-88.910525,3.499
5537,HUCKS TRAVEL CENTER #51 DBA FLYING J #889,"I-57/I-64, EXIT 95 & SR-15",Mount Vernon,IL,38.317014,-88.910525,3.359
5537,HUCKS TRAVEL CENTER #51 DBA FLYING J #889,"I-57/I-64, EXIT 95 & SR-15",Mount Vernon,IL,38.317014,-88.910525,3.599
5537,HUCKS TRAVEL CENTER #51 dba FLYING J #889,"I-57/I-64, EXIT 95 & SR-15",Mount Vernon,IL,38.317014,-88.910525,3.399
5554,Southfork TRUCK STOP,"I-30, EXIT 63 & SR-53",Gurdon,AR,33.912493,-93.141691,3.459
5560,MIDWAY TRAVEL PLAZA,I-70 EXIT 121 & US-40,Columbia,MO,38.938176,-92.304865,3.539
5569,TA EXPRESS NORWOOD #0450,US-60,Norwood,MO,37.068696,-92.408209,3.449
5570,PETRO STOPPING CENTER #310,"I-12, EXIT 40 & US-51 BUS",Hammond,LA,30.51908,-90.487856,3.249
5579,SAPP BROS TRAVEL CENTER,US-30,Columbus,NE,41.437225,-97.356469,3.219
5592,TA COLUMBIA NORTH,"I-20, EXIT 71 & US-21",Columbia,SC,34.072613,-81.179617,3.439
5597,CM LAKE CHARLES FUEL STOP 36,"I-10, EXIT 36 & SR-397",Lake Charles,LA,30.228453,-93.187966,3.299
5601,BP,"I-24, EXIT 16",Paducah,KY,37.063377,-88.663204,3.429
5603,TA NORTH CANTON TRAVEL CENTER,"I-77, EXIT 111",North Canton,OH,40.889919,-81.413464,3.624
5606,FLYING J #511,"I-94, EXIT 147",Mandan,ND,46.830649,-100.909175,3.95233333
5607,RICE MART,"I-45 & FM 1603, EXIT 238",Rice,TX,32.225788,-96.460613,3.019
5608,SHOP A LOTT  #3,US-84 & US-171,Mansfield                               ,LA,32.023863,-93.698045,3.13566666
5613,CHEVRON #381108,"I-82, EXIT 36",Yakima,WA,46.606991,-120.477336,3.999
5618,MCCLURE OIL #52,"I-65/US-52, EXIT 140 & SR-32",Lebanon                                 ,IN,40.044894,-86.464074,3.584
5649,Fast Stop,"I-10, EXIT 182 & SR-22",Sorrento                                ,LA,30.185388,-90.86314,3.699
5651,LOVES TRAVEL STOP #303,"I-64, EXIT 43 & SR-395",Waddy,KY,38.105445,-85.12883,3.749
5659,TEX-BEST #526,US-59 & US-281,George West,TX,28.320388,-98.116159,3.299
5660,Pride Convenience Store,"I-90, EXIT 51 & I-291",Chicopee,MA,42.162046,-72.607962,3.509
5661,TA Express #287,"I-40, EXIT 288 & SR-111",Cookeville,TN,36.174261,-85.49531,3.299
5667,PILOT TRAVEL CENTERS #393,"I-40, EXIT 24 & SR-209",Waynesville                             ,NC,35.488611,-82.988889,3.759
5669,KWIK TRIP #497,I-90 EXIT 266 & CR-12,Dakota,MN,43.914806,-91.39404,3.474
5670,TA MOUNT VERNON TRAVEL CENTER,"I-57 & I-64, EXIT 95",Mount Vernon,IL,38.317014,-88.910525,3.449
5670,TA MOUNT VERNON TRAVEL CENTER,"I-57 & I-64, EXIT 95",Mount Vernon,IL,38.317014,-88.910525,3.499
5670,TA MOUNT VERNON TRAVEL CENTER,"I-57 & I-64, EXIT 95",Mount Vernon,IL,38.317014,-88.910525,3.539
5674,TA MADISON TRAVEL CENTER,"I-20, EXIT 114 & US-441",Madison,GA,33.594681,-83.461781,3.89066666
5677,YESWAY #1178,CR-13,Kadoka,SD,43.84457,-101.552272,3.189
5691,Pilot Travel Center #666,"I-94, EXIT 30",Benton Harbor,MI,42.108594,-86.423417,3.059
5700,BEACON & BRIDGE #18,US-131 BUS,Big Rapids,MI,43.689679,-85.479705,3.559
5700,BEACON & BRIDGE #18,US-131 BUS,Big Rapids,MI,43.689679,-85.479705,3.319
5700,BEACON & BRIDGE #18,US-131 BUS,Big Rapids,MI,43.689679,-85.479705,3.339
5718,TOOT N TOTUM #104,US-287,Dalhart,TX,36.073183,-102.517658,3.199
5721,TA BALTIMORE SOUTH TRAVEL CENTER,"I-95, EXIT 41A & SR-175 & US-1",Jessup,MD,39.148399,-76.792239,4.599
5729,MENOMONIE FARMERS UNION,"I-94, EXIT 45 & CR-B",Menomonie,WI,44.87182,-91.92651,3.649
5730,SCOTTS QUICK STOP,SR-53 & SR-46,Marlette,MI,43.339882,-83.057253,3.399
5739,PILOT TRAVEL CENTERS #284,"I-75, EXIT 18",Monroe                                  ,MI,41.92751,-83.404848,3.399
5739,PILOT TRAVEL CENTERS #284,"I-75, EXIT 18",Monroe                                  ,MI,41.92751,-83.404848,3.299
5739,PILOT TRAVEL CENTERS #284,"I-75, EXIT 18",Monroe                                  ,MI,41.92751,-83.404848,3.559
5739,PILOT TRAVEL CENTERS #284,"I-75, EXIT 18",Monroe                                  ,MI,41.92751,-83.404848,3.249
5739,PILOT TRAVEL CENTERS #284,"I-75, EXIT 18",Monroe                                  ,MI,41.92751,-83.404848,3.439
5751,TA LAKE PARK TRAVEL CENTER,"I-75,  EXIT 2",Lake Park,GA,30.690615,-83.175293,3.31566666
5754,ROAD TRIP OASIS PERRY,"I-69, EXIT 105 & SR-52",Perry,MI,42.820012,-84.231346,3.799
5754,ROAD TRIP OASIS PERRY,"I-69, EXIT 105 & SR-52",Perry,MI,42.820012,-84.231346,3.699
5758,SPEEDY Q MARKET #8206,"I-94, EXIT 274",Port Huron                              ,MI,42.995843,-82.459938,3.899
5770,Kwik Trip # 1281,"I-43, EXIT 107",Belgium                                 ,WI,43.499465,-87.850908,3.25566666
5771,DUNES AUTO TRUCK PLAZA,"I-94, EXIT 12",Sawyer,MI,41.882866,-86.588508,3.499
5771,DUNES AUTO TRUCK PLAZA,"I-94, EXIT 12",Sawyer,MI,41.882866,-86.588508,3.599
5774,PJ TRAVEL PLAZA,"I-80, EXIT 192 & SR-880",Loganton,PA,41.028317,-77.320397,3.479
5780,BILLS TRUCKSTOP,"I-85, EXIT 86                 ",Linwood                                 ,NC,35.75623,-80.374895,3.449
5799,STAPLES OIL,"I-90, EXIT 146",Alden,MN,43.646586,-93.582307,3.299
5801,TA WYTHEVILLE TRAVEL CENTER,"I-81, EXIT 72 & I-77, EXIT 41",Wytheville,VA,36.940669,-81.094082,3.519
5821,TA PORTLAND TRAVEL CENTER,"I-5,  EXIT 278",Aurora,OR,45.228432,-122.803881,4.03233333
5823,ENMARKET #863,"I-95, EXIT 8 & SR-88",Hardeeville,SC,32.263512,-81.066865,3.08233333
5830,115 TRUCKSTOP #5001,"I-94, EXIT 115",Marshall,MI,42.272047,-84.95828,3.429
5830,115 TRUCKSTOP #5001,"I-94, EXIT 115",Marshall,MI,42.272047,-84.95828,3.499
5830,115 TRUCKSTOP #5001,"I-94, EXIT 115",Marshall,MI,42.272047,-84.95828,3.589
5842,PETRO STOPPING CENTER #6367,"I-57,  EXIT 335",Monee,IL,41.419133,-87.77484,3.459
5842,PETRO STOPPING CENTER #6367,"I-57,  EXIT 335",Monee,IL,41.419133,-87.77484,3.499
5842,PETRO STOPPING CENTER #6367,"I-57,  EXIT 335",Monee,IL,41.419133,-87.77484,3.399
5860,SPEEDWAY #4610,"I-35, EXIT 59 & SR-21",Faribault,MN,44.294457,-93.28179,3.759
5873,SOUTHERN VALLEY COOP,ST 14 BYPASS,Mankato                                 ,MN,44.153809,-93.996044,3.499
5901,ROTHSAY TRUCK STOP,"I-94, EXIT 38",Rothsay,MN,46.509412,-96.288726,3.209
5903,Circle K #2746447,I-94/US-52 EXIT 127 & US-71/SR-28,Sauk Centre,MN,45.728079,-94.968166,3.189
5907,SPEEDWAY #4035,CR-101,Shakopee,MN,44.7793,-93.519748,3.599
5909,SINCLAIR,"I-90, EXIT 233",Saint Charles,MN,43.958481,-92.051738,3.529
5927,HARRISONBURG TRAVEL CENTER,"I-81,  EXIT 243 & US-11",Harrisonburg,VA,38.448864,-78.871438,2.899
5935,WESTHAMPTON VALERO,I-295 EXIT 47A,Mount Holly                             ,NJ,39.993028,-74.795522,3.329
5942,EXPRESS MART TRUCK STOP,"I-55, EXIT 185 & US-67/US-61",Barnhart,MO,38.338425,-90.41417,2.99733333
5944,LAKE MILLS TRAVEL PLAZA,"I-94, EXIT 259 & SR- 89/CR-G",Lake Mills,WI,43.081576,-88.913335,3.36066666
5946,PILOT TRAVEL CENTERS #918,I-90 EXIT 55,Rapid City,SD,44.077041,-103.200259,3.999
5949,EXXON,US-59 & LOOP 151,Texarkana                               ,TX,33.407371,-94.118245,3.16566666
5951,ROAD RANGER #157,I-64 EXIT 41,Okawville,IL,38.431862,-89.523045,3.799
5963,OZONA ONE STOP,"I-10, EXIT 372",Ozona                                   ,TX,30.716369,-101.238802,2.98233333
5965,TRUCK TOWNE,I-29 EXIT 47 & SR-46,Beresford                               ,SD,43.087409,-96.781256,3.159
5971,WACO TRAVEL CENTER,SR-19,Perry,FL,30.097489,-83.585021,3.699
5979,TA LAFAYETTE TRAVEL CENTER,"I-10 & SR-182, EXIT 101",Lafayette,LA,30.236141,-92.008261,3.134
5980,THRIFT MART TRUCK PLAZA,"I-85/US-460, EXIT 63A & US-1/US-460 BUS",Petersburg,VA,37.220001,-77.432594,3.199
5990,360 TRUCK STOP,US-360,Amelia Court House,VA,37.35017,-77.955177,3.599
5996,Fast Stop Travel Centers #1134,"I-80/US-30, EXIT 99 & US-191/SR-373",Rock Springs,WY,41.605957,-109.230047,3.499
5999,PILOT TRAVEL STOP #492,"I-30, EXIT 78 & SR-7",Arkadelphia,AR,34.11525,-93.068989,3.559
5999,PILOT TRAVEL CENTER #492,"I-30, EXIT 78 & SR-7",Arkadelphia,AR,34.11525,-93.068989,3.499
6001,ALLSUPS #2392,US-70 & US-285,Roswell,NM,33.388504,-104.525857,3.199
6009,CASEYS #2652,US-65 & US-36,Chillicothe,MO,39.796569,-93.550887,3.289
6010,SEGOVIA TRUCK STOP,"I-10, EXIT 465",Junction,TX,30.47544,-99.74731,2.999
6018,TA BLOOMINGTON TRAVEL CENTER,"I-55, I-74 & I-39 , EXIT 160",Bloomington,IL,40.478295,-88.989318,3.619
6018,TA BLOOMINGTON TRAVEL CENTER,"I-55, I-74 & I-39 , EXIT 160",Bloomington,IL,40.478295,-88.989318,3.649
6018,TA BLOOMINGTON TRAVEL CENTER,"I-55, I-74 & I-39 , EXIT 160",Bloomington,IL,40.478295,-88.989318,3.599
6018,TA BLOOMINGTON TRAVEL CENTER,"I-55, I-74 & I-39 , EXIT 160",Bloomington,IL,40.478295,-88.989318,3.449
6018,TA BLOOMINGTON TRAVEL CENTER,"I-55, I-74 & I-39 , EXIT 160",Bloomington,IL,40.478295,-88.989318,3.539
6033,EMERY'S,US-54,Deerfield,MO,37.82109,-94.484845,3.349
6037,CRYSTAL OIL,"I-129/US-20/US-75,  EXIT 2",South Sioux City,NE,42.465615,-96.418161,3.549
6041,COCKERHAM FUEL CENTER #4,"I-77, EXIT 14 & US-58/US-221",Hillsville,VA,36.744225,-80.71973,3.28233333
6047,FAST LANE #26,US-61,Eolia,MO,39.243097,-91.009322,3.099
6051,CIRCLE K #2709846,"I-25, EXIT 240",Longmont,CO,40.177921,-105.10095,3.05733333
6057,PILOT TRAVEL CENTER #903,"I-70/US-40, EXIT 252",Salina,KS,38.823802,-97.608787,3.759
6057,PILOT TRAVEL CENTERS #903,"I-70/US-40, EXIT 252",Salina,KS,38.823802,-97.608787,3.779
6058,MOTOR INN AUTO TRUCK STOP,I-75 EXIT 110,Mendon,OH,40.677737,-84.51515,3.199
6068,AYERCO #24,US-61 & CR MM,Hannibal,MO,39.70636,-91.38387,3.099
6082,Palmetto Truck Plaza,US-27/SR-25 & SR-826,Hialeah,FL,25.905,-80.3049,3.399
6083,BP,"I-35, EXIT 33",Holt                                    ,MO,39.428867,-94.368876,3.049
6087,BREAK TIME #3173,US-54 & CR-HH,Fulton,MO,38.851821,-91.96055,3.299
6093,ONE9 #901,"I-80 & US-183, EXIT 257",Elm Creek,NE,40.730079,-99.372786,2.96566666
6096,Waverly Travel Center,US-23,Waverly                                 ,OH,39.126445,-83.004874,3.41566666
6097,SAPP BROS TRAVEL CENTER,"I-80, EXIT 263",Elm Creek,NE,40.730079,-99.372786,3.18733333
6106,TA HUNTINGTON,"I-84, EXIT 353",Huntington,OR,44.381113,-117.309691,3.639
6111,HAWGS EXXON,US-167/SR-25,Batesville                              ,AR,35.782614,-91.63519,3.359
6150,CIRCLE K #2723707,"I-81,  EXIT 150",Troutville,VA,37.401855,-79.878636,3.06566666
6154,TA MOBILE TRAVEL CENTER,"I-10,  EXIT 4",Grand Bay,AL,30.498288,-88.32825,3.13566666
6164,PILOT TRAVEL CENTER #268,"I-80/US-6, EXIT 284",Walcott,IA,41.645309,-90.725603,3.859
6164,PILOT TRAVEL CENTERS #268,"I-80/US-6, EXIT 284",Walcott,IA,41.645309,-90.725603,3.88566666
6165,TEMP STOP #117,I-70 & GRAIN VALLEY RD EXIT 24,Grain Valley,MO,39.027361,-94.20874,2.959
6167,PILOT TRAVEL CENTERS #167,US-71,Nevada,MO,37.840853,-94.357127,3.49566666
6172,SPEEDWAY #2319,"I-96, EXIT 77",Portland,MI,42.862414,-84.913933,3.699
6172,SPEEDWAY #2319,"I-96, EXIT 77",Portland,MI,42.862414,-84.913933,3.549
6173,PILOT TRAVEL CENTERS #21,"I-94, EXIT 167",Dexter,MI,42.35832,-83.900028,3.659
6173,PILOT TRAVEL CENTERS #21,"I-94, EXIT 167",Dexter,MI,42.35832,-83.900028,3.599
6173,PILOT TRAVEL CENTERS #21,"I-94, EXIT 167",Dexter,MI,42.35832,-83.900028,3.579
6173,PILOT TRAVEL CENTERS #21,"I-94, EXIT 167",Dexter,MI,42.35832,-83.900028,3.649
6175,ONVO TRAVEL PLAZA - MIFFLINTOWN,US-322/US-22 & SR-35,Mifflintown,PA,40.572666,-77.376119,3.479
6179,HENDERSON TRAVEL PLAZA,"I-10, EXIT 115 & SR-347",Breaux Bridge                           ,LA,30.274955,-91.905899,3.38566666
6180,Circle #4703923,"I-24, EXIT 180B & US-27",Chattanooga,TN,35.0455,-85.3081,2.78566666
6182,Exxon,"I-20, EXIT 205 & SR-46",Heflin,AL,33.611515,-85.588471,3.01566666
6188,SIGNAL FOOD STORE #112,US-65 & SR-J,Ozark,MO,37.016926,-93.202211,2.999
6198,DAVIS TRAVEL CENTER #102,"I-95/US-301, EXIT 33 & SR-602",Stony Creek,VA,36.936132,-77.444276,3.06566666
6200,KWIK FILL #388,"I-80, EXIT 29 & SR-8",Harrisville,PA,41.163087,-79.979639,3.404
6206,PETRO PORTAGE,"I-90 & I-94, EXIT 108-A",Portage,WI,43.550145,-89.47139,3.80733333
6212,MR FUEL,"I-55, EXIT 180",Pevely,MO,38.279911,-90.411075,3.01566666
6214,PIONEER Travel Plaza,"I-41, EXIT 60 & SR-145",Richfield,WI,43.273925,-88.215467,3.21566666
6215,FUEL HUB,"I-87, EXIT 21B",West Coxsackie,NY,42.415055,-73.817033,3.599
6218,LOVES TRAVEL STOP #215,"I-40, EXIT 16 & US-40 BUS/US-66",Gallup,NM,35.506475,-108.741352,3.43733333
6219,SCHATZ CROSSROADS,US-2 /US-52,Minot,ND,48.22914,-101.298476,3.549
6221,LOVES TRAVEL STOP #214,I-10 EXIT 37,El Paso,TX,31.758411,-106.478311,3.07566666
6222,QUIKTRIP #236,"I-29/US-71, EXIT 18 & SR-92",Platte City,MO,39.360171,-94.788972,2.999
6227,MARLOWS FUEL CENTER,"I-20, EXIT 479",Dallas                                  ,TX,32.996848,-96.792113,3.24066666
6229,FUEL MART #764,"I-70, EXIT 66 & SR- 54",South Vienna                            ,OH,39.94732,-83.615704,3.129
6232,OASIS TRUCK STOP,"I-44 & SR-133, MM 145",Richland,MO,37.852752,-92.396245,3.324
6242,TA FORISTELL TRAVEL CENTER,"I-70, EXIT 203",Foristell,MO,38.762557,-90.934328,3.019
6243,GARDEN INN TRAVEL PLAZA,US-60/US-63,Cabool,MO,37.131366,-92.114409,3.299
6251,BREAUX BRIDGE VALERO #1408,"I-10 & SR-347, EXIT 115",Breaux Bridge,LA,30.274955,-91.905899,3.499
6252,PILOT TRAVEL CENTERS #12,I-80 & I-90 EXIT 71,Perrysburg,OH,41.542926,-83.592727,3.759
6258,CASEYS #6342,"I-29, EXIT 144 & US-169",Saint Joseph,MO,39.768755,-94.838488,3.169
6271,TA DENTON TRAVEL CENTER,"I-35, EXIT 471 & US-77",Denton,TX,33.22893,-97.131436,3.254
6275,TA SEATTLE EAST TRAVEL CENTER,"I-90, EXIT 34",North Bend,WA,47.475546,-121.757142,3.959
6275,TA SEATTLE EAST TRAVEL CENTER,"I-90, EXIT 34",North Bend,WA,47.475546,-121.757142,3.899
6275,TA SEATTLE EAST TRAVEL CENTER,"I-90, EXIT 34",North Bend,WA,47.475546,-121.757142,3.859
6284,7-ELEVEN #40513,I-90/80-IN TOLL RD MM 22W,Portage,IN,41.567201,-87.175689,3.999
6286,APPLE MARKET #526,"I-64, EXIT 94",Winchester,KY,37.987161,-84.178894,2.91566666
6290,FUEL KING NAPOLEON TRAVEL CENTER,"US-6/US-24/SR/CR-3, EXIT 41",Napoleon,OH,41.390969,-84.143271,3.439
6293,PETRO STOPPING CENTER #313,"I-40, EXIT 79",Milan,NM,35.169722,-107.890278,3.57066666
6296,GRAY TRUCK STOP,US-71/US-136,Maryville,MO,40.343399,-94.873479,3.26566666
6299,HWY 34 TRUCKSTOP,"US-34, EXIT 258",West Burlington                         ,IA,40.832081,-91.179894,3.374
6305,I-95 Fuel Stop,"I-95, EXIT 126 & US-17/US-1",Fredericksburg,VA,38.299538,-77.477152,3.264
6307,QUIKTRIP #608,"I-70, MID RIVERS MALL",Saint Peters,MO,38.78024,-90.622765,2.904
6308,Pilot Travel Centers #354,"I-64, EXIT 28",Simpsonville,KY,38.231186,-85.354797,3.759
6309,WINNERS CIRCLE #1,"I-30 & US-270, EXIT 98A",Malvern,AR,34.355715,-92.829162,3.35233333
6310,CIRCLE K #2707515,US-27/SR-25 & US-98/US-700/SR-700/SR-66,Sebring,FL,27.492391,-81.435712,3.389
6315,AYERCO #25,US-24,Taylor,MO,39.914486,-91.527834,3.01566666
6318,Chisholm Corner #15,"I-35, EXIT 72 & US-19",Pauls Valley                            ,OK,34.738506,-97.219501,3.38733333
6326,KANZA TRAVEL PLAZA,"I-35, EXIT 231 AND US-177",Braman,OK,36.933054,-97.308231,3.02733333
6327,PETRO STOPPING CENTER #312,"I-40 & I-75, EXIT 369",Knoxville,TN,35.9609,-83.9189,3.42566666
6330,TA EDINBURG TRAVEL CENTER,I-69C/US-281 & FM-2812,Edinburg,TX,26.304221,-98.156922,3.01066666
6334,231 PLAZA AND TRUCK STOP,US-231/SR-75 & SR-20,Youngstown,FL,30.326913,-85.516881,3.494
6341,TA RAWLINS TRAVEL CENTER,"I-80, EXIT 214",Rawlins,WY,41.795131,-107.234883,3.72233333
6346,SPEEDWAY #4710,US-71/SR-60,Windom,MN,43.879022,-95.151531,3.299
6351,FLYING J TRAVEL PLAZA #608,"I-10, EXIT 1",Ehrenberg,AZ,33.604167,-114.524444,3.959
6356,CIRCLE K #2721536,ST 6 EAST,Batesville,MS,34.331651,-89.91418,3.24066666
6370,TA ROCKWALL TRAVEL CENTER,"I-30/US-67, EXIT 68 & SR-205",Rockwall,TX,32.931111,-96.459444,3.13733333
6374,TA ELGIN WEST TRAVEL CENTER,I-90 &  US-20,Hampshire,IL,42.080748,-88.517033,3.459
6374,TA ELGIN WEST TRAVEL CENTER,I-90 &  US-20,Hampshire,IL,42.080748,-88.517033,3.539
6374,TA ELGIN WEST TRAVEL CENTER,I-90 &  US-20,Hampshire,IL,42.080748,-88.517033,3.599
6374,TA ELGIN WEST TRAVEL CENTER,I-90 &  US-20,Hampshire,IL,42.080748,-88.517033,3.499
6374,TA ELGIN WEST TRAVEL CENTER,I-90 &  US-20,Hampshire,IL,42.080748,-88.517033,3.469
6387,FLYING J FRANCHISE #966,"I-80, EXIT 229",Battle Mountain,NV,40.621985,-116.955439,3.79233333
6391,TOOT N TOTUM #106,US-287,Dumas,TX,35.882315,-101.967984,3.00566666
6393,PILOT TRAVEL CENTER #478,"I-64, EXIT 92",Leavenworth                             ,IN,38.194244,-86.359862,3.959
6393,PILOT TRAVEL CENTERS #478,"I-64, EXIT 92",Leavenworth                             ,IN,38.194244,-86.359862,3.959
6401,CIRCLE K #2723457,"I-10, EXIT 34-B",Gulfport,MS,30.382556,-89.097618,2.989
6434,AMPRIDE ALL ROUND TRUCK STOP,US-20,Fort Dodge,IA,42.508817,-94.180737,3.299
6441,GRAND OIL,"I-75, EXIT 41 & SR-80",London                                  ,KY,37.101605,-84.097498,3.499
6442,CLARK OIL #49,US-84,Laurel,MS,31.705444,-89.131155,2.999
6448,CIRCLE K #2723392,"I-59, EXIT 97 & US-84",Laurel,MS,31.705444,-89.131155,2.95233333
6462,ARCO #471770,US-281 & SR-5,Dunseith,ND,48.84801,-100.031105,3.499
6468,TA SAYRE TRAVEL CENTER,"I-40 & CEMETARY RD, EXIT 26",Sayre,OK,35.304722,-99.642928,3.064
6480,FLYING J #934,"I-84, EXIT 265",La Grande,OR,45.330435,-118.085228,3.53566666
6492,FLICKS,US-49,Richland,MS,32.215224,-90.156231,2.999
6496,SPEEDY EXPRESS #38,"I-35, EXIT 305",Mathis,TX,28.080208,-97.809659,3.199
6502,SQUAW CREEK TRAVEL PLAZA,"I-29, EXIT 79 & US-159",Forest City,MO,39.989708,-95.191594,3.339
6517,HARDYS #5,"I-80, EXIT 4   4",Wendover,UT,40.597396,-113.993573,3.499
6518,TOWN PUMP FOOD STORE #310,"I-15, EXIT 164",Boulder,MT,46.230647,-112.113757,3.559
6526,TULIP CITY TRUCK STOP,"I-196 & SR-40, EXIT 49",Holland,MI,42.7875,-86.108889,3.739
6527,ZIP TRIP #50,"I-90, EXIT 426",Park City,MT,45.632864,-108.929279,3.584
6547,FLYING J TRAVEL PLAZA #762,"I-90, EXIT 126 & SR-59",Gillette,WY,44.282009,-105.497442,3.899
6562,PILOT #1323,"I-29, EXIT 35                 ",Faucett                                 ,MO,39.589124,-94.791276,3.27233333
6563,Road Ranger #282,"I-35, EXIT 500",Gainesville,TX,33.625943,-97.103208,3.17566666
6564,FLYING J FRANCHISE #970,US-395,Pasco                                   ,WA,46.249183,-119.104387,4.599
6565,TA Greeneville Travel Center,"I-81,  EXIT 36",Greeneville,TN,36.160807,-82.833136,3.55233333
6567,YELLOWSTONE TRUCK SHOP,"I-90, EXIT 330",Livingston,MT,45.654587,-110.560907,3.649
6577,AC & T TRAVEL CENTER,"I-81, EXIT 5 W",Hagerstown,MD,39.632022,-77.737215,3.659
6578,PILOT TRAVEL CENTER #909- TOWN PUMP,"I-15 & US-2, EXIT 363",Shelby                                  ,MT,48.503666,-111.839122,3.63566666
6588,TOWN PUMP FOOD STORE #4300,"I-90, EXIT 249",Whitehall,MT,45.877146,-112.124535,3.659
6593,LITTLE AMERICA TRAVEL CENTER,"I-40, EXIT 198",Flagstaff,AZ,35.185911,-111.661979,3.539
6607,TRANSIT TRUCK STOP,"I-97, EXIT 10",Millersville,MD,39.104102,-76.61902,3.46566666
6608,7-ELEVEN #35560,SR-16,Charlotte,NC,35.2269,-80.8433,3.999
6628,FLYING J TRAVEL PLAZA #682,"I-85, EXIT 150",Haw River,NC,36.055085,-79.334557,3.94233333
6632,TA SAVANNAH TRAVEL CENTER,"I-95/SR-405,  EXIT 87 & US-17/SR-25",Richmond Hill,GA,31.896152,-81.294026,3.35066666
6633,BAKER TRUCK CORRAL,"I-84, EXIT 304",Baker City,OR,44.780102,-117.828631,3.42566666
6640,PETRO STOPPING CENTER JOHNSTOWN,"I-25, EXIT 254",Johnstown                               ,CO,40.335526,-104.923558,3.42733333
6642,TA VERO BEACH TRAVEL CENTER #197,"I-95/SR-9, EXIT 147 & SR-60",Vero Beach,FL,27.632985,-80.403075,3.484
6646,FAMILY EXPRESS #35 (DISCOUNT AVAILABLE),"I-65, EXIT 215 & SR-114",Rensselaer                              ,IN,40.947731,-87.133733,3.13233333
6655,BP DBA TA ELKTON TRAVEL CENTER,"I-95,  EXIT 109B",Elkton,MD,39.626434,-75.84584,4.969
6659,GURNEE TRUCK STOP,US-41,Gurnee                                  ,IL,42.366906,-87.945232,3.289
6659,GURNEE TRUCK STOP,US-41,Gurnee                                  ,IL,42.366906,-87.945232,3.379
6661,TA FRANKLIN TRAVEL CENTER,"I-65, EXIT 61",Franklin,TN,35.932782,-86.878833,3.839
6663,TA of Mocksville,"I-40, EXIT 170 & US-601",Mocksville,NC,35.922007,-80.536965,3.699
6677,ROADWAY TRAVEL CENTER,"I-29, EXIT 73",Sioux Falls                             ,SD,43.488,-96.7343,3.199
6693,SAPP BROS TRAVEL CENTER,US-77,Fremont,NE,41.441637,-96.494468,3.34566666
6701,JACKS TRUCK STOP,"I-65, EXIT 304 & SR-69",Cullman,AL,34.176146,-86.829777,3.999
6704,FL Roberts,"I-91, EXIT 24",Whately,MA,42.439722,-72.635278,3.559
6716,MARATHON,"I-29/US-81, EXIT 65 & I-94 BUS/US-10",Fargo,ND,46.900878,-96.793577,3.449
6721,STAMART 1222,"I-29, EXIT 64",Fargo,ND,46.900878,-96.793577,3.38566666
6725,TA EXPRESS GRAND FORKS #948,"I-29, EXIT 141 & US-2",Grand Forks,ND,47.901041,-97.04463,3.539
6734,TOMAHAWK TRUCK STOP,"I-25, EXIT 128",Fountain,CO,38.699563,-104.700469,3.299
6736,EAGLEVILLE TRAVEL CENTER,"I-35 & ROUTE N, EXIT 106",Eagleville,MO,40.491197,-93.995058,2.93566666
6742,Holiday #3810,"I-94/US-52, EXIT 178 & SR-24",Clearwater,MN,45.387694,-94.045246,3.22066666
6744,FLYING J #550,US-2/US-52,Minot,ND,48.22914,-101.298476,3.93566666
6745,TIGER TRUCK STOP,"I-10, EXIT 139",Grosse Tete,LA,30.387935,-91.43829,3.059
6755,PETRO STOPPING CENTER #326,"I-40, EXIT 161 & SR-391",North Little Rock,AR,34.766974,-92.265376,3.20733333
6760,BETTY BEAVERS TRUCKSTOP,"I-87, EXIT 32",Lewis,NY,44.307507,-73.549129,3.719
6760,BETTY BEAVERS TRUCKSTOP,"I-87, EXIT 32",Lewis,NY,44.307507,-73.549129,3.619
6765,CIRCLE C TRAVEL PLAZA,"I-95, EXIT 68 & SR-61",Walterboro,SC,32.897367,-80.679225,3.079
6806,Onvo Travel Plaza,"I-78/US-22, EXIT 45 & SR-863",Kutztown,PA,40.521354,-75.777395,3.32733333
6810,TA RICHMOND,"I-95, EXIT 89 & SR-802",Ashland,VA,37.73948,-77.478373,3.60566666
6811,PUMP & PANTRY #24,US-6/CR-74,Hastings,NE,40.587654,-98.391146,3.399
6823,PETRO STOPPING CENTER #301,"I-10, EXIT 37",El Paso,TX,31.758411,-106.478311,3.124
6840,PETRO DEMING,"I-10, EXIT 68",Deming,NM,32.231808,-107.746559,3.38566666
6842,FLYNNS TRUCK PLAZA,"US-20, EXIT 11 & SR-140",Shrewsbury,MA,42.284801,-71.720503,3.61566666
6845,NEBRASKALAND TIRE SHOP,"I-80, EXIT 237 & US-283",Lexington,NE,40.785002,-99.751515,2.999
6850,BROKEN WHEEL TRUCK STOP,"I-25, EXIT 135",Douglas,WY,42.762558,-105.385484,3.759
6857,TA SPARKS TRAVEL CENTER,"I-80, EXIT 19 & SR-659",Sparks,NV,39.547254,-119.755588,3.899
6859,PRIME STOP,US-81,Norfolk,NE,42.032914,-97.422898,3.229
6864,JJS TRUCK STOP,"I-30, EXIT 106",Malvern,AR,34.355715,-92.829162,3.31566666
6869,TA WHEELING TRAVEL CENTER,"I-70, EXIT 11 & CR-41",Valley Grove,WV,40.094649,-80.555059,3.529
6883,PILOT TRAVEL CENTERS #517,US- 22 & SR-322,Duncannon,PA,40.408678,-77.047254,4.199
6885,GO MART FOOD STORE #31,"I-77, EXIT 95 & SR-61",Charleston                              ,WV,38.349,-81.630606,3.499
6886,PWI #535,"I-70, EXIT 47",Palisade,CO,39.103178,-108.367977,3.379
6897,Speedee Mart #2890,US-20 & US-83,Valentine,NE,42.806166,-100.621542,3.329
6901,PRIME STOP,US-275,Wisner,NE,41.997994,-96.916975,3.259
6915,FLITE LINE SUNOCO,"I-95, EXIT 3",Portsmouth,NH,43.066524,-70.780412,3.69566666
6927,TORCH 85 TRUCK PLAZA,"I-85, EXIT 42",Tuskegee,AL,32.431623,-85.68606,3.27233333
6944,CROSSROADS TRUCK STOP,"I-82, EXIT 1 & US-730",Umatilla,OR,45.915725,-119.313715,3.239
6948,PILOT #4563,"I-8I, EXIT 77",Harrisburg,PA,40.261767,-76.883079,3.869
6951,ARROWHEAD TRAVEL PLAZA,"I-84, EXIT 216 & SR 331,",Pendleton,OR,45.660535,-118.783104,3.259
6954,BOLLA MARKET #198,SR-17MAHWA,Mahwah,NJ,41.074473,-74.155974,3.58566666
6960,FLYING J TRAVEL PLAZA #761,"I-80 & US-189, EXIT 3",Evanston,WY,41.260947,-110.963067,3.699
6961,LITTLE AMERICA,"I-80, EXIT 358 & I-25, EXIT 9 & US-30",Cheyenne,WY,41.143719,-104.796234,3.709
6962,LITTLE AMERICA TRAVEL CENTER,"I-80, EXIT 68 & SR-374",Little America,WY,41.543611,-109.858333,3.52566666
6963,Atlantis Fresh Market #553,"I-84, EXIT 1",Montague,NJ,41.302259,-74.753956,3.509
6968,R STORE #4513,US-41,Fond Du Lac,WI,43.770446,-88.429149,3.299
6970,TA Twin City East Travel Center,I-94  EXIT 4 & US-12,Hudson,WI,44.984187,-92.727062,3.54733333
6971,KWIK TRIP #1013,"I-41, EXIT 57 & SR-167",Richfield,WI,43.273925,-88.215467,3.39066666
6975,TRUCKERS INN STOP,"I-90/I-94, EXIT 132 & US-51",De Forest,WI,43.235748,-89.329652,3.199
6976,MOASIS TRUCK CENTER,US-41,Little Chute,WI,44.284248,-88.311989,3.199
6980,TA MADISON TRAVEL CENTER,"I-90/I-94/I-39, EXIT 132 & US-51",De Forest,WI,43.235748,-89.329652,3.839
6981,Kwik Trip #1197,"US-151, EXIT 26",Belmont,WI,42.730784,-90.335881,3.564
6984,TA HURRICANE TRAVEL CENTER,"I-64, EXIT 39 & SR-34",Hurricane,WV,38.425741,-81.994329,3.63233333
6986,LOVES TRAVEL STOP #448,"I-5, EXIT 136B, SR-509",Tacoma,WA,47.2764,-122.7583,4.589
6986,LOVES TRAVEL STOPS #448,"I-5, EXIT 136B, SR-509",Tacoma,WA,47.2764,-122.7583,4.589
6987,One9 #965,"I-90, EXIT 109 & US-97",Ellensburg                              ,WA,46.999632,-120.516274,3.859
6987,One9 #965,"I-90, EXIT 109 & US-97",Ellensburg                              ,WA,46.999632,-120.516274,3.839
6987,One9 #965,"I-90, EXIT 109 & US-97",Ellensburg                              ,WA,46.999632,-120.516274,3.899
6992,FLYING J #1169,"I-5, EXIT 99",Tumwater,WA,46.9542,-123.025,4.599
6994,FLYING J FRANCHISE #967,"I-90, EXIT 286",Spokane,WA,47.666485,-117.436527,4.059
6994,FLYING J FRANCHISE #967,"I-90, EXIT 286",Spokane,WA,47.666485,-117.436527,3.999
6994,FLYING J FRANCHISE #967,"I-90, EXIT 286",Spokane,WA,47.666485,-117.436527,4.029
6994,FLYING J FRANCHISE #967,"I-90, EXIT 286",Spokane,WA,47.666485,-117.436527,4.159
6994,FLYING J FRANCHISE #967,"I-90, EXIT 286",Spokane,WA,47.666485,-117.436527,3.929
6999,SIMMONS TRAVEL CENTER,"I-85, EXIT 4 & SR-93/SR-903",Bracey,VA,36.576295,-78.105862,3.099
7003,TA ASHLAND TRAVEL CENTER,"I-95, EXIT 92 & SR-54",Ashland,VA,37.73948,-77.478373,3.64233333
7004,FRANKS TRUCKING CENTER,"I-264, EXIT 13B",Chesapeake,VA,36.735246,-76.23843,3.449
7005,PETRO STOPPING CENTER,"I-81 & I-64, EXIT 205",Raphine,VA,37.937353,-79.221903,3.659
7007,KUM & GO #0201,"I-80, EXIT 242",Coralville,IA,41.693666,-91.590608,3.294
7013,ERNIES TRUCK PLAZA,"I-15, EXIT 112",Beaver,UT,38.28071,-112.629916,3.399
7016,TA SALT LAKE CITY TRAVEL CENTER,"I-80, EXIT 99",Tooele,UT,40.545445,-112.300214,3.769
7018,FLYING J TRAVEL PLAZA #746,"I-15 & I-80 SR 201, EXIT 305",Salt Lake City,UT,40.755851,-111.896657,3.73233333
7023,TA AMARILLO WEST TRAVEL CENTER,"I-40, EXIT 74",Amarillo,TX,35.203238,-101.842052,3.279
7037,SAMS TRUCK STOP,"I-10, EXIT 138",Van Horn,TX,31.042879,-104.832249,3.999
7045,BUBBLE CITY TRUCK STOP,US-64,Farmington,NM,36.706514,-108.199531,3.70566666
7051,PILOT #887,US-84 & US-180,Snyder,TX,32.715105,-100.907485,3.24566666
7056,TA SWEETWATER TRAVEL CENTER,"I-20, EXIT 242",Sweetwater,TX,32.472589,-100.397908,3.15233333
7058,YESWAY #1125,"I-27, EXIT 1C",Lubbock,TX,33.586527,-101.860634,2.969
7059,TA BIG SPRING TRAVEL CENTER,"I-20, EXIT 177 & US-87",Big Spring,TX,32.241767,-101.467517,3.699
7064,SPEEDWAY #9804,"I-10, EXIT 25",El Paso,TX,31.758411,-106.478311,3.41566666
7066,REFUEL #328,"I-35,  EXIT 204",San Marcos,TX,29.875359,-97.940418,2.999
7072,TA ANTIOCH TRAVEL CENTER,"I-24, EXIT 62",Antioch,TN,36.06,-86.672222,3.50566666
7077,THE TENNESSEAN TRUCKSTOP,"I-65, EXIT 22 & US-31 ALT/SR-11",Cornersville,TN,35.34088,-86.82862,3.799
7078,TA DENMARK TRAVEL CENTER,"I-40 & SR-138, EXIT 68",Denmark,TN,35.557059,-88.975892,3.539
7080,ONE9 #1422,"I-40, EXIT 197",Moriarty,NM,34.988878,-106.060871,3.11566666
7082,Chevron,"I-65, EXIT 6",Ardmore,TN,35.057445,-86.879555,3.599
7084,Holiday StationStore #2746500,US-12 & US-281,Aberdeen,SD,45.466109,-98.485642,3.114
7087,PILOT #599,"I-90, EXIT 192 & I-90 BUS/US-83",Murdo,SD,43.896115,-100.712107,3.799
7088,FLYING J FRANCHISE #931,"I-90, EXIT 61",Rapid City,SD,44.077041,-103.200259,3.15733333
7092,LOVES TRAVEL STOP #445,I-90 EXIT 399 & SR 115,Sioux Falls,SD,43.488,-96.7343,3.889
7095,TA MANNING TRAVEL CENTER,"I-95, EXIT 119",Manning,SC,33.667716,-80.222078,3.51733333
7106,PILOT DEALER #1163,"I-80, EXIT 42",Emlenton,PA,41.202769,-79.746996,4.03566666
7112,TA HARRISBURG TRAVEL CENTER,"I-81, EXIT 77 & SR-39",Harrisburg,PA,40.261767,-76.883079,3.81566666
7116,TA MILESBURG TRAVEL CENTER,"I-80, EXIT 158",Milesburg,PA,40.941667,-77.785278,4.049
7121,TA BLOOMSBURG TRAVEL CENTER,"I-80, EXIT 232",Bloomsburg,PA,41.011528,-76.438379,3.95733333
7126,SAPP BROS TRAVEL CENTER,"I-80, EXIT 120",Clearfield,PA,41.02103,-78.443488,3.899
7128,FLYING J #518,"I-78, EXIT 10 (PA 645)",Myerstown,PA,40.378949,-76.314328,3.869
7129,TA BROOKVILLE TRAVEL CENTER,"I-80 EXIT 78, & SR-36",Brookville,PA,41.159986,-79.064101,4.029
7131,TA BREEZEWOOD TRAVEL CENTER,"I-76 & US30, EXIT 161",Breezewood,PA,39.990521,-78.245271,4.299
7132,Terrible Herbst dba/One9 #1395,"I-15, EXIT 12",Jean,NV,35.854839,-115.469154,3.459
7135,PETRO STOPPING CENTER #336,"I-81, EXIT 52 & I-76, EXIT 226",Carlisle,PA,40.203877,-77.199526,4.149
7136,TA LAMAR TRAVEL CENTER,"I-80, EXIT 173 & SR-64",Lamar,PA,41.016111,-77.531389,4.03566666
7137,TA BARKEYVILLE TRAVEL CENTER,"I-80, EXIT 29 & SR-8",Harrisville,PA,41.163087,-79.979639,4.044
7147,JUBITZ TRAVEL PLAZA,"I-5, EXIT 307",Portland,OR,45.442919,-122.615092,3.859
7148,TA TROUTDALE TRAVEL CENTER,"I-84, EXIT 17",Troutdale,OR,45.525398,-122.373866,3.93233333
7154,TA OKLAHOMA CITY WEST TRAVEL CENTER,"I-40, EXIT 140",Oklahoma City,OK,35.3337,-97.4922,3.30233333
7156,TA OKLAHOMA CITY EAST TRAVEL CENTER,"I-40, EXIT 142",Oklahoma City,OK,35.3337,-97.4922,3.30066666
7166,TA London Travel Center,"I-70 & US-42, EXIT 79",London,OH,39.900074,-83.443899,3.49233333
7169,TA YOUNGSTOWN TRAVEL CENTER,"I-80 & SR 46, EXIT 223",Youngstown,OH,41.0986,-80.6474,3.444
7170,TRUCK WORLD TRUCKSTOP,"I-80, EXIT 234",Hubbard,OH,41.162401,-80.576192,3.259
7172,TA TOLEDO EAST TRAVEL CENTER,"I-80 & I-280, EXIT 71",Perrysburg,OH,41.542926,-83.592727,3.78066666
7173,SPEEDWAY #9954,"SR-17, EXIT 66",Apalachin,NY,42.055579,-76.15194,3.999
7173,SPEEDWAY #9954,"SR-17, EXIT 66",Apalachin,NY,42.055579,-76.15194,4.099
7176,TA DAYTON TRAVEL CENTER,"I-70,  EXIT 10 & US-127",Eaton,OH,39.742572,-84.650849,3.40066666
7179,JIMS TRUCK PLAZA,"I-90, EXIT 52E",Buffalo                                 ,NY,42.896659,-78.884575,3.799
7179,JIMS TRUCK PLAZA,"I-90, EXIT 52E",Buffalo                                 ,NY,42.896659,-78.884575,3.659
7180,TA HebronTravel Center,"I-70, EXIT 126 & SR-37",Hebron,OH,39.953464,-82.491868,3.38233333
7183,TA KINGSVILLE TRAVEL CENTER,"I-90, EXIT 235 & SR-193",Kingsville,OH,41.872311,-80.660092,3.88233333
7184,TA JEFFERSONVILLE EAST TRAVEL CENTER,"I-71, EXIT 65 & SR-435 & US-35",Jeffersonville,OH,39.65896,-83.56873,3.32733333
7189,S and R Truck Plaza,"I-94, EXIT 260",Jamestown,ND,46.905899,-98.706127,3.58566666
7190,Tower Travel Center,"I-94, EXIT 307",Tower City,ND,46.911873,-97.659392,3.51566666
7196,SALUDA TRUCK PLAZA,"I-26, EXIT 28",Saluda                                  ,NC,35.238341,-82.330595,3.099
7197,7-ELEVEN #35115,"I-90, EXIT 42",Phelps,NY,42.958178,-77.047264,4.049
7197,7-ELEVEN #35115,"I-90, EXIT 42",Phelps,NY,42.958178,-77.047264,4.019
7198,LOVES TRAVEL STOP #507,"I-85, EXIT 71",Salisbury,NC,35.651498,-80.488945,3.51066666
7212,ONVO TRAVEL PLAZA,"I-90 & RTE 22, EXIT B-3",Canaan,NY,42.413168,-73.415889,3.439
7212,ONVO TRAVEL PLAZA,"I-90 & RTE 22, EXIT B-3",Canaan,NY,42.413168,-73.415889,3.399
7213,SENECA ONE STOP,"I-90, EXIT 58",Irving                                  ,NY,42.573866,-79.059634,2.899
7213,SENECA ONE STOP,"I-90, EXIT 58",Irving                                  ,NY,42.573866,-79.059634,2.999
7215,TA FULTONVILLE TRAVEL CENTER,"I-90, EXIT 28",Fultonville,NY,42.903601,-74.359765,4.039
7216,ONVO TRAVEL PLAZA - LOUNSBERRY,"SR-17, EXIT 63",Nichols,NY,42.031961,-76.361039,3.399
7216,ONVO TRAVEL PLAZA - LOUNSBERRY,"SR-17, EXIT 63",Nichols,NY,42.031961,-76.361039,3.439
7220,CUMBERLAND FARMS #001662,US-9W/SR-32,Glenmont,NY,42.597147,-73.795884,3.799
7220,CUMBERLAND FARMS #001662,US-9W/SR-32,Glenmont,NY,42.597147,-73.795884,3.749
7222,TA SANTA ROSA TRAVEL CENTER,"I-40/US-54, EXIT 277 & US-84",Santa Rosa,NM,34.933276,-104.682155,3.45233333
7225,LOVES TRAVEL STOP #329,US-60,Clovis,NM,34.412585,-103.221391,4.089
7226,TA LAS CRUCES TRAVEL CENTER,"I-10, EXIT 139",Las Cruces,NM,32.321641,-106.746034,3.14066666
7227,NATIONAL TRUCK STOP,"I-10, VADO EXIT 155",Vado                                    ,NM,32.115,-106.663333,2.999
7228,MAVERIK COUNTRY STORE #638,"I-40, EXIT 159D & I-25/US-85, EXIT 227",Albuquerque,NM,35.0936,-106.6423,3.20733333
7229,TA GALLUP TRAVEL CENTER,"I-40, EXIT 16 & HWY 66",Gallup,NM,35.506475,-108.741352,3.43233333
7230,DEMING TRUCK STOP,"I-10, EXIT 81",Deming,NM,32.231808,-107.746559,2.899
7231,TA ALBUQUERQUE TRAVEL CENTER,"I-25, EXIT 227 OR 225",Albuquerque,NM,35.0936,-106.6423,3.58733333
7234,TA BLOOMSBURY TRAVEL CENTER,"I-78/US-22, EXIT 7 & SR-173",Bloomsbury,NJ,40.64366,-75.09664,3.79066666
7237,TA COLUMBIA TRAVEL CENTER,"I-80, EXIT 4 & SR-94",Columbia,NJ,40.938805,-75.054983,4.099
7239,TA PAULSBORO TRAVELCENTER,"I-295, EXIT 18A",Paulsboro,NJ,39.831157,-75.224233,3.999
7240,Pilot Travel Centers #190,"I-78, EXIT 12 & US-22",Hampton                                 ,NJ,40.677351,-74.962221,3.809
7244,TA LAS VEGAS TRAVEL CENTER,"I-15, EXIT 33",Las Vegas,NV,36.172082,-115.122366,3.73566666
7248,WILD WILD WEST TRAVEL PLAZA,"I-15, EXIT 37",Las Vegas,NV,36.172082,-115.122366,3.76733333
7263,FLYING J #904,"I-80, EXIT 107",Big Springs,NE,41.069621,-102.093273,3.48233333
7264,TA GRAND ISLAND WEST TRAVEL CENTER,"I-80, EXIT 305",Alda,NE,40.856923,-98.455135,3.169
7265,Fast Stop Travel Centers #1151,"I-80, EXIT 164 & CR-56C",Hershey,NE,41.155303,-101.001157,3.499
7267,TA OGALLALA TRAVEL CENTER,"I-80, EXIT 126",Ogallala,NE,41.127505,-101.710742,3.46566666
7268,SAPP BROS TRAVEL CENTER,"I-80, EXIT 440 & SR-50, EXIT 440",Omaha,NE,41.261,-95.9376,3.28066666
7269,GRAND ISLAND TRAVEL CENTER,"I-80, EXIT 312 & US-281/US-34",Grand Island,NE,40.921858,-98.341062,3.26566666
7282,ALLTOWN FRESH,"I-87, EXIT 17N & US-9",Fort Edward,NY,43.265321,-73.582169,3.759
7282,ALLTOWN FRESH,"I-87, EXIT 17N & US-9",Fort Edward,NY,43.265321,-73.582169,3.779
7284,MURALTS TRUCK PLAZA,"I-90, EXIT 96 & US-93/SR-200",Missoula,MT,46.856274,-114.025207,3.609
7285,SENECA ONE STOP,"SR-17, EXIT 20",Salamanca                               ,NY,42.16035,-78.73042,3.309
7286,TA MISSOULA,"I-90, EXIT 96 & US-93",Missoula,MT,46.856274,-114.025207,3.699
7288,TA LAUREL,"I-90, EXIT 437",Laurel,MT,45.67451,-108.769008,3.61233333
7289,TA STRAFFORD,"I-44, EXIT 88 & SR-125",Strafford,MO,37.279718,-93.10663,3.36566666
7291,TA OAK GROVE TRAVEL CENTER,"I-70, EXIT 28",Oak Grove,MO,38.998456,-94.139946,3.22233333
7293,TA Matthews Travel Center,"I-55, EXIT 58 & SR-80",Matthews,MO,36.807528,-89.576833,3.20566666
7299,GASPERS - FAST LANE,"I-70, EXIT 148 & US-54",Kingdom City,MO,38.95508,-91.952008,2.959
7300,B AND D AUTO TRUCK PLAZA,"I-44, EXIT 127",Lebanon,MO,37.685049,-92.655029,3.099
7310,AAA HOSPITALITY,"I-55, EXIT 220",Tillatoba,MS,33.985229,-89.894461,2.784
7312,208 FUEL PLAZA,"I-70, EXIT 208",Belmont,OH,40.03202,-81.006564,3.419
7314,TA MERIDIAN TRAVEL CENTER,"I-20 & I-59, EXIT 160",Meridian,MS,32.357441,-88.655973,2.91233333
7323,TRUCKERS INN,"I-94/US-52, EXIT 127 & US-71",Sauk Centre,MN,45.728079,-94.968166,3.22566666
7326,PETRO STOP #398,"I-35 & I-90, EXIT 11",Albert Lea,MN,43.653678,-93.370672,4.099
7327,TA TEKONSHA,"I-69,EXIT 25 & SR-60",Tekonsha,MI,42.086326,-84.992602,3.599
7327,TA TEKONSHA,"I-69,EXIT 25 & SR-60",Tekonsha,MI,42.086326,-84.992602,3.699
7327,TA TEKONSHA,"I-69,EXIT 25 & SR-60",Tekonsha,MI,42.086326,-84.992602,3.589
7331,SPEEDWAY #9266,US-52 & SR-234,Ironton,OH,38.529429,-82.665351,3.699
7332,FLYING J #895,"I-75, EXIT 32A",Trenton,MI,42.134304,-83.218142,3.559
7332,FLYING J #895,"I-75, EXIT 32A",Trenton,MI,42.134304,-83.218142,3.299
7332,FLYING J #895,"I-75, EXIT 32A",Trenton,MI,42.134304,-83.218142,3.249
7332,FLYING J #895,"I-75, EXIT 32A",Trenton,MI,42.134304,-83.218142,3.349
7332,FLYING J #895,"I-75, EXIT 32A",Trenton,MI,42.134304,-83.218142,3.439
7335,TA SAWYER TRAVEL CENTER,"I-94, EXIT 12",Sawyer,MI,41.882866,-86.588508,3.699
7335,TA SAWYER TRAVEL CENTER,"I-94, EXIT 12",Sawyer,MI,41.882866,-86.588508,3.689
7337,TA BATTLE CREEK,"I-94, EXIT 104",Battle Creek,MI,42.3053,-85.1389,4.039
7337,TA BATTLE CREEK,"I-94, EXIT 104",Battle Creek,MI,42.3053,-85.1389,3.999
7337,TA BATTLE CREEK,"I-94, EXIT 104",Battle Creek,MI,42.3053,-85.1389,3.979
7337,TA BATTLE CREEK,"I-94, EXIT 104",Battle Creek,MI,42.3053,-85.1389,3.989
7341,INTERSTATE TRAVEL PLAZA,"I-495, EXIT 14A & US-1",Wrentham,MA,42.061746,-71.339568,3.699
7344,BEST QUICK STOP,US-1,Peabody,MA,42.532579,-70.961194,3.61566666
7353,DYSARTS SERVICE,"I-95, EXIT 44",Bangor,ME,44.824199,-68.791839,3.799
7354,CIRCLE K #4707065,"I-95, EXIT 2",Kittery,ME,43.092128,-70.742876,3.899
7357,TA SLIDELL TRAVEL CENTER,"I-10, EXIT 266 & US-190",Slidell,LA,30.278411,-89.771192,3.154
7360,KINGS TRUCK STOP,ST 103,Port Barre                              ,LA,30.547788,-91.928576,3.189
7364,Petro Stopping Center,"I-80, EXIT 226",Girard,OH,41.161136,-80.693305,3.45233333
7370,TA SMITHS GROVE,"I-65, EXIT 38 & SR-101",Smiths Grove,KY,37.058104,-86.193757,3.43233333
7371,One9 #392,"I-65, EXIT 81 & SR-84",Sonora,KY,37.52207,-85.922969,3.19566666
7372,TA WALTON #28,"I-75/I-71, EXIT 175 & SR-338",Walton,KY,38.887491,-84.63277,3.00233333
7379,KEYSTOP TRAVEL CENTER,"I-65, EXIT 2 & US-31W",Franklin,KY,36.725353,-86.570043,2.899
7382,TA FLORENCE TRAVEL CENTER,"I-75, EXIT 181",Florence,KY,38.998889,-84.626667,3.07066666
7385,WAKEENEY 24 7 STORE #3,"I-70/US-40, EXIT 127 & US-283",Wakeeney,KS,39.011415,-99.881824,3.09066666
7387,TA Oakley,"I-70, EXIT 76 & US-40/US-83",Oakley,KS,39.112102,-100.858048,3.649
7389,GO MART FOOD STORE #58,"I-77, EXIT 1 & SR-7",Marietta,OH,39.428141,-81.464438,3.799
7396,7-ELEVEN #36180,US-20/SR-18,Monroeville,OH,41.218074,-82.70233,3.614
7398,FLYING J #913,"I-80, EXIT 142 & US-65",Altoona                                 ,IA,41.647549,-93.472415,3.35566666
7398,FLYING J TRAVEL PLAZA #913,"I-80, EXIT 142 & US-65",Altoona                                 ,IA,41.647549,-93.472415,3.34233333
7403,FUEL MART #714,"I-75, EXIT 168",North Baltimore                         ,OH,41.186703,-83.680581,3.11233333
7406,PILOT TRAVEL CENTER #594,"I-29, EXIT 143",Sioux City,IA,42.497223,-96.40292,3.60566666
7406,PILOT #594,"I-29, EXIT 143",Sioux City,IA,42.497223,-96.40292,3.699
7407,TA IOWA 80 TRAVEL PLAZA,"I-80, EXIT 284",Walcott,IA,41.645309,-90.725603,3.90233333
7408,FRIENDSHIP FOOD MART #99,US-224 & SR-61/SR-598,Willard,OH,41.053056,-82.726389,3.63233333
7410,PILOT TRAVEL CENTERS #373,"I-35 & I-80, EXIT 126",Urbandale                               ,IA,41.629479,-93.723042,3.35566666
7410,PILOT TRAVEL CENTER #373,"I-35 & I-80, EXIT 126",Urbandale                               ,IA,41.629479,-93.723042,3.34233333
7412,PETRO STOPPING CENTER #374,"I-69, EXIT 245 & SR-28",Gaston,IN,40.29479,-85.489842,3.53566666
7416,GOOD TO GO #40,"I-65, EXIT 215 & SR-114",Rensselaer,IN,40.947731,-87.133733,3.20066666
7417,SKY CITGO,US-30 & SR-23,Grovertown,IN,41.321969,-86.528905,3.499
7418,JJS TRAVEL PLAZA,US-31 & US-24,Peru,IN,40.749203,-86.068044,3.444
7421,MIDLAND #1901,"I-70, EXIT 137 AT MILE 137",Cambridge City,IN,39.818171,-85.168455,3.43233333
7425,Petro Brazil,"I-70,  EXIT 23",Brazil,IN,39.521041,-87.127767,3.989
7429,TA CLAYTON,"I-70, EXIT 59 & SR-39",Clayton,IN,39.668154,-86.495921,3.939
7435,PETRO STOPPING CENTER #375,"I-65, EXIT 201 & US-231/US-24",Remington,IN,40.766653,-87.15994,3.699
7436,TA WHITESTOWN,"I-65/US-52, EXIT 130",Whitestown,IN,40.00002,-86.350716,3.57066666
7437,PETRO STOPPING CENTER #379,"I-74,  EXIT 143",Greensburg,IN,39.331223,-85.473532,3.999
7457,TA EFFINGHAM TRAVEL CENTER,"I-57 & I-70, EXIT 160",Effingham,IL,39.121727,-88.561105,3.349
7457,TA EFFINGHAM TRAVEL CENTER,"I-57 & I-70, EXIT 160",Effingham,IL,39.121727,-88.561105,3.399
7457,TA EFFINGHAM TRAVEL CENTER,"I-57 & I-70, EXIT 160",Effingham,IL,39.121727,-88.561105,3.439
7457,TA EFFINGHAM TRAVEL CENTER,"I-57 & I-70, EXIT 160",Effingham,IL,39.121727,-88.561105,3.549
7459,TA Morris Travel Center,"I-80, EXIT 112 & SR-47",Morris,IL,41.367233,-88.417769,3.849
7466,PILOT #595,"I-57, EXIT 54B & SR-13",Marion,IL,37.725662,-88.929447,3.759
7466,PILOT TRAVEL CENTER #595,"I-57, EXIT 54B & SR-13",Marion,IL,37.725662,-88.929447,3.759
7469,PILOT TRAVEL CENTERS #313,"I-70/I-55, EXIT 4 & SR-203",East Saint Louis,IL,38.631538,-90.138066,3.439
7469,PILOT TRAVEL CENTER #313,"I-70/I-55, EXIT 4 & SR-203",East Saint Louis,IL,38.631538,-90.138066,3.699
7469,PILOT TRAVEL CENTER #313,"I-70/I-55, EXIT 4 & SR-203",East Saint Louis,IL,38.631538,-90.138066,3.579
7469,PILOT TRAVEL CENTER #313,"I-70/I-55, EXIT 4 & SR-203",East Saint Louis,IL,38.631538,-90.138066,3.379
7471,ROAD RANGER #185,"I-55, EXIT 145 & US-136",Mc Lean,IL,40.328159,-89.164483,3.349
7471,ROAD RANGER #185,"I-55, EXIT 145 & US-136",Mc Lean,IL,40.328159,-89.164483,3.449
7482,TA BOISE TRAVEL CENTER,"I-84, EXIT 54",Boise,ID,43.6136,-116.2025,3.77066666
7492,Mobil dba One9 #1365,"I-85, EXIT 70",Cusseta,AL,32.803194,-85.215791,2.999
7492,One9 #1365,"I-85, EXIT 70",Cusseta,AL,32.803194,-85.215791,2.999
7495,RACETRAC #2574,"I-75, EXIT 237, SR-331 & US-41",Forest Park,GA,33.621111,-84.365833,3.109
7504,TEXACO,"I-75, EXIT 306 & SR-140",Adairsville,GA,34.359527,-84.917634,3.10566666
7506,CHAPMANS TRUCK STOP,"I-85 & SR-219, EXIT 13",Lagrange,GA,33.034025,-85.039511,3.91566666
7523,EXPRESS STOP FOOD STORE #4644,"I-75, EXIT 181",Pinconning,MI,43.849079,-84.008162,3.639
7533,TA WILDWOOD TRAVEL CENTER,"I-75, EXIT 329 & SR-44",Wildwood,FL,28.845353,-82.03473,3.214
7534,TA BALDWIN TRAVEL CENTER,"I-10, EXIT 343 & US-301",Jacksonville,FL,30.3163,-81.4175,3.899
7535,GIANT #198,"I-4/SR-400, EXIT 7 & US-301/SR-41",Tampa,FL,28.0879,-82.4593,3.25733333
7543,TA NEW HAVEN TRAVEL CENTER,"I-95, EXIT 56",Branford,CT,41.279991,-72.810643,5.069
7545,CITGO,"I-95, EXIT 40",Milford,CT,41.217466,-73.054948,3.399
7546,SHELL DBA PILOT DEALER #882,"I-95, EXIT 93 & SR-216",North Stonington,CT,41.453113,-71.872701,4.299
7546,PILOT TRAVEL CENTERS #882,"I-95, EXIT 93 & SR-216",North Stonington,CT,41.453113,-71.872701,4.299
7551,PWI #525,"I-70, EXIT 295",Watkins,CO,39.762317,-104.583391,3.139
7552,TA DENVER WEST TRAVEL CENTER,"I-70, EXIT 266",Wheat Ridge,CO,39.774036,-105.096195,3.41566666
7553,BRUSH TRAVEL PLAZA,"I-76, EXIT 90B & SR-71",Brush,CO,40.260255,-103.62788,3.699
7574,108 FOOD AND FUEL,"I-40, EXIT 108 & US-66/US-281 BUS",Calumet,OK,35.594819,-98.189991,3.13566666
7611,LOVES TRAVEL STOP #167,"I-44, EXIT 83",Chickasha                               ,OK,35.026751,-97.951847,3.16566666
7615,HOPI TRAVEL PLAZA CONOCO DBA ONE9 #1270,"I-40, EXIT 292",Holbrook,AZ,34.908451,-110.143412,3.139
7615,HOPI TRAVEL PLAZA,"I-40, EXIT 292",Holbrook,AZ,34.908451,-110.143412,3.219
7617,TUCSON TRUCK TERMINAL,"I-10, EXIT 268",Tucson,AZ,32.213873,-110.969445,3.22233333
7622,COPAN TRUCK STOP,US-75,Copan                                   ,OK,36.906181,-95.912987,3.119
7624,WILLCOX TRUCK PLAZA,"I-10, EXIT 340",Willcox,AZ,32.372977,-109.863111,3.34066666
7625,LOVES TRAVEL STOP #248,"I-40, EXIT 71",Clinton,OK,35.511543,-98.979533,3.17233333
7627,DAVIS TRADING POST,"I-35, EXIT 55",Davis                                   ,OK,34.495301,-97.10843,2.979
7629,ARNOLDS TRUCK STOP,US-72/SR-20/SR-157 & CR-59,Tuscumbia                               ,AL,34.687432,-87.683259,3.169
7635,TA MONTGOMERY TRAVEL CENTER,"I-65, EXIT 168 & US-80/US-82/SR-6/SR-8",Montgomery,AL,32.3743,-86.3118,3.25233333
7636,PILOT TRAVEL CENTER #76,"I-20 & I-59, EXIT 76",Tuscaloosa,AL,33.196891,-87.562666,2.999
7636,PILOT TRAVEL CENTERS #76,"I-20 & I-59, EXIT 76",Tuscaloosa,AL,33.196891,-87.562666,3.099
7655,LOVES TRAVEL STOP #253,I-40 EXIT 7 & SR 30,Erick,OK,35.228586,-99.863463,3.20566666
7705,FLYING J TRAVEL PLAZA #610,"I-40, EXIT 53",Kingman,AZ,35.258379,-114.05689,3.88233333
7708,PILOT TRAVEL CENTER #352,"I-75, EXIT 139",Fort Myers                              ,FL,26.620403,-81.8725,3.799
7708,PILOT TRAVEL CENTERS #352,"I-75, EXIT 139",Fort Myers                              ,FL,26.620403,-81.8725,3.799
7715,LONDON AUTO TRUCK CENTER,"I-75, EXIT 41 & SR-80",London,KY,37.101605,-84.097498,3.399
7718,MR FUEL #717,"I-44, EXIT 251",Villa Ridge,MO,38.460108,-90.882198,3.01566666
7719,FLYING J TRAVEL PLAZA #674,"I-70, EXIT 188",Warrenton,MO,38.805042,-91.174047,3.11566666
7721,TRAIL STAR TRUCK STOP,"ST 16, EXIT 213",Glendive,MT,47.100813,-104.728716,3.459
7722,SAPP BROS TRAVEL CENTER,"I-80, EXIT 353 & US-81",York,NE,40.866678,-97.582482,3.324
7724,FUEL MART #767,US-6 & US-23,Bradner,OH,41.329789,-83.4456,3.40733333
7725,BELL STORES #48,US-30 & SR-94,Dalton,OH,40.779326,-81.70078,3.38566666
7733,FLYING J TRAVEL PLAZA #723,"I-40, EXIT 76",Amarillo,TX,35.203238,-101.842052,3.26566666
7746,PILOT TRAVEL CENTER #888,"I-27, EXIT 74",Tulia,TX,34.540258,-101.762864,3.34066666
7753,LOVES TRAVEL STOP #166,SR-351,Muskogee,OK,35.730661,-95.375491,3.33733333
7767,FLYING J TRAVEL PLAZA #759,"I-25, EXIT 7",Cheyenne,WY,41.143719,-104.796234,3.709
7768,BIG D #30,"I-25/US-87, EXIT 9 & I-80, EXIT 359C & I-80 BUS/US-30",Cheyenne,WY,41.143719,-104.796234,3.204
7792,FLYING J TRAVEL PLAZA #630,"I-75/SR-401, EXIT 201 & SR-36",Jackson,GA,33.282006,-83.978391,3.384
7798,CIRCLE K #2745100,"I-95, EXIT 7",Woodbine,GA,30.943692,-81.678313,3.23233333
7825,PILOT TRAVEL CENTERS #356,"I-65, EXIT 121",Shepherdsville,KY,38.004515,-85.688767,3.609
7838,PILOT #581,"US-52/SR-55, & 117TH ST, MM300",Inver Grove Heights,MN,44.841966,-93.034746,3.579
7871,STRIPES 7FLEET #42454,"US-60, US-70 & US-84",Texico,NM,34.395795,-103.061544,3.829
7873,One9 #387,"I-80, EXIT 280 & SR- 278",Carlin                                  ,NV,40.717216,-116.108208,3.439
7886,PETRO STOPPING CENTER #357,"I-70, EXIT 156B & US-40",New Paris,OH,39.861718,-84.779337,3.48733333
7930,I 24 TRUCK PLAZA,"I-24, EXIT 114 & US-41",Manchester,TN,35.481667,-86.088611,3.099
7946,PILOT TRAVEL CENTERS #289,"I-90/I-39, EXIT 158 & I-43/SR-81, EXIT 1",Beloit                                  ,WI,42.522871,-89.039897,3.799
7959,SPF #45,"I-25/US-87, EXIT 7 & US-212",Cheyenne,WY,41.143719,-104.796234,3.22566666
8840,LOVES TRAVEL STOP #211,"I-35, EXIT 120",Oklahoma City,OK,35.3337,-97.4922,3.25566666
8895,PAULS VALLEY TRAVEL CENTER,"I-35, EXIT 72  & SR-19",Pauls Valley,OK,34.738506,-97.219501,2.999
8927,LOVES TRAVEL STOP #219,"I-40, EXIT 200",Seminole,OK,35.224444,-96.670278,3.36233333
8936,CIRCLE K #107,US-220 & CR-902,Ridgeway,VA,36.5874,-79.86859,3.399
8948,PARK N PUMP CIRCLE C,"I-15, EXIT 222",Nephi,UT,39.692275,-111.8359,3.449
8961,FLYING J TRAVEL PLAZA #736,"I-20, EXIT 42 & US-285",Pecos,TX,31.414384,-103.508129,3.46566666
8977,LOVES TRAVEL STOP #168,"I-44, EXIT 20",Walters                                 ,OK,34.360526,-98.313983,3.194
8987,LOVES TRAVEL STOP #255,"I-40, EXIT 287 & SR-100",Webbers Falls,OK,35.513787,-95.165881,3.789
9160,PILOT TRAVEL CENTERS #912,"I-80, EXIT 300 & SR-40D",Wood River,NE,40.810635,-98.606509,3.28233333
9161,TREXLER PLAZA TRUCK STOP,I-78/US-22,Allentown,PA,40.602729,-75.470955,3.63233333
9206,CIRCLE K #4707005,US-2 & SR-4,Farmington,ME,44.665339,-70.132878,3.899
9216,309 TRUCK STOP,SR-309,Coopersburg                             ,PA,40.507553,-75.388778,3.759
9241,7-ELEVEN #40286,"I-76,  EXIT 23/312",Elverson,PA,40.156781,-75.786563,3.889
9280,ONVO TRAVEL PLAZA - LAKEWOOD,"I-84, EXIT 20 & SR-507",Greentown,PA,41.332145,-75.281911,3.54566666
9289,ONVO EXPRESS,"I-81, EXIT 217 & SR-547",Harford,PA,41.779891,-75.678632,3.609
9340,LANCASTER TRAVEL PLAZA,US-30,Ronks,PA,40.020754,-76.166132,3.899
9354,BFS FOODS TRUCK PLAZA,"I-79, EXIT 1",Mount Morris,PA,39.744289,-80.096763,4.499
9365,FLYING J TRAVEL PLAZA #713,"I-95, EXIT 181",Latta,SC,34.339829,-79.441704,3.349
9381,SCOTT FUEL TRAVEL PLAZA,"I-81, EXIT 199",Dalton                                  ,PA,41.539496,-75.703737,3.599
9382,PILOT TRAVEL CENTERS #286,"I-70, EXIT 10 & SR-127",Eaton,OH,39.742572,-84.650849,3.46233333
9383,PILOT TRAVEL CENTERS #285,"I-70, EXIT 126 & SR-37",Hebron,OH,39.953464,-82.491868,3.44566666
9386,PETRO STOPPING CENTER #325,"I-75,  EXIT 167",North Baltimore,OH,41.186703,-83.680581,3.27066666
9403,PILOT TRAVEL CENTERS #280,"I-78, EXIT 7 & SR-173",Bloomsbury                              ,NJ,40.64366,-75.09664,3.809
9415,7-ELEVEN #40287,"I-76, EXIT 24A/326",Wayne,PA,40.0435,-75.388,3.889
9423,PETRO STOPPING CENTER #318,"I-70, EXIT 148",Kingdom City,MO,38.95508,-91.952008,3.05733333
9449,CORNER PANTRY #127,"I-26, EXIT 115 & US-321",West Columbia,SC,33.995024,-81.088836,3.41233333
9451,TA BETO JUNCTION TRAVEL CENTER,"I-35, EXIT 155 & US-75",Lebo,KS,38.416085,-95.822174,3.23066666
9467,TA PORTER TRAVEL CENTERS,"I-94, EXIT 22B & US-20",Chesterton,IN,41.603949,-87.050196,3.849
9468,TA LAKE STATION,"I-80 & I-94, EXIT 15B",Lake Station,IN,41.568629,-87.262209,3.849
9469,TA EXPRESS COWPENS #477,"I-85, EXIT 83 & SR-110",Cowpens,SC,35.038979,-81.822019,3.399
9485,PILOT TRAVEL CENTER #4559,"I-20, EXIT 26",Villa Rica,GA,33.71729,-84.929697,3.389
9485,PILOT #4559,"I-20, EXIT 26",Villa Rica,GA,33.71729,-84.929697,3.449
9513,CIRCLE K #2705350,"I-20, EXIT 5 & US-25",North Augusta,SC,33.517766,-81.934794,3.159
9525,SCOTCHMAN #3891,"I-77, EXIT 65 & SR-9",Richburg,SC,34.682185,-80.989061,3.109
9528,GO MART FOOD STORE #43,"I-64, EXIT 39 & SR-34",Teays,WV,38.441667,-81.953056,3.499
9542,SPINX #266,"I-26, EXIT 104",Columbia,SC,34.072613,-81.179617,3.13233333
9550,Mauston Interstate BP,"I-90/I-94, EXIT 69 & SR-82",Mauston,WI,43.793383,-90.064085,3.22733333
9553,LYNDON STATION BP,I-90 & 94 EXIT 79,Lyndon Station,WI,43.689875,-89.891543,3.177
9554,BIG D OIL #2,US-85 & US-34,Belle Fourche                           ,SD,44.672281,-103.839601,3.22733333
9614,DITTYS,"I-90, EXIT 284 & SR-45",Kimball,SD,43.712881,-98.934305,3.089
9618,FLYING J #477,US-75,Anna,TX,33.344516,-96.563862,3.239
9638,PILOT TRAVEL CENTERS #62,"I-95, EXIT 170 & SR-327",Florence,SC,34.18375,-79.772786,3.349
9668,COFFEE CUP FUEL STOP #4,"I-90, EXIT 310 & SR-281",Plankinton                              ,SD,43.737287,-98.469395,3.02733333
9675,FLYING J TRAVEL PLAZA #722,"I-75 & I-40, EXIT 369",Knoxville,TN,35.9609,-83.9189,3.439
9699,SPEEDWAY #9400,US-30/US-62 & SR-297,Canton,OH,40.827,-81.3853,3.369
9703,PILOT TRAVEL CENTERS #2,"I-90, EXIT 223 & SR-45",Austinburg                              ,OH,41.75536,-80.858422,3.859
9712,TA GREENSBORO TRAVEL CENTER,"I-40 & I-85, EXIT 138 & SR-61",Whitsett,NC,36.032981,-79.597151,3.99733333
9713,TA Express Vermillion #275,"I-29, EXIT 26 & SR-50",Burbank,SD,42.763798,-96.846569,3.099
9717,COFFEE CUP FUEL STOP #8,"I-90, EXIT 212 & SR-83",Vivian                                  ,SD,43.95352,-100.285989,3.09733333
9724,One9 #1339,"I-81,  EXIT 34",Parish,NY,43.415295,-76.100023,3.799
9746,TA MILL CITY TRAVEL CENTER,"I-80, EXIT 151",Imlay,NV,40.652217,-118.02115,3.794
9747,GOOD TO GO TRAVEL CENTER,"I-80, EXIT 353 & US-81",York,NE,40.866678,-97.582482,3.31733333
9763,DELUXE TRUCK STOP,SR-759,Saint Joseph,MO,39.768755,-94.838488,3.149
9783,KANGAROO CROSSING #1101,"I-55, EXIT 144",Pickens                                 ,MS,32.890519,-89.973707,3.099
9803,TA KNOXVILLE WEST TRAVEL CENTER,"I-40 & I-75, EXIT 369",Knoxville,TN,35.9609,-83.9189,3.42566666
9808,TA ANN ARBOR TRAVEL CENTER,"I-94, EXIT 167",Dexter,MI,42.35832,-83.900028,3.699
9808,TA ANN ARBOR TRAVEL CENTER,"I-94, EXIT 167",Dexter,MI,42.35832,-83.900028,3.499
9808,TA ANN ARBOR TRAVEL CENTER,"I-94, EXIT 167",Dexter,MI,42.35832,-83.900028,3.649
9808,TA ANN ARBOR TRAVEL CENTER,"I-94, EXIT 167",Dexter,MI,42.35832,-83.900028,3.629
9812,LEES FOOD MART #1398,"I-40, EXIT 398",Knoxville,TN,35.9609,-83.9189,3.299
9818,CIRCLE K #4707002,"I-95, EXIT 157",Newport,ME,44.839264,-69.267498,3.899
9821,PILOT TRAVEL CENTERS #52,"I-24, EXIT 64",La Vergne                               ,TN,36.012714,-86.559969,3.47233333
9842,Petes #03,US-59 & US-54,Moran,KS,37.934159,-95.164733,3.26566666
9843,MAPLE HILL TRUCK STOP,"I-70, EXIT 341",Maple Hill,KS,39.069456,-96.018727,3.05233333
9851,KWIK STOP #86,US-151/US-52/US-61,Dubuque                                 ,IA,42.514977,-90.681914,3.489
9855,PILOT TRAVEL CENTER #37,"I-65, EXIT 95",Whiteland,IN,39.555313,-86.093476,3.959
9855,PILOT TRAVEL CENTERS #37,"I-65, EXIT 95",Whiteland,IN,39.555313,-86.093476,3.959
9860,PARADISE AUTO TRUCK PLAZA,US-31,Rochester,IN,41.065493,-86.231007,3.40566666
9862,PILOT TRAVEL CENTER #271,"I-80, EXIT 6",Gary,IN,41.593333,-87.346389,3.829
9862,PILOT TRAVEL CENTERS #271,"I-80, EXIT 6",Gary,IN,41.593333,-87.346389,3.799
9887,7-ELEVEN #40354,"I-95, EXIT 173",Palm Bay,FL,28.014605,-80.599087,3.21566666
9941,FLYING J TRAVEL PLAZA #609,"I-10, EXIT 208-A",Eloy,AZ,32.750929,-111.583275,3.45233333
9945,CIRCLE K #2706690,"I-85/US-29, EXIT 62 & US-280/US-431/SR-38/SR-1",Opelika,AL,32.627771,-85.358629,2.999
9959,FLYING J #876,"I-95, EXIT 104",Ruther Glen,VA,37.945059,-77.47135,3.619
9962,STRIPES #40673,"I-45, EXIT 179",Mcallen,TX,26.21544,-98.235871,3.289
9971,TA DANSVILLE TRAVEL CENTER,"I-390 & COMMERCE, EXIT 5",Dansville,NY,42.569975,-77.710907,4.499
9973,BOLLA MARKET,"I-287, EXIT 66",Mahwah,NJ,41.074473,-74.155974,3.53233333
9990,JIMS  BEST STOP,US-45 & US-64,Selmer,TN,35.169124,-88.595832,3.174
9995,LOVES TRAVEL STOP #411,"I-35 & I-80, EXIT 125 & US-6",Clive,IA,41.606729,-93.745749,3.34066666
9997,Circle K #2723687,"I-20, EXIT 11 & US-27/SR-1",Bremen,GA,33.730872,-85.128638,3.08733333
10006,FLINT HILLS FUEL MART,US-50 & US-77,Florence,KS,38.241536,-96.934561,3.499
10007,CIRCLE K #2705346,SR-307,Savannah,GA,32.067631,-81.102394,3.03233333
10014,Sudden Service #6604,"I-40, EXIT 212",Nashville,TN,36.167028,-86.778441,3.399
10015,Loves Travel Stop #429,"I-65 & I-24, EXIT 87",Nashville,TN,36.167028,-86.778441,3.46233333
10020,Maplefields,"US-4, EXIT 2 & SR-22A",Fair Haven,VT,43.62345,-73.270068,3.599
10024,MILLERS TRAVEL CENTER,US-6 & US-50,Wellington,UT,39.537257,-110.736954,3.659
10028,GOOD TO GO #10,US-35,Winamac,IN,41.056242,-86.630697,3.914
10030,LOVES TRAVEL STOP #715,I-77 EXIT 58 & SR-666 & US-52,Bastian,VA,37.15742,-81.198855,3.59733333
10033,SHELL,"I-95, EXIT 133 & US-17 BUS",Fredericksburg,VA,38.299538,-77.477152,3.25566666
10047,TOWN PUMP FOOD STORE #8929,"I-15, EXIT 339",Conrad                                  ,MT,48.178346,-111.939665,3.599
10053,BECKS #27,"I-39/US-51, EXIT 72 & US-34",Mendota,IL,41.544308,-89.10828,3.269
10057,Flying J Travel Plaza #649,"I-465, EXIT 4",Indianapolis,IN,39.938417,-86.13894,3.899
10057,Flying J TravelPlaza #649,"I-465, EXIT 4",Indianapolis,IN,39.938417,-86.13894,3.899
10058,CITGO,US-431/SR-1 & SR-27,Abbeville                               ,AL,31.575479,-85.279044,3.399
10065,ROAD MART,US-71/US-59,Ashdown,AR,33.678711,-94.135102,3.299
10077,FLYING J TRAVEL PLAZA #607,"I-55, EXIT 4 & I-40, EXIT 280",West Memphis,AR,35.148442,-90.17792,3.15066666
10085,EL CENTRO TRAVEL CENTER,"I-8, EXIT 115 & SR-86",El Centro                               ,CA,32.789332,-115.566508,4.499
10101,PILOT TRAVEL CENTERS #65,"I-20, EXIT 194",Augusta                                 ,GA,33.511692,-82.099505,3.859
10101,PILOT TRAVEL CENTER #65,"I-20, EXIT 194",Augusta                                 ,GA,33.511692,-82.099505,3.859
10104,GEO H GREEN OIL,"I-85/SR-403, EXIT 41 & US-27 ALT",Newnan,GA,33.389404,-84.816952,3.199
10109,GIT N GO CONVENIENCE STORE #34,"US-30, EXIT 185 & SR-14",Marshalltown,IA,42.040482,-92.91269,3.119
10110,JACKSON'S FOODS DBA ONE9 #1427,"I-84, EXIT 36",Nampa,ID,43.58342,-116.584818,3.37066666
10116,Petro Stopping Center #359,"I-39/US-51, EXIT 99 & SR-38",Rochelle,IL,41.928156,-89.071035,3.759
10122,LOVES TRAVEL STOP #417,"I-80 & I-94, EXIT 9A",Gary,IN,41.593333,-87.346389,3.809
10126,PILOT TRAVEL CENTERS #152,"I-65, EXIT 16 & MEMPHIS RD",Memphis,IN,38.464181,-85.777501,3.959
10126,PILOT TRAVEL CENTER #152,"I-65, EXIT 16 & MEMPHIS RD",Memphis,IN,38.464181,-85.777501,3.959
10128,PETES #20,US-54/SR-7 & US-69,Fort Scott,KS,37.834159,-94.704221,3.199
10135,YESWAY #1116,"I-35, EXIT 60",Mcpherson,KS,38.373732,-97.654989,3.259
10142,PILOT TRAVEL CENTERS #438,"I-65, EXIT 6 & SR-100",Franklin,KY,36.725353,-86.570043,3.169
10144,PILOT TRAVEL CENTERS #358,"I-24 & US-305, EXIT 3",Paducah,KY,37.063377,-88.663204,3.699
10146,PILOT TRAVEL CENTERS #437,"I-75, EXIT 11 & SR-92",Williamsburg,KY,36.735535,-84.143592,3.609
10150,PILOT TRAVEL CENTERS #300,"I-12, EXIT 40",Hammond,LA,30.51908,-90.487856,3.23233333
10154,I 49 TRUCK STOP,"I-49, EXIT 23 & US-167",Opelousas                               ,LA,30.51442,-92.089668,3.199
10157,J AND  H OIL,"US-131, EXIT 72",Byron Center,MI,42.801614,-85.713602,3.599
10157,J AND  H OIL,"US-131, EXIT 72",Byron Center,MI,42.801614,-85.713602,3.499
10161,SPEEDWAY #8740,"I-69, EXIT 87",Dewitt,MI,42.842784,-84.579654,3.759
10161,SPEEDWAY #8740,"I-69, EXIT 87",Dewitt,MI,42.842784,-84.579654,3.599
10168,Express Stop,"I-94, EXIT 145",Jackson                                 ,MI,42.254522,-84.387476,3.589
10172,EXPRESS STOP FOOD STORE #4647,"I-75, EXIT 151 & SR- 81",Saginaw,MI,43.404692,-83.915626,3.399
10181,QUIKTRIP #611,I-55 EXIT 178,Herculaneum,MO,38.260087,-90.387095,2.99066666
10184,CIRCLE K #2721544,"I-55, EXIT 243 & US-278/SR-6",Batesville,MS,34.331651,-89.91418,3.309
10192,INTERSTATE STATION #8,"I-55, EXIT 78                 ",Natchez                                 ,MS,31.54924,-91.364214,3.399
20000,BIG BOYS TRUCK STOP,"I-95, EXIT 105",Kenly,NC,35.607742,-78.138227,3.299
20003,PILOT #7976,"I-77, EXIT 42",Troutman,NC,35.686271,-80.882229,3.659
20006,CENEX C STORE,US-52,Kenmare,ND,48.673149,-102.071745,3.46733333
20009,BIG SPRINGS TRUCK AND TRAVEL,"I-80, EXIT 107",Big Springs,NE,41.069621,-102.093273,3.074
20011,CUBBYS #111,US-81,Norfolk,NE,42.032914,-97.422898,3.209
20012,FLYING J TRAVEL PLAZA #686,"I-80, EXIT 432",Gretna,NE,41.134458,-96.245837,3.28233333
20014,SIMONS EXIT 16,"I-89, EXIT 16",Enfield                                 ,NH,43.625584,-72.127014,3.499
20019,SUNOCO,"I-295, EXIT 2C & SR-140",Penns Grove,NJ,39.717938,-75.465623,3.459
20024,LOVES TRAVEL STOP #259,"I-10 & AIRPORT RD, EXIT 132",Las Cruces,NM,32.321641,-106.746034,3.214
20027,LOVES TRAVEL STOP #262,"I-40, EXIT 333",Tucumcari,NM,35.168003,-103.717935,3.889
20028,MORTONS TRUCK STOP,"I-15, EXIT 46",North Las Vegas,NV,36.4475,-114.851389,3.399
20031,FLYING J TRAVEL PLAZA #770,"I-80, EXIT 176",Winnemucca                              ,NV,40.966418,-117.746693,3.77733333
20033,LOVES TRAVEL STOP #772,"I-86 & SR-17, EXIT 37",Bath,NY,42.345451,-77.323255,4.489
20036,SMOKIN JOES,I-90 EXIT 24,Sanborn                                 ,NY,43.141879,-78.878522,3.699
20042,FLYING J TRAVEL PLAZA #700,I-80 & I-90 EXIT 71,Perrysburg,OH,41.542926,-83.592727,3.759
20043,FRIENDSHIP FOOD MART #70,SR-2 & SR-53,Port Clinton,OH,41.521535,-82.909368,3.939
20045,PILOT TRAVEL CENTERS #281,"I-80, EXIT 226",Girard,OH,41.161136,-80.693305,3.45233333
20049,LOVES TRAVEL STOP #263,"I-44, EXIT 45 & SR-49",Lawton,OK,34.591467,-98.369783,3.21733333
20050,LOVES TRAVEL STOP #260,"I-35, EXIT 106 & SR-9 W",Norman,OK,35.2212,-97.4448,3.254
20054,Jacksons Food Stores,"I-84, EXIT 261",La Grande,OR,45.330435,-118.085228,3.687
20062,PILOT TRAVEL CENTERS #298,"I-80, EXIT 256 & SR-93",Drums,PA,41.025525,-75.97676,3.97566666
20066,KWIK FILL #228,"I-90, EXIT 45 & US-20",North East,PA,42.200793,-79.833179,4.089
20070,ONVO TRAVEL PLAZA - PROMISED LAND,"I-84, EXIT 26 & SR-390",Tafton,PA,41.369445,-75.101598,3.54566666
20072,PILOT TRAVEL CENTERS #310,"I-85, EXIT 63 & SR-290",Duncan,SC,34.917645,-82.125821,3.43233333
20079,PETRO KINGSTON SPRINGS #349,"I-40, EXIT 188",Kingston Springs,TN,36.095324,-87.115646,3.23233333
20082,GOLDEN EXPRESS TRUCK STOP,US-287/US-81 & CR-1595,Alvord,TX,33.36982,-97.688488,3.049
20083,FLYING J TRAVEL PLAZA #724,"I-10, EXIT 0",Anthony                                 ,TX,31.990718,-106.597625,3.459
20086,LOVES TRAVEL STOP #609,"I-35, EXIT 471 & US-77",Denton,TX,33.22893,-97.131436,3.24733333
20105,CEFCO #1050,"I-30, EXIT 146 & US-37",Mount Vernon,TX,33.170204,-95.218106,2.94233333
20108,TEX-BEST #501,"I-37, EXIT 125",Elmendorf                               ,TX,29.230793,-98.371982,2.949
20109,PILOT TRAVEL CENTERS #306,"I-10, EXIT 582",San Antonio                             ,TX,29.468525,-98.526352,3.214
20114,CROSSROADS,"I-10, EXIT 829 & SR-124",Winnie                                  ,TX,29.815676,-94.339499,4.249
20118,KWIK TRIP #648,"I-94, EXIT 116 & SR-54",Black River Falls,WI,44.292101,-90.847952,3.23733333
20119,FREMONT CITGO,US-10 & SR-110,Fremont,WI,44.237884,-88.844852,3.399
20121,GO MART FOOD STORE #50,"I-77/I-64, EXIT 44 & SR-3",Beckley,WV,37.793214,-81.206084,3.599
44228,I-69 TRUCKSTOP TRAVEL CENTER,"I-69, EXIT 184 & SR-19",Memphis,MI,42.905955,-82.769623,3.599
44228,I-69 TRUCKSTOP TRAVEL CENTER,"I-69, EXIT 184 & SR-19",Memphis,MI,42.905955,-82.769623,3.499
44228,I-69 TRUCKSTOP TRAVEL CENTER,"I-69, EXIT 184 & SR-19",Memphis,MI,42.905955,-82.769623,3.549
52040,REBEL TRUCK STOP,"I-5, EXIT 27",Kalama,WA,46.011229,-122.816588,4.499
52048,PILOT TRAVEL CENTERS #302,"I-10, EXIT 13 & CR-30",Theodore,AL,30.544374,-88.180748,3.199
52048,PILOT TRAVEL CENTER #302,"I-10, EXIT 13 & CR-30",Theodore,AL,30.544374,-88.180748,3.159
52052,EXPRESSWAY MOBIL,US-63 & US-167,El Dorado,AR,33.20735,-92.662856,3.599
52065,76 DBA ONE9 #1415,"I-75, EXIT 49",Lake Panasoffkee,FL,28.795261,-82.136279,3.17233333
52067,PETRO STOPPING CENTER #322,"I-285, EXIT 12",Atlanta,GA,33.749788,-84.31685,3.44566666
52070,FRIENDLY EXPRESS #31,US-1 & US-301,Folkston,GA,30.850838,-82.011617,3.099
52081,MCCLURE OIL #9,US-31 & SR-18,Kokomo,IN,40.49884,-86.145273,3.839
52085,RUSSELL 24/7,"I-70, EXIT 184",Russell,KS,38.880563,-98.859451,3.00733333
52088,CASEYS #4459,"I-64, EXIT 265",Mayfield,KY,36.732686,-88.650637,3.249
52089,SHELL,US-84 & SR-28,Jonesville,LA,31.636486,-91.845812,3.399
52090,SHOP A LOTT #10,"I-49, EXIT 138 & SR-6",Natchitoches                            ,LA,31.761688,-93.091572,3.12566666
52099,BEACON & BRIDGE #7,"I-75, EXIT 126",Mount Morris,MI,43.11601,-83.689523,3.379
52103,SPRINT MART #27,US-45 & US-72,Corinth,MS,34.93236,-88.543884,3.05566666
52104,BLUE SKY #734,SR-1,Saltillo                                ,MS,34.383128,-88.66736,3.08233333
52106,FLYING J TRAVEL PLAZA #923 -TOWN PUMP,"I-90, EXIT 455",Billings                                ,MT,45.774489,-108.500452,3.58066666
52107,PILOT #7983,"I-85,  EXIT 71",Salisbury,NC,35.651498,-80.488945,3.499
52112,SROKAS SERVICE CENTER,SR-149,Fort Ann,NY,43.428457,-73.478381,3.799
52112,SROKAS SERVICE CENTER,SR-149,Fort Ann,NY,43.428457,-73.478381,3.899
52112,SROKAS SERVICE CENTER,SR-149,Fort Ann,NY,43.428457,-73.478381,3.999
52128,Sudden Service #8087,I-40 EXIT 238,Lebanon,TN,36.209792,-86.302367,3.199
52140,Sinclair,"I-82, EXIT 69",Sunnyside,WA,46.321273,-120.012631,4.599
52142,PILOT TRAVEL CENTERS #296,"I-94 & BAKER RD, EXIT 167",Dexter,MI,42.35832,-83.900028,3.499
52142,PILOT TRAVEL CENTERS #296,"I-94 & BAKER RD, EXIT 167",Dexter,MI,42.35832,-83.900028,3.659
52142,PILOT TRAVEL CENTERS #296,"I-94 & BAKER RD, EXIT 167",Dexter,MI,42.35832,-83.900028,3.579
52142,PILOT TRAVEL CENTERS #296,"I-94 & BAKER RD, EXIT 167",Dexter,MI,42.35832,-83.900028,3.649
52143,One9 #319,"I-75, EXIT 328",Dalton,GA,34.7697,-84.9702,3.01566666
52145,Pilot Travel Center #318,"I-465/I-74/US-52/US-40/SR-67, EXIT 4 & SR-37",Indianapolis,IN,39.938417,-86.13894,3.899
52145,Pilot Travel Centers#318,"I-465/I-74/US-52/US-40/SR-67, EXIT 4 & SR-37",Indianapolis,IN,39.938417,-86.13894,3.899
52146,FLYING J TRAVEL PLAZA #758,"I-25, EXIT 185 & SR-258",Casper,WY,42.845763,-106.316571,3.999
52149,PILOT TRAVEL CENTERS #321,"I-75/71, EXIT 175 & SR-338",Walton,KY,38.887491,-84.63277,3.08566666
52150,PILOT TRAVEL CENTERS #311,"I-90, EXIT 27 & SR-97",Erie,PA,42.125962,-80.08601,4.21566666
52152,PILOT TRAVEL CENTERS #308,"I-80 , EXIT 310",Laramie,WY,41.312907,-105.581146,3.609
52153,PILOT TRAVEL CENTER #1412,"I-94 & RUSSELL RD, EXIT 1",Wadsworth,IL,42.446032,-87.904048,3.769
52153,PILOT #1412,"I-94 & RUSSELL RD, EXIT 1",Wadsworth,IL,42.446032,-87.904048,3.829
52153,PILOT #1412,"I-94 & RUSSELL RD, EXIT 1",Wadsworth,IL,42.446032,-87.904048,3.769
52155,TA SOUTHINGTON TRAVEL CENTER,"I-84, EXIT 28 & US-65",Milldale,CT,41.565833,-72.892222,5.199
52163,PILOT TRAVEL CENTER #67,"I-75, EXIT 296",Cartersville,GA,34.186975,-84.820401,3.56566666
52163,PILOT TRAVEL CENTERS #67,"I-75, EXIT 296",Cartersville,GA,34.186975,-84.820401,3.549
52212,FLYING J TRAVEL PLAZA #763,"I-80, EXIT 209",Rawlins,WY,41.795131,-107.234883,3.749
52221,FLYING J TRAVEL PLAZA #726,"I-20, EXIT 472",Dallas,TX,32.996848,-96.792113,3.18233333
52222,FLYING J TRAVEL PLAZA #735,"I-10, EXIT 873 & SR-62",Orange,TX,30.125167,-93.771883,3.309
52230,ONE9 #294,"I-15 & I-84, EXIT 344 SR-39",Ogden                                   ,UT,41.2443,-112.0072,3.32566666
52233,SPEEDWAY #2953,"US-80, EXIT 3",Yuma,AZ,32.701507,-114.642362,3.46566666
52235,PETRO STOPPING CENTER #303,"I-80, EXIT 310",Laramie,WY,41.312907,-105.581146,3.57566666
52236,CHEVRON,US-60,Globe,AZ,33.402426,-110.789247,4.299
52239,PILOT TRAVEL CENTER #192,"I-75, EXIT 60",Tifton,GA,31.450278,-83.508611,3.619
52239,PILOT TRAVEL CENTERS #192,"I-75, EXIT 60",Tifton,GA,31.450278,-83.508611,3.599
52241,Rocket,"I-25/US-85/US-87, EXIT 161 & SR-105",Monument                                ,CO,39.100726,-104.85416,3.195
52250,PILOT TRAVEL CENTERS #222,I-84 EXIT 1,Sturbridge,MA,42.112619,-72.084233,4.159
52255,GREATER CHICAGO I 55,"I-55, EXIT 267 & SR-53",Bolingbrook,IL,41.697605,-88.087315,3.609
52255,GREATER CHICAGO I 55,"I-55, EXIT 267 & SR-53",Bolingbrook,IL,41.697605,-88.087315,3.319
52262,CIRCLE K #2721577,US-84 & SR-21,Monroeville,AL,31.51533,-87.340993,3.434
52278,NEIGHBORS EXPRESS,US-25/SR-121/SR-23/SR-67,Millen                                  ,GA,32.787739,-81.961807,3.38233333
52297,IGA EXPRESS SHELL #874,"I-65, EXIT 20",Bowling Green,KY,37.007874,-86.455891,2.999
52299,415 TRUCK STOP,"I-10, EXIT 151 & SR-415",Port Allen,LA,30.471983,-91.254088,3.089
52302,LONGHORN TRUCK AND CAR PLAZA,"I-10, EXIT 4",Vinton                                  ,LA,30.201523,-93.572808,3.274
52304,Fast Stop,"I-10, EXIT 182 & SR-22",Sorrento,LA,30.185388,-90.86314,3.699
52307,CASEYS #3002,SR-60 & SR-30/SR-4,Saint James,MN,43.987519,-94.622935,3.219
52313,CIRCLE K #2723445,"I-20, EXIT 5A & US-61/SR-27",Vicksburg,MS,32.325824,-90.85065,2.959
52322,BOLLA MARKET,"I-95, EXIT 13",Elizabeth,NJ,40.67169,-74.204335,3.099
52323,POWER,"I-78, EXIT 58 & SR-9/SR-1",Newark,NJ,40.7308,-74.1744,4.299
52325,MIRABITO #69,"I-88, EXIT 15 & SR-23",Oneonta,NY,42.462453,-75.049072,3.999
52326,MR FUEL #715,"I-70, EXIT 203",Foristell,MO,38.762557,-90.934328,2.92566666
52334,KWIK TRIP #775,"I-90, EXIT 69 & SR-82",Mauston,WI,43.793383,-90.064085,3.28733333
52335,SHELL,"I-295, EXIT 3",Disputanta,VA,37.148268,-77.273172,3.029
52340,KWIK FILL #249,US-22,Duncansville,PA,40.426228,-78.43833,4.07233333
52344,STAMART 1224,"I-94, EXIT 166",Bismarck,ND,46.823448,-100.774755,3.61566666
52346,QUARLES #4436,"I-695, EXIT 41 & SR-151",Dundalk                                 ,MD,39.26486,-76.502484,3.699
52348,SHELL,"I-75, EXIT47 & SR-85",Detroit,MI,42.347429,-83.060398,3.699
52361,PAYLESS FUEL TRAVEL CENTER,"I-20, EXIT 470",Dallas,TX,32.996848,-96.792113,2.98566666
52363,SPEEDWAY #2376,US-131 & SR-46,Cedar Springs,MI,43.22148,-85.545238,3.899
52364,PILOT TRAVEL CENTERS #335,"I-20 & SR-137, EXIT 138",Rayville,LA,32.468938,-91.7643,3.21233333
52365,MOORES SUPER STORE,US-43/US-278/SR-171,Hamilton,AL,34.153413,-88.008521,3.799
52366,ALMA TRAVEL MART,"I-40, EXIT 13 & US-71",Alma,AR,35.500043,-94.207337,3.33233333
52367,DOSWELL TRUCK STOP,"I-95, EXIT 98 & SR-30",Doswell,VA,37.841682,-77.512521,2.899
52383,FLYING J TRAVEL PLAZA #601,"I-20/I-59, EXIT 104",Mc Calla,AL,33.284546,-87.102379,3.17066666
52384,PILOT TRAVEL CENTERS #337,"I-95, EXIT 164 & US-52",Florence,SC,34.18375,-79.772786,3.349
52385,Flying J Travel Plaza #696,"I-71, EXIT 131",Sunbury,OH,40.265499,-82.851051,3.719
52387,MARATHON,"I-55, EXIT 265 & SR-4",Senatobia,MS,34.632306,-89.885501,3.199
52388,FLYING J TRAVEL PLAZA #711,"I-85, EXIT 102",Blacksburg,SC,35.115047,-81.508004,3.429
52393,CASEYS #3004,SR-15 & CR-52,Truman,MN,43.820008,-94.431862,3.299
52400,PILOT TRAVEL CENTERS #324,"I-94/US-41, EXIT 329",Franksville,WI,42.785892,-87.987273,3.889
52401,LOVES TRAVEL STOP #267,"I-40, EXIT 107 & SR-95",Morrilton,AR,35.169227,-92.735436,3.36066666
52402,FLYING J TRAVEL PLAZA #665,"I-20, EXIT 3 & SR-79",Greenwood,LA,32.424025,-93.969252,3.14566666
52403,FLYING J TRAVEL PLAZA #676,"I-10, EXIT 31",Gulfport,MS,30.382556,-89.097618,3.14566666
52404,PETRO WELLS,"I-80, EXIT 352",Wells,NV,41.129798,-114.532752,3.73233333
52405,FLYING J TRAVEL PLAZA #636,"I-80, EXIT 292",Davenport                               ,IA,41.5218,-90.5743,3.87233333
52411,SAPP BROS TRAVEL CENTER,"I-215, EXIT 21",Salt Lake City,UT,40.755851,-111.896657,3.399
52413,PILOT TRAVEL CENTERS #360,"I-75 & SR-613, EXIT 164",Findlay                                 ,OH,41.044167,-83.65,3.31566666
52414,Mobil dba ONE9 #1341,"I-5, EXIT 208",Arlington,WA,48.18293,-122.112126,3.799
52421,SHEETZ #194,"I-80, EXIT 97",Falls Creek,PA,41.145505,-78.812791,3.30733333
52422,KWIK TRIP #674,"I-94, EXIT 45 & US-12/SR-29",Menomonie,WI,44.87182,-91.92651,3.499
52423,PILOT TRAVEL CENTER #908- TOWN PUMP,"I-15 & I-90, EXIT 122",Butte,MT,45.991579,-112.517807,3.56566666
52426,J MART #322,"I-65, EXIT 322",Falkville,AL,34.347653,-86.913086,3.199
52427,PILOT TRAVEL CENTERS #340,"I-80, EXIT 46",Fernley,NV,39.601888,-119.235044,3.91566666
52428,PILOT TRAVEL CENTERS #338,"I-26, EXIT 115 & US-321",West Columbia,SC,33.995024,-81.088836,3.499
52430,CHEVRON FOOD MART,"I-75, EXIT 350 & SR-2",Ringgold,GA,34.92052,-85.154908,2.859
52431,WOODBINE TRAVEL CENTER,"I-95, EXIT 14",Woodbine,GA,30.943692,-81.678313,3.03233333
52435,CM WINNERS CHOICE,"I-10 & SR-108, EXIT 23",Sulphur,LA,30.219001,-93.363911,3.299
52438,NEW MADRID,"I-55, EXIT 52/SR-P",New Madrid,MO,36.607284,-89.536645,3.269
52439,CIRCLE K #2723395,US-11,Hattiesburg,MS,31.314553,-89.306471,3.199
52441,PILOT #6990,"I-95, EXIT 106",Kenly,NC,35.607742,-78.138227,3.709
52450,PILOT #1290,"I-35, EXIT 410 & US-77",Red Oak,TX,32.516096,-96.820337,3.299
52452,PLAINVIEW TRAVEL PLAZA,"US-41, EXIT 113 & SR-26",Oshkosh,WI,44.021962,-88.543635,3.199
52454,PILOT TRAVEL CENTERS #6,"I-70, EXIT 178 & SR-209",Cambridge,OH,40.030501,-81.591277,3.509
52455,LOVES TRAVEL STOP #266,"I-35, EXIT 32",Ardmore,OK,34.176681,-97.134157,3.649
52456,PILOT TRAVEL CENTERS #317,"I-44, EXIT 4 (ST 435)",Joplin,MO,37.096858,-94.505144,3.41233333
52458,PILOT TRAVEL CENTERS #332,"I-40, EXIT 161 & SR-391",North Little Rock,AR,34.766974,-92.265376,3.239
52458,PILOT TRAVEL CENTER #332,"I-40, EXIT 161 & SR-391",North Little Rock,AR,34.766974,-92.265376,3.237
52461,FLORENCE VALERO,US-130,Burlington                              ,NJ,40.068015,-74.845353,3.13566666
52463,PILOT TRAVEL CENTERS #341,"I-15, EXIT 48",North Las Vegas,NV,36.4475,-114.851389,3.69566666
52464,7-ELEVEN #40118,ST 220 & I-180,Muncy,PA,41.213715,-76.763258,4.359
52465,FLYING J TRAVEL PLAZA #605,"I-40, EXIT 84",Russellville,AR,35.284208,-93.131476,3.369
52466,FLYING J TRAVEL PLAZA #784,"I-95, EXIT 100 & SR-272",North East,MD,39.604535,-75.953805,4.199
52467,FLYING J TRAVEL PLAZA #712,"I-20, EXIT 70",Columbia,SC,34.072613,-81.179617,3.43233333
52468,FLYING J TRAVEL PLAZA #703,"I-40, EXIT 140",Oklahoma City,OK,35.3337,-97.4922,3.309
52469,LOVES TRAVEL STOPS #269,US-287/US-82/SR-79 & US-281,Wichita Falls,TX,33.905284,-98.497645,3.149
52469,LOVES TRAVEL STOP #269,US-287/US-82/SR-79 & US-281,Wichita Falls,TX,33.905284,-98.497645,3.123
52470,QUIKTRIP #562,"I-80, EXIT 136",Des Moines,IA,41.6005,-93.6088,3.04733333
52471,FLYING J TRAVEL PLAZA #695,"I-75, EXIT 135",Beaverdam,OH,40.833333,-83.976667,3.33066666
52472,FLYING J TRAVEL PLAZA #708,"I-81, EXIT 52",Carlisle,PA,40.203877,-77.199526,4.109
52473,FLYING J TRAVEL PLAZA #743,"I-15, EXIT 222",Nephi,UT,39.692275,-111.8359,3.71566666
52474,PILOT TRAVEL CENTERS #17,"I-94, EXIT 104",Battle Creek,MI,42.3053,-85.1389,3.959
52474,PILOT TRAVEL CENTERS #17,"I-94, EXIT 104",Battle Creek,MI,42.3053,-85.1389,3.999
52474,PILOT TRAVEL CENTERS #17,"I-94, EXIT 104",Battle Creek,MI,42.3053,-85.1389,3.979
52477,PETRO FARGO #361,"I-94, EXIT 348",Fargo,ND,46.900878,-96.793577,3.499
52478,LOVES TRAVEL STOP #418,"I-64, EXIT 172",Grayson,KY,38.328037,-82.965087,3.75566666
52479,PETRO CARNESVILLE #377,"I-85, EXIT 160",Carnesville,GA,34.394723,-83.279209,3.154
52480,LOVES TRAVEL STOP #268,US6-9 & US-75,Atoka,OK,34.34451,-96.141827,3.489
52482,KING TRAVEL PLAZA,"I-95, EXIT 6",Kingsland,GA,30.797681,-81.707483,3.109
52483,FLYING J TRAVEL PLAZA #659,"I-70, EXIT 253",Salina,KS,38.823802,-97.608787,3.77233333
52484,KWIK STAR #303,"I-80, EXIT 201 & US-21",Brooklyn,IA,41.732147,-92.428462,3.129
52510,Valero,SR-9,Maysville                               ,KY,38.619716,-83.758858,3.599
52511,JOES JUNCTION #9,"I-65, RAYMOND EXIT",Indianapolis,IN,39.938417,-86.13894,3.459
52512,LOVES TRAVEL STOPS #270,"I-20, EXIT 349",Ranger,TX,32.46809,-98.674659,3.189
52512,LOVES TRAVEL STOP #270,"I-20, EXIT 349",Ranger,TX,32.46809,-98.674659,3.213
52513,FLYING J TRAVEL PLAZA #678,"I-20 & I-55, EXIT 47",Pearl,MS,32.276837,-90.102714,3.149
52514,FLYING J TRAVEL PLAZA #671,"I-55, EXIT 58",Matthews,MO,36.807528,-89.576833,3.239
52516,FLYING J TRAVEL PLAZA #612,"I-40, EXIT 255",Winslow,AZ,35.16078,-110.511382,3.624
52517,STRIPES 7FLEET #42562,US-84 & US-385,Littlefield,TX,33.921195,-102.320697,3.199
52520,DANDY MINI MART #19,"ROUTE 17, EXIT 59-A",Sayre,PA,41.984222,-76.521757,3.99233333
52527,PETRO STOPPING CENTER #323,"I-75, EXIT 368",Reddick,FL,29.375352,-82.243995,3.35233333
52528,QUIKTRIP #150,"I-70, EXIT 28",Oak Grove,MO,38.998456,-94.139946,2.959
52529,BIG SKY TRUCK STOP,"I-15, EXIT 56 N",Dillon,MT,45.23394,-112.640452,3.689
52531,FLYING J FUEL STOP #768,"I-435, EXIT 57",Kansas City,MO,39.163189,-94.569882,3.38233333
52534,LEES FOOD MART #1122,"I-75, EXIT 122 & SR-61",Clinton,TN,36.08688,-84.189735,2.969
52535,PWI #115,"I-45, EXIT 178",Buffalo,TX,31.457151,-96.058516,2.899
52537,TA Express Osseo #431,"I-94, EXIT 88",Osseo,WI,44.559923,-91.219148,3.469
52539,PILOT TRAVEL CENTERS #331,"I-285 , EXIT 51",Atlanta,GA,33.749788,-84.31685,3.599
52539,PILOT TRAVEL CENTER #331,"I-285 , EXIT 51",Atlanta,GA,33.749788,-84.31685,3.599
52541,PANTRY TRUCKSTOP,US-2/US-41,Rapid River,MI,45.910662,-86.88449,3.499
52541,PANTRY TRUCKSTOP,US-2/US-41,Rapid River,MI,45.910662,-86.88449,3.319
52541,PANTRY TRUCKSTOP,US-2/US-41,Rapid River,MI,45.910662,-86.88449,3.399
52542,FLYING J TRAVEL PLAZA #624,"I-75, EXIT 285 & SR-52",San Antonio,FL,28.337139,-82.288237,3.599
52546,CIRCLE K #2723910,US-84 & US-27,Bainbridge,GA,30.9355,-84.5809,3.599
52548,Henderson Fuel Mart,"I-80, EXIT 342",Henderson                               ,NE,40.781374,-97.797865,2.899
52549,SPEEDWAY #3328,"I-77, EXIT 159 A",Cleveland,OH,41.4918,-81.6757,3.799
52550,PILOT TRAVEL CENTERS #404,"I-24, EXIT 81 SE",Murfreesboro,TN,35.7913,-86.357,3.47233333
52551,PILOT TRAVEL CENTERS #374,"I-10, EXIT 142 & SR-71",Marianna,FL,30.758587,-85.229367,3.599
52551,PILOT TRAVEL CENTER #374,"I-10, EXIT 142 & SR-71",Marianna,FL,30.758587,-85.229367,3.599
52552,FLYING J TRAVEL PLAZA #672,"I-49/US-71, EXIT167 & CR-J",Peculiar,MO,38.716453,-94.44053,3.42233333
52553,FLYING J TRAVEL PLAZA #689,"I-40, EXIT 153",Albuquerque,NM,35.0936,-106.6423,3.549
52557,SPRINT MART #40,US-72 & SR-247,Tuscumbia,AL,34.687432,-87.683259,3.189
52558,LOVES TRAVEL STOP #271,"I-40, EXIT 37 & US-219",Ozark,AR,35.524645,-93.837423,3.39233333
52562,MOBIL,"I-87, EXIT 36                 ",Plattsburgh                             ,NY,44.692715,-73.465969,3.799
52563,FLYING J TRAVEL PLAZA #631,"I-75, EXIT 2",Lake Park,GA,30.690615,-83.175293,3.32233333
52564,FLYING J TRAVEL PLAZA #669,"I-44, EXIT 11A & US-71/SR-249 & SR-FF",Joplin,MO,37.096858,-94.505144,3.41233333
52565,PILOT TRAVEL CENTERS #377,"I-35, EXIT 13",Laredo,TX,27.515538,-99.498579,3.599
52566,YUMM,"I-35, EXIT 8",Laredo,TX,27.515538,-99.498579,2.87566666
52575,PILOT TRAVEL CENTERS #775,"I-15, EXIT 4",Saint George,UT,37.106651,-113.595261,3.67566666
52577,PILOT TRAVEL CENTER #329,"I-29 & I-80, EXIT 1B",Council Bluffs,IA,41.252954,-95.880992,3.659
52577,PILOT TRAVEL CENTERS #329,"I-29 & I-80, EXIT 1B",Council Bluffs,IA,41.252954,-95.880992,3.659
52580,LOVES TRAVEL STOP #405,"I-95, EXIT 29",Brunswick,GA,31.169652,-81.493045,3.321
52580,LOVES TRAVEL STOPS #405,"I-95, EXIT 29",Brunswick,GA,31.169652,-81.493045,3.389
52581,TA WILLCOX TRAVEL CENTER,"I-10, EXIT 340",Willcox,AZ,32.372977,-109.863111,3.28233333
52582,JRs Oasis,SR-50,Yankton,SD,42.882086,-97.398624,3.149
52585,SUPERPUMPER #22,"I-94, EXIT 42",Belfield,ND,46.887728,-103.179515,3.529
52587,PILOT TRAVEL CENTERS #380,"I-81, EXIT 25 & I-90, EXIT 36",Liverpool,NY,43.109925,-76.186999,4.159
52588,STRIPES #42564,US-87,Lubbock,TX,33.586527,-101.860634,3.199
52590,FLYING J TRAVEL PLAZA #661,"I-65, EXIT 2 & US-31W",Franklin,KY,36.725353,-86.570043,3.169
52591,FLYING J TRAVEL PLAZA #749,"I-95, EXIT 104",Ruther Glen,VA,37.945059,-77.47135,3.619
52594,PILOT TRAVEL CENTERS #348,"I-70, EXIT 32B",Bentleyville,PA,40.118702,-80.006987,4.109
52595,7-ELEVEN #40281,"I-476,  EXIT 35/95",Jim Thorpe,PA,40.870002,-75.739665,3.589
52597,7-ELEVEN #40278,"I-81, EXIT 44 & I-76",Plainfield,PA,40.203056,-77.290278,3.96733333
52598,7-ELEVEN #40283,"I-76, EXIT 19/247",Middletown,PA,40.204086,-76.733127,3.97066666
52599,7-ELEVEN #40285,"I-76, EXIT 21/286",Bowmansville,PA,40.196667,-76.017778,3.97066666
52601,LOVES TRAVEL STOP #236,"I-40, EXIT 161 & SR-391",North Little Rock,AR,34.766974,-92.265376,3.22066666
52602,7-ELEVEN #40277,"I-76, EXIT 16/226",Newburg,PA,40.13333,-77.566915,4.299
52603,CASEYS #3364,US-281 & SR-200,Carrington,ND,47.453918,-99.108226,3.439
52605,PILOT TRAVEL CENTER #39,"I-57, EXIT 335",Monee,IL,41.419133,-87.77484,3.559
52605,PILOT TRAVEL CENTERS #39,"I-57, EXIT 335",Monee,IL,41.419133,-87.77484,3.459
52605,PILOT TRAVEL CENTERS #39,"I-57, EXIT 335",Monee,IL,41.419133,-87.77484,3.399
52605,PILOT TRAVEL CENTER #39,"I-57, EXIT 335",Monee,IL,41.419133,-87.77484,3.399
52605,PILOT TRAVEL CENTER #39,"I-57, EXIT 335",Monee,IL,41.419133,-87.77484,3.439
52607,PILOT TRAVEL CENTERS #409,"I-40, EXIT 172",Dickson                                 ,TN,36.076014,-87.399532,3.19233333
52608,PILOT #7971,"I-40, EXIT 133",Conover,NC,35.731343,-81.216455,3.699
52610,TA HARBORCREEK TRAVEL CENTER,"I-90, EXIT 35",Erie,PA,42.125962,-80.08601,4.199
52611,STRIPES #40530,SR-239,Del Rio,TX,29.373881,-100.891555,3.229
52612,STRIPES 7FLEET #42568,US-60 & CR-G,Hereford,TX,34.837037,-102.40503,3.35066666
52615,PILOT TRAVEL CENTERS #4,"I-90, EXIT 151",Avon,OH,41.446713,-82.020359,3.879
52616,PILOT TRAVEL CENTER #28,I-69 EXIT 234,Daleville,IN,40.125738,-85.511016,3.649
52616,PILOT TRAVEL CENTERS #28,I-69 EXIT 234,Daleville,IN,40.125738,-85.511016,3.519
52618,PILOT TRAVEL CENTERS #63,"I-85, EXIT 35",Piedmont,SC,34.724433,-82.470216,3.22233333
52620,GOODLAND 24/7 STORE,"I-70, EXIT 19",Goodland,KS,39.349099,-101.716396,3.08733333
52621,CORNER MARKET #111,"I-70, EXIT 27",Goodland,KS,39.349099,-101.716396,3.059
52622,STRIPES 7FLEET #42567,I-20,Stanton,TX,32.139992,-101.809887,3.01566666
52623,TA WILLINGTON TRAVEL CENTER,"I-84, EXIT 71",Willington,CT,41.873996,-72.272774,5.199
52624,PILOT TRAVEL CENTERS #390,"I-84, EXIT 188 & US-395",Stanfield,OR,45.785988,-119.211602,3.469
52625,FLYING J TRAVEL PLAZA #673,"I-44, EXIT 226 & SR-85",Sullivan                                ,MO,38.230706,-91.156662,3.324
52626,FLYING J TRAVEL PLAZA #627,"I-95/SR-405, EXIT 29 & US-82/US-17/SR-25/SR-520",Brunswick,GA,31.169652,-81.493045,3.39566666
52628,One9 Pride #1215,"I-10, EXIT 45",Salome,AZ,33.748141,-113.571459,3.379
52628,Pride Travel Center dba One9 #1215,"I-10, EXIT 45",Salome,AZ,33.748141,-113.571459,3.359
52629,LOVES TRAVEL STOPS #413,"I-90, EXIT 106 & US-97",Ellensburg,WA,46.999632,-120.516274,3.889
52629,LOVES TRAVEL STOP #413,"I-90, EXIT 106 & US-97",Ellensburg,WA,46.999632,-120.516274,3.829
52629,LOVES TRAVEL STOP #413,"I-90, EXIT 106 & US-97",Ellensburg,WA,46.999632,-120.516274,3.949
52629,LOVES TRAVEL STOP #413,"I-90, EXIT 106 & US-97",Ellensburg,WA,46.999632,-120.516274,3.889
52630,PILOT TRAVEL CENTERS #386,"I-5, EXIT 263",Salem,OR,44.926039,-122.979692,3.859
52632,LOVES TRAVEL STOP #451,"I-65, EXIT 95 & CR-500",Whiteland,IN,39.555313,-86.093476,3.949
52633,PILOT TRAVEL CENTERS #57,"I-40 & I-85, EXIT 152",Mebane,NC,36.097862,-79.271895,3.959
52634,PETRO STOPPING CENTER #362,"I-80, EXIT 353",York,NE,40.866678,-97.582482,3.299
52635,E EXPRESS at MLK,"I-40 & I-35, EXIT 127",Oklahoma City,OK,35.3337,-97.4922,2.889
52636,LOVES TRAVEL STOP #414,"I-64, EXIT 25B & US-41",Haubstadt,IN,38.189536,-87.579827,3.949
52638,STRIPES 7FLEET #42555,"I-20, EXIT 80 & SR-18",Monahans,TX,31.581294,-102.900273,2.929
52640,SPEEDWAY #8316,US-30 & US-41,Dyer,IN,41.491976,-87.510803,3.649
52642,One9 #61,"I-26, EXIT 52 & SR-56",Clinton,SC,34.470692,-81.87717,3.099
52643,Minit Mart #3,HIGHWAY 277 & FM 1589,Eagle Pass,TX,28.702786,-100.48176,3.199
52644,ONE9 #058,"I-95, EXIT 180 & SR-48",Pleasant Hill                           ,NC,36.521246,-77.519217,3.399
52646,FLYING J TRAVEL PLAZA #619,"I-70, EXIT 285",Aurora,CO,39.737809,-104.815233,3.39233333
52647,FLYING J TRAVEL PLAZA #699,"I-70, EXIT 122",Millersport,OH,39.899307,-82.528348,3.44566666
52648,Stripes #42566,US-67 & SR-158,Ballinger,TX,31.746836,-99.958927,3.05566666
52649,FLYING J TRAVEL PLAZA #623,"I-10, EXIT 192 & US-90",Midway,FL,30.495278,-84.454444,3.799
52651,TA NEW BRAUNFELS TRAVEL CENTER,"I-35, EXIT 193",New Braunfels,TX,29.694733,-98.113041,3.449
52652,PILOT TRAVEL CENTERS #47,"I-275, EXIT 129",Georgetown,KY,38.211712,-84.556179,3.20566666
52656,TRAVELING TIGER CENTER,"I-10, EXIT 87",Sierra Blanca,TX,31.193821,-105.321874,3.15566666
52658,LOVES TRAVEL STOP #274,"I-40, EXIT 221 & SR-27",Okemah,OK,35.447516,-96.306788,3.35566666
52659,LOVES TRAVEL STOP #276,"I-10, EXIT 20",Lordsburg,NM,32.314032,-108.754657,3.45733333
52661,LOVES TRAVEL STOP #281,"I-35 WEST, EXIT 40",Fort Worth,TX,32.7469,-97.3268,3.18733333
52663,EXXON,"I-20/I-59, EXIT 17 & SR-28",Livingston,AL,32.588509,-88.173592,2.979
52664,PETRO STOPPING CENTER #378,I-81 EXIT 178B,Pittston,PA,41.317501,-75.788492,4.16566666
52667,EXPRESS LANE TRAVEL CENTER,"I-20, EXIT 100 & US-80",Lawrence,MS,32.287614,-89.272432,3.299
52669,COLUMBIA TRUCK STOP,US-46,Columbia,NJ,40.938805,-75.054983,3.079
52674,FLYING J TRAVEL PLAZA #738,"I-20/FM707, EXIT 277",Tye,TX,32.447728,-99.868434,3.124
52675,PILOT TRAVEL CENTER #907- TOWN PUMP,"I-94, EXIT 138",Miles City                              ,MT,46.407459,-105.833193,3.499
52676,PILOT TRAVEL CENTERS #336,"I-80, EXIT 97 & US-219",Du Bois,PA,41.126039,-78.752698,4.034
52678,STRIPES 7FLEET #42433,US-277,Bronte,TX,31.878939,-100.298765,3.474
52679,LOVES TRAVEL STOP #404,"I-295, EXIT 56 & I-95, EXIT 7",Bordentown,NJ,40.143141,-74.703249,3.979
52680,PILOT TRAVEL CENTER #91,"I-95, EXIT 329",Saint Johns,FL,30.095578,-81.621701,3.424
52680,PILOT TRAVEL CENTERS #91,"I-95, EXIT 329",Saint Johns,FL,30.095578,-81.621701,3.499
52683,PILOT TRAVEL CENTER #145,"I-40/US-71/US-62, EXIT 72 AND US-412",Springdale,AR,36.183521,-94.176216,3.463
52683,PILOT TRAVEL CENTERS #145,"I-40/US-71/US-62, EXIT 72 AND US-412",Springdale,AR,36.183521,-94.176216,3.459
52684,KWIK STAR #348,US-30/US-67,Clinton,IA,41.851684,-90.207784,3.624
52685,LOVES TRAVEL STOP #275,"I-40/US-63, EXIT 233 & SR-261",Palestine,AR,34.966346,-90.904929,3.31566666
52686,LOVES TRAVEL STOP #278,"I-40, EXIT 277",Joseph City,AZ,34.955833,-110.333333,3.60733333
52687,LOVES TRAVEL STOP #286,"I-10, EXIT 17",Quartzsite,AZ,33.5675,-114.2731,3.949
52690,LOVES TRAVEL STOP #415,"I-95 & OKEECHOBEE RD, EXIT 129",Fort Pierce,FL,27.438233,-80.443963,3.50566666
52691,PILOT TRAVEL CENTERS #312,"I-20/SR-402, EXIT 5 & SR-100",Tallapoosa,GA,33.760174,-85.300047,3.449
52691,PILOT TRAVEL CENTER #312,"I-20/SR-402, EXIT 5 & SR-100",Tallapoosa,GA,33.760174,-85.300047,3.389
52692,PILOT TRAVEL CENTER #249,"I-70/I-55, EXIT 18 & SR-162",Troy                                    ,IL,38.724275,-89.870848,3.699
52692,PILOT TRAVEL CENTERS #249,"I-70/I-55, EXIT 18 & SR-162",Troy                                    ,IL,38.724275,-89.870848,3.439
52692,PILOT TRAVEL CENTERS #249,"I-70/I-55, EXIT 18 & SR-162",Troy                                    ,IL,38.724275,-89.870848,3.439
52692,PILOT TRAVEL CENTERS #249,"I-70/I-55, EXIT 18 & SR-162",Troy                                    ,IL,38.724275,-89.870848,3.439
52692,PILOT TRAVEL CENTER #249,"I-70/I-55, EXIT 18 & SR-162",Troy                                    ,IL,38.724275,-89.870848,3.379
52692,PILOT TRAVEL CENTER #249,"I-70/I-55, EXIT 18 & SR-162",Troy                                    ,IL,38.724275,-89.870848,3.579
52697,FLYING J TRAVEL PLAZA #747,"I-15, EXIT 261",Springville                             ,UT,40.162528,-111.598664,3.76566666
60084,SUNSTOP #625,US-84,Ashford,AL,31.1888,-85.253488,3.599
60106,SUNSTOP #619,US-84,Daleville,AL,31.281091,-85.730473,3.399
60114,SUNSTOP #606,US-84/SR-167,Enterprise,AL,31.340789,-85.842111,3.699
60136,HOBO PANTRY #18,US-431,Headland                                ,AL,31.353406,-85.332277,3.599
60145,OCS QUICK STOP,US-43/SR-13,Mount Vernon                            ,AL,31.097375,-88.035044,3.699
60147,HOP-IN FOOD STORES,US-82 & SR-22,Maplesville,AL,32.804507,-86.871704,3.399
60191,PILOT #1180,"I-10, EXIT 94",Tonopah,AZ,33.422797,-112.952785,3.899
60191,PILOT TRAVEL CENTER #1180,"I-10, EXIT 94",Tonopah,AZ,33.422797,-112.952785,3.899
60206,TA EXPRESS #649,"I-25, EXIT 52",Walsenburg,CO,37.638159,-104.804301,4.259
60208,BERKSHIRE PETROLEUM,"I-91, EXIT 9",North Haven,CT,41.382156,-72.85852,3.549
60220,ZELLWOOD TRUCK STOP,US-441,Zellwood,FL,28.71944,-81.576174,3.499
60224,SUNSTOP #419,US-19,Camilla,GA,31.219915,-84.229683,3.499
60226,CIRCLE K #2723903,US-82 & SR-520,Dawson,GA,31.773333,-84.446667,3.499
60229,96 TRAVEL PLAZA,"I-16, EXIT 24",Jeffersonville                          ,GA,32.741096,-83.385896,3.399
60230,CIRCLE K #2745152,US-19,Pelham,GA,31.127233,-84.156367,3.499
60242,KWIK STAR #711,US-18/US-52,Monona,IA,43.073485,-91.458677,3.624
60243,PETRO MART,"I-29, EXIT 112",Onawa,IA,42.036967,-96.107213,3.15733333
60245,STINKER #74,"I-84, EXIT 137",Bliss,ID,42.944859,-114.910387,3.634
60248,METRO,"I-95, EXIT 12",Avenel                                  ,NJ,40.582568,-74.278522,3.299
60255,HUCKS FOOD & FUEL #186,US-51/CR-1450 & US-136,Heyworth,IL,40.3307,-88.977608,3.479
60255,HUCKS FOOD & FUEL #186,US-51/CR-1450 & US-136,Heyworth,IL,40.3307,-88.977608,3.549
60256,BOLLA MARKET,"I-84, EXIT 1",Montague,NJ,41.302259,-74.753956,3.519
60270,CHUCKLES #27,SR-57,Washington                              ,IN,38.653568,-87.170656,3.339
60273,24-7,"I-70, EXIT 53 & SR-25",Colby,KS,39.383038,-101.044169,3.05566666
60280,JUMP START #9,"I-35, EXIT 4",South Haven,KS,37.049997,-97.404228,3.069
60282,CRVS #7,SR-96 & SR-27,Tribune,KS,38.496219,-101.765584,3.399
60294,LITTLE CAPITOL EXXON,"I-10, EXIT 115",Breaux Bridge                           ,LA,30.274955,-91.905899,3.899
60295,EXIT 80 TRAVEL PLAZA,"I-10, EXIT 80",Crowley                                 ,LA,30.214753,-92.377709,3.109
60298,BEAU CHENE TRUCK STOP,"I-49, EXIT 11",Grand Coteau,LA,30.419722,-92.046667,3.399
60313,WHITE MARSH TRUCK STOP,US-40,White Marsh                             ,MD,39.392315,-76.413189,3.369
60316,CIRCLE K #4707001,"I-95, EXIT 264 & SR-158",Sherman,ME,45.877727,-68.369587,3.93233333
60324,FUEL MART OF AMERICA,"I-75, EXIT 59",Detroit                                 ,MI,42.347429,-83.060398,3.499
60326,SUNRISE CONVENIENCE STORE #29,"I-69, EXIT 184                ",Memphis                                 ,MI,42.905955,-82.769623,3.559
60326,SUNRISE CONVENIENCE STORE #29,"I-69, EXIT 184                ",Memphis                                 ,MI,42.905955,-82.769623,3.499
60328,SPEEDWAY #8748,"I-69, EXIT 6",Flint,MI,43.0233,-83.6856,3.339
60329,CHARLIES COUNTRY CORNER,"I-75, EXIT 271",Grayling,MI,44.670959,-84.691321,3.899
60329,CHARLIES COUNTRY CORNER,"I-75, EXIT 271",Grayling,MI,44.670959,-84.691321,3.799
60333,LAKESHORE BP,US-2,Manistique,MI,45.982978,-86.275513,3.499
60341,SNAPPY FOOD MART,ST 60,Tekonsha,MI,42.086326,-84.992602,3.589
60342,True North #254,US-31 & SR-37,Traverse City,MI,44.74365,-85.618869,3.789
60342,True North #254,US-31 & SR-37,Traverse City,MI,44.74365,-85.618869,3.729
60344,DORR TRUCK STOP,"US-131, EXIT 68",Wayland,MI,42.664268,-85.619112,3.499
60347,KWIK TRIP #875,"I-90, EXIT 157, BRIDGE ST ENTRANCE",Albert Lea,MN,43.653678,-93.370672,3.324
60358,PETRO SERVE USA #54,US-10,Glyndon,MN,46.882023,-96.558338,3.449
60372,FLYING W CONVENIENCE STORE,SR-96,Carthage                                ,MO,37.159686,-94.311232,3.199
60373,FLYING J #571,"I-57, EXIT 12 & US-60",Charleston,MO,36.921341,-89.334207,3.559
60374,PILOT TRAVEL CENTERS #385,US-54 & SR-13,Collins                                 ,MO,37.880998,-93.660849,3.49566666
60379,FAST LANE #50,US-54/SR-19,Laddonia,MO,39.259328,-91.689348,3.15733333
60380,AMOCO,US-63/US-136,Lancaster,MO,40.525265,-92.526403,3.249
60382,WINDSTARS #5101,"I-435, EXIT 57",Kansas City,MO,39.163189,-94.569882,3.099
60383,CASEYS #4399,"I-70, EXIT 175",New Florence,MO,38.902309,-91.490861,2.949
60392,Kangaroo Crossing #1107,"I-20, EXIT 68 & SR-43",Pelahatchie,MS,32.317994,-89.79135,3.199
60398,TOWN PUMP FOOD STORE #610,"I-90, EXIT 333",Livingston                              ,MT,45.654587,-110.560907,3.644
60400,CAN AM C STORE,SR-16,Plentywood,MT,48.778825,-104.560032,3.499
60416,MINUTEMAN FOOD MART #20,US-74 & US-76,Whiteville                              ,NC,34.324142,-78.716048,3.46066666
60420,PUMP & PANTRY #35,US-183,Alma,NE,40.118853,-99.360073,3.459
60426,BONS BONS MOBIL,US-3,Merrimack,NH,42.866689,-71.51278,3.699
60434,ENRITE,US-9,Linden,NJ,40.635366,-74.255567,3.34233333
60442,Circle K #4706716,SR-71 & SR-47,Yorkville,IL,41.638725,-88.443794,3.799
60442,Circle K #4706716,SR-71 & SR-47,Yorkville,IL,41.638725,-88.443794,3.499
60442,Circle K #4706716,SR-71 & SR-47,Yorkville,IL,41.638725,-88.443794,3.599
60460,HAHN OIL,US-36,Coshocton                               ,OH,40.275412,-81.866033,3.299
60461,TRUE NORTH #704,"I-75, EXIT 56A",Dayton                                  ,OH,39.765396,-84.099802,3.799
60463,Anna Truck Stop,"I-75, EXIT 99",Anna,OH,40.405105,-84.210344,3.01566666
60465,MOTOMART #4129,ST 309,Marion                                  ,OH,40.5886,-83.1286,3.34233333
60471,FUEL MART #701,"I-480/I-271, EXIT 23 & SR-8",Bedford,OH,41.392067,-81.52315,3.529
60473,BELL STORES #50,ST 3,Wooster,OH,40.809354,-81.948272,3.599
60476,PETES #11,US-75,Dewey,OK,36.80125,-95.93454,3.154
60508,FEGLEY VALERO,SR-309,Tamaqua,PA,40.798319,-75.97353,3.599
60513,CIRCLE K #2723873,US-17,Georgetown,SC,33.430776,-79.323459,2.899
60515,FLASH MARKET #302,SR-9 & SR-151,Pageland,SC,34.772193,-80.396615,3.38566666
60516,ENMARKET #892,"I-95, EXIT 150",Harleyville,SC,33.220511,-80.450094,3.399
60519,CORNER PANTRY #25,US-14,Huron,SD,44.359022,-98.216293,3.079
60538,TEXACO #380031,ST 21W,Bryan,TX,30.632698,-96.36616,3.399
60539,SHELL,US-96 & SR-62/FM-1004,Buna,TX,30.413209,-93.991263,3.10233333
60540,CIRCLE K #2706340,"I-20, EXIT 533",Canton,TX,32.514301,-95.904657,2.77566666
60551,CIRCLE K #2744522,"I-30, EXIT 201  I-30 & SR-8",New Boston,TX,33.462119,-94.433882,2.94233333
60554,CEFCO #2070,"I-27, EXIT 49",Plainview,TX,34.196194,-101.725896,2.83233333
60565,CEFCO #2006,"I-40, EXIT 163",Shamrock,TX,35.220596,-100.262152,3.099
60579,SPEEDWAY #4633,US-220/US-221/US-460,Roanoke,VA,37.2725,-79.953,3.399
60587,BJS AUTO TRUCK PLAZA,SR-28,Rock Island,WA,47.370558,-120.137794,4.099
60587,BJS AUTO TRUCK PLAZA,SR-28,Rock Island,WA,47.370558,-120.137794,3.999
60589,RIVER COUNTRY PLAZA,"SR-29, EXIT 91",Cadott,WI,44.963014,-91.169884,3.39733333
60590,DARLINGTON MINI MART,SR-23 & SR-81,Darlington,WI,42.687816,-90.110648,3.399
60601,HOLIDAY STATIONSTORE #2746229,US-53/US-2,Superior,WI,46.701552,-92.091174,3.339
60635,EXXON ON THE RUN,US-62/US-412 & SR-126,Gassville                               ,AR,36.317525,-92.473637,3.695
60650,SHELL DBA ONE9 #1244,"I-8, EXIT 115",Gila Bend,AZ,32.93059,-112.746832,3.259
60650,ONE9 #1244,"I-8, EXIT 115",Gila Bend,AZ,32.93059,-112.746832,3.359
60700,PWI #502,"I-70/US-40, EXIT 259",Golden,CO,39.730548,-105.191528,3.199
60707,REATA TRAVEL STOP,"I-76, EXIT 125",Sterling,CO,40.63062,-103.221183,3.399
60708,CRVS STORE #6,US-385,Wray,CO,40.104917,-102.233751,3.449
60762,BP,US-1 & US-341,Baxley,GA,31.783663,-82.348643,3.599
60768,GAS N GO FOOD STORE,"I-75, EXIT 290/US-41",Cartersville,GA,34.186975,-84.820401,2.94233333
60773,NEIGHBORS EXPRESS,US-341/SR-27 & US-129 ALT/SR-340,Hawkinsville,GA,32.277834,-83.494763,3.399
60779,Marathon,US-129,Eatonton                                ,GA,33.312723,-83.36277,3.399
60781,JP PERRY,"I-75, EXIT 138",Perry                                   ,GA,32.46051,-83.728258,3.08233333
60783,CIRCLE K #2723324,US-441/US-23/SR-15 & SR-17A/SR-385,Clarkesville,GA,34.644993,-83.524304,3.439
60787,MARATHON,"I-20, EXIT 11",Lithia Springs,GA,33.793889,-84.660556,2.87233333
60788,SPRINT FOODS #722,US-1/SR-4/SR-17 & SR-24,Louisville                              ,GA,33.016342,-82.383616,4.099
60791,MARATHON #9,"I-475, EXIT 1",Macon,GA,32.84386,-83.598686,3.039
60795,CIRCLE K #2745080,US-319/US-129/SR-90/SR-11,Ocilla,GA,31.592944,-83.256542,3.62566666
60797,EVANS FOOD MART,SR-20,Rome,GA,34.250726,-85.146501,3.699
60804,JET FOOD STORE #4,US-1 & SR-78,Wadley,GA,32.874742,-82.402459,3.41566666
60807,BATAVIA GARDENS AND GAS,"US-34, EXIT 203",Batavia,IA,40.99048,-92.143059,3.379
60817,KWIK STAR #712,US-218 & SR-27,Janesville,IA,42.646515,-92.479096,3.599
60822,CASEYS #3639,US-18/US-52,Postville,IA,43.003619,-91.547809,3.599
60829,BARRY TRAVEL PLAZA,"I-72, EXIT 20",Barry,IL,39.704662,-91.026482,3.599
60833,SPEEDWAY #5400,CR-11 & CR-23,Bloomingdale,IL,41.94827,-88.07824,3.759
60834,SPEEDWAY #7422,SR-43,Burbank,IL,41.744704,-87.769907,3.619
60839,FREEDOM OIL #18,"I-74, EXIT 82",Edwards,IL,40.764362,-89.705344,3.499
60839,FREEDOM OIL #18,"I-74, EXIT 82",Edwards,IL,40.764362,-89.705344,3.399
60839,FREEDOM OIL #18,"I-74, EXIT 82",Edwards,IL,40.764362,-89.705344,3.899
60846,EXPRESS LANE #50,"I-88, EXIT 10",Hillsdale                               ,IL,41.592896,-90.226255,3.699
60846,EXPRESS LANE #50,"I-88, EXIT 10",Hillsdale                               ,IL,41.592896,-90.226255,3.999
60846,EXPRESS LANE #50,"I-88, EXIT 10",Hillsdale                               ,IL,41.592896,-90.226255,3.799
60851,SPEEDWAY #7382,I-355 & SR-64,Lombard,IL,41.872139,-88.015988,3.249
60851,SPEEDWAY #7382,I-355 & SR-64,Lombard,IL,41.872139,-88.015988,3.349
60851,SPEEDWAY #7382,I-355 & SR-64,Lombard,IL,41.872139,-88.015988,3.299
60857,RED ROOSTER TERMINAL,US-50/SR-250 & SR-130,Olney,IL,38.733389,-88.080936,3.189
60857,RED ROOSTER TERMINAL,US-50/SR-250 & SR-130,Olney,IL,38.733389,-88.080936,3.249
60857,RED ROOSTER TERMINAL,US-50/SR-250 & SR-130,Olney,IL,38.733389,-88.080936,3.399
60857,RED ROOSTER TERMINAL,US-50/SR-250 & SR-130,Olney,IL,38.733389,-88.080936,3.189
60857,RED ROOSTER TERMINAL,US-50/SR-250 & SR-130,Olney,IL,38.733389,-88.080936,3.349
60857,RED ROOSTER TERMINAL,US-50/SR-250 & SR-130,Olney,IL,38.733389,-88.080936,3.399
60865,Truckquest,"I-55, EXIT 286",Cicero,IL,41.845556,-87.753889,3.599
60865,Truckquest,"I-55, EXIT 286",Cicero,IL,41.845556,-87.753889,3.649
60871,WENONA BP,"I-39/US-51, EXIT 35 & SR-17",Wenona                                  ,IL,41.054846,-89.041637,3.499
60881,GAS AND STUFF,"I-64, EXIT 118",Georgetown                              ,IN,38.302943,-85.961704,3.799
60882,SPEEDWAY #6666,US-33,Goshen,IN,41.584484,-85.837988,3.81566666
60887,STERNBERG CITGO TRUCK STOP,"I-64, EXIT 57",Jasper                                  ,IN,38.404392,-86.940787,3.759
60890,JACK FLASH,I-57 EXIT 135,Farina,IL,38.846902,-88.761412,3.099
60890,JACK FLASH,I-57 EXIT 135,Farina,IL,38.846902,-88.761412,3.199
60900,7-ELEVEN #40504,"I-80/I=90, MM 56 EB",Rolling Prairie,IN,41.72286,-86.584092,3.999
60902,SPEEDWAY #6674,"I-80/I-90, EXIT 72 & SR-31",South Bend,IN,41.672699,-86.253489,3.69066666
60913,J Mart #1,"HWY 50 E, HWY 83 N",Garden City,KS,37.97693,-100.862088,3.529
60926,CENEX,US-36 & US-83,Oberlin,KS,39.827507,-100.531389,3.159
60958,NORTH WEST TRUCK STOP,US-90 & SR-3211,Franklin,LA,29.785656,-91.502643,3.399
60979,TOBACCO PLUS #5,"I-10, EXIT 4 & US-90",Vinton,LA,30.201523,-93.572808,2.999
60988,GULF OIL LP #5020,"I-90, MM291",Blandford,MA,42.182949,-72.936114,3.914
60989,Blandford Service Plaza Westbound,"I-90, EXIT MM29",Blandford,MA,42.182949,-72.936114,3.919
60993,GULF #5165,"I-90, EXIT 12",Framingham,MA,42.300665,-71.425486,4.06566666
60997,GULF OIL #5035,I-90 MM 66.7,Ludlow,MA,42.172823,-72.471012,3.914
60998,GULF OIL #5030,"I-90, EXIT 7",Ludlow,MA,42.172823,-72.471012,3.909
61004,Applegreen,SR-15,Sturbridge,MA,42.112619,-72.084233,3.999
61006,GULF OIL LP #5155,"I-90, EXIT 11",Westborough                             ,MA,42.283,-71.6015,3.909
61019,MARDELA GOOSE CREEK FOOD STORE,US-50,Mardela Springs                         ,MD,38.486386,-75.741442,3.979
61021,WESTOVER GOOSE CREEK,US-13 & SR-673,Westover                                ,MD,38.10099,-75.740563,3.259
61028,MARATHON,"US-10, EXIT 137",Bay City,MI,43.612165,-83.919885,3.259
61028,MARATHON,"US-10, EXIT 137",Bay City,MI,43.612165,-83.919885,3.199
61030,HAGGERTY JOY MOBIL,I-275,Canton                                  ,MI,42.332013,-83.469524,3.699
61032,MARATHON,US-10/US-127,Clare,MI,43.822318,-84.763463,3.289
61032,MARATHON,US-10/US-127,Clare,MI,43.822318,-84.763463,3.299
61034,MOTOR CITY TRUCK STOP,"I-75, EXIT 43",Detroit                                 ,MI,42.347429,-83.060398,3.499
61037,HEARTLAND MOBIL,US-23,Fenton,MI,42.785098,-83.729351,3.849
61038,SPEEDWAY #8753,"I-475, EXIT 4",Burton,MI,43.024493,-83.606295,3.399
61038,SPEEDWAY #8753,"I-475, EXIT 4",Burton,MI,43.024493,-83.606295,3.289
61038,SPEEDWAY #8753,"I-475, EXIT 4",Burton,MI,43.024493,-83.606295,3.089
61038,SPEEDWAY #8753,"I-475, EXIT 4",Burton,MI,43.024493,-83.606295,3.259
61042,CITGO,"US-131, EXIT 44",Kalamazoo,MI,42.273565,-85.545653,3.499
61057,CIRCLE K #2746537,US-2 & US-41,Rapid River                             ,MI,45.910662,-86.88449,3.499
61057,CIRCLE K #2746537,US-2 & US-41,Rapid River                             ,MI,45.910662,-86.88449,3.319
61057,CIRCLE K #2746537,US-2 & US-41,Rapid River                             ,MI,45.910662,-86.88449,3.399
61057,CIRCLE K #2746537,US-2 & US-41,Rapid River                             ,MI,45.910662,-86.88449,3.449
61063,PS Food Mart,I-69 EXIT 25,Tekonsha,MI,42.086326,-84.992602,3.589
61063,PS Food Mart,I-69 EXIT 25,Tekonsha,MI,42.086326,-84.992602,3.519
61076,Holiday StationStore #2746408,"I-35, EXIT 129",Forest Lake,MN,45.268499,-92.974894,3.399
61080,CO-OP SERVICE,US-10 & CR-67,New York Mills,MN,46.555867,-95.404717,3.499
61090,Northdale Oil,US-59 & SR-1,Thief River Falls                       ,MN,48.110391,-96.167019,3.239
61093,CIRCLE K #2746501,"I-90, EXIT 45 & SR-60",Worthington,MN,43.628626,-95.605907,3.14233333
61099,LOVES TRAVEL STOP #488,"I-55, EXIT 157 & SR-32",Bloomsdale,MO,38.045112,-90.280548,3.38233333
61102,FAST LANE #54,US-63,Columbia,MO,38.938176,-92.304865,3.20733333
61106,TEMP STOP #102,US-54 & SR-52,Eldon,MO,38.340127,-92.573619,3.199
61110,HB OF RANDOLPH,"I-435, EXIT 55B & SR-210",Kansas City,MO,39.163189,-94.569882,3.149
61111,Caseys #4540,"I-35, EXIT 40 & SR-116",Lathrop,MO,39.517727,-94.309271,3.07566666
61115,BREAK TIME #3071,US-24 & US-63,Moberly,MO,39.420239,-92.435793,3.469
61118,MIDWEST PETROLEUM #21,"I-55, EXIT 129",Perryville,MO,37.717437,-89.873664,2.99066666
61145,TEXACO,US-49 & US-98,Hattiesburg,MS,31.314553,-89.306471,3.199
61146,STUCKEYS EXPRESS #619,"I-59, EXIT 113 & SR-528",Heidelberg                              ,MS,31.882031,-88.998052,3.499
61149,CEFCO #501,US-45,Lauderdale,MS,32.502186,-88.495569,2.899
61168,Blue Sky #717,US-72 & SR-15,Walnut,MS,34.952732,-88.905337,3.099
61171,CHEVRON CURB STORE,US-49 & SR-26,Wiggins,MS,30.86095,-89.132369,3.499
61176,TOWN PUMP FOOD STORE #8947,US-2,Chinook,MT,48.57985,-109.22246,3.629
61182,TOWN PUMP FOOD STORE #3000,US-87,Lewistown,MT,47.056324,-109.420297,3.599
61193,SPEEDWAY #8502,"I-75, EXIT 161 & CR-99",Findlay,OH,41.044167,-83.65,3.299
61195,MINUTEMAN FOOD MART #06,SR-24,Clinton,NC,35.015143,-78.326007,3.649
61205,SPEEDWAY #6961,"I-40, EXIT 303",Garner,NC,35.681254,-78.597527,2.92066666
61210,SHEETZ #548,US-29,Greensboro,NC,36.0726,-79.792,2.859
61254,7-ELEVEN #36075,"I-77, EXIT 65 & SR-901",Union Grove,NC,36.036947,-80.896695,2.859
61266,CENEX CONVENIENCE STORE,US-2 & SR-19,Devils Lake,ND,48.113162,-98.861588,3.249
61269,FLYING J #489,"I-29, EXIT 138",Grand Forks,ND,47.901041,-97.04463,3.61566666
61271,MARATHON,"I-94, EXIT 292",Valley City,ND,46.92681,-98.003316,3.499
61291,FLEMING OIL FOOD MART,ST 9,West Chesterfield,NH,42.873152,-72.511216,3.899
61292,ENRITE,"I-95, EXIT 14A",Jersey City,NJ,40.7164,-74.038,3.349
61301,SUNOCO- WALT WHITMAN PLAZA #7007,"NJTP,MILE POST 30",Cherry Hill,NJ,39.930808,-75.017538,3.899
61304,A Plus MOLLY PITCHER PLAZA #7011,MILE POST 71.7 NJ TURNPIKE SO,Cranbury,NJ,40.303868,-74.506531,3.909
61305,BP,US-130,Cranbury,NJ,40.303868,-74.506531,3.14566666
61308,CARLSTADT VALERO,SR-120,Carlstadt,NJ,40.840298,-74.092498,3.199
61312,BLUE STAR,US-202 & SR-31,Flemington                              ,NJ,40.517976,-74.845316,3.399
61326,SUNOCO JAMES F COOPER PLAZA- #7008,MILEPOST 39 NJ TURNPIKE N,Mount Laurel,NJ,39.947808,-74.903588,3.959
61328,KW RASTALL OIL,US-130,North Brunswick,NJ,40.453767,-74.482285,3.199
61333,46 GAS AND TRUCK STOP,US-46,Palisades Park,NJ,40.846238,-73.995436,3.23566666
61337,SUNOCO- JOHN FENWICK PLAZA #7006,"NJTP, MM 5",Penns Grove,NJ,39.717938,-75.465623,3.909
61339,FUEL ONE,"I-78, EXIT 3 & US-22",Phillipsburg,NJ,40.692819,-75.1741,3.359
61346,SUNOCO- ALEXANDER HAMILTON PLAZA #7016,NEW JERSEY TURNPIKE SOUTH MILEPOST 111.6 ,Secaucus,NJ,40.79101,-74.063416,3.899
61357,KENT KWIK #501,US-70 & US-54,Alamogordo,NM,32.893186,-105.948544,2.98233333
61364,HUNTINGTON BROADWAY CONOCO,US-64 BUS,Farmington,NM,36.706514,-108.199531,3.799
61409,104 STORE,SR-370/SR-104,Red Creek                               ,NY,43.229068,-76.714556,3.799
61410,KWIK FILL #58,ST 15,Rochester                               ,NY,43.1683,-77.6026,3.969
61410,KWIK FILL #58,ST 15,Rochester                               ,NY,43.1683,-77.6026,3.999
61421,7-ELEVEN #40294,"I-80 WB, EXIT 139",Amherst,OH,41.390506,-82.228165,3.53233333
61430,7-ELEVEN #40303,"I-90, EXIT 7",Clyde,OH,41.302397,-82.991849,3.66233333
61431,7-ELEVEN #40304,"I-90, EXIT 7",Clyde,OH,41.302397,-82.991849,3.66233333
61439,7-ELEVEN #40302,"I-75, EXIT 157",Genoa,OH,41.530005,-83.358984,3.66233333
61449,7-ELEVEN #40297,"I-80, EXIT 13A",Mantua,OH,41.294141,-81.228259,3.53233333
61450,7-ELEVEN #40298,I-80,Mantua,OH,41.294141,-81.228259,3.53233333
61453,CITGO,"I-475, EXIT 6",Maumee,OH,41.581682,-83.66283,3.499
61458,7-ELEVEN #40299,OHIO TNPK MM 237 & SR-26,New Springfield,OH,40.926517,-80.585585,3.53233333
61459,7-ELEVEN #40300,"I-76, EXIT 157",New Springfield,OH,40.926517,-80.585585,3.53233333
61461,S&G,"I-280, EXIT 7                 ",Oregon                                  ,OH,41.641842,-83.471366,3.599
61477,CHOCTAW NATION GRANT #633,US-271,Grant,OK,33.930239,-95.489324,2.999
61483,CM SILVER DOLLAR,"I-220, EXIT 7",Shreveport,LA,32.503743,-93.748696,3.299
61492,SPRINGER TRAVEL PLAZA,I-35 EXIT 40,Springer,OK,34.303832,-97.122266,2.91566666
61508,7-ELEVEN #40275,"I-70 & I-76 NB, MM 147",Bedford,PA,39.990838,-78.526071,4.199
61509,7-ELEVEN #40275,"I-70/I-76 SB, MM 147",Bedford,PA,39.990838,-78.526071,4.199
61511,MIDWAY FUEL AND TRUCK WASH,"I-78/US-22, EXIT 16",Bethel,PA,40.480834,-76.274209,3.364
61515,Carlisle Fuel Stop,"I-81, EXIT 52",Carlisle,PA,40.203877,-77.199526,3.359
61540,S&P Oil,US-13,Levittown,PA,40.168142,-74.823138,3.81566666
61559,7-ELEVEN #40273,34 MILE WEST OF EXIT 11/146,Somerset,PA,40.024813,-79.080814,4.20733333
61560,7-ELEVEN #40272,"I-70 & 76, EXIT 10",Somerset,PA,40.024813,-79.080814,4.20733333
61567,7-ELEVEN #35774,"I-76, EXIT 5/48",Verona,PA,40.492727,-79.834535,4.20733333
61569,KWIK FILL #295,US-6 BUS,Warren,PA,41.845265,-79.14286,4.699
61570,7-ELEVEN #40276,"I-76, EXIT 12/161 & SR-655",Waterfall,PA,40.073871,-78.047708,4.199
61571,7-ELEVEN #40280,MILE MARKER 55 NE EXT PENN TPKE,Allentown,PA,40.602729,-75.470955,3.589
61594,SPINX #138 (DISCOUNT AVAILABLE),"I-85, EXIT 44",Greenville,SC,34.847165,-82.406049,3.04233333
61595,CORNER MART 3338,"I-85, EXIT 44",Greenville,SC,34.847165,-82.406049,2.907
61596,HOT SPOT #2009,US-25/US-178 & SR-225,Greenwood,SC,34.175802,-82.156211,2.939
61597,SPINX #121,"I-85, EXIT 56",Greer,SC,34.8968,-82.267442,3.16566666
61598,Shell,SR-41,Hemingway,SC,33.741887,-79.448895,3.199
61599,HOT SPOT #2013,"I-26, EXIT 10",Inman,SC,35.052795,-82.054013,3.149
61605,HOT SPOT #2028,US-76/US-301,Marion,SC,34.156195,-79.389822,2.999
61616,PILOT #4578,"I-77, EXIT 48 & SC-200",Winnsboro,SC,34.381008,-81.10899,3.409
61621,CUBBYS #401,"I-90 , EXIT 332 & SR-37",Mitchell,SD,43.710921,-98.027026,3.149
61625,PRARIE STOP,US-212 & SR-20,Watertown,SD,44.904295,-97.123977,3.279
61633,ECO TRAVEL PLAZA,"I-40, EXIT 320 & SR-298",Crossville,TN,35.944041,-85.017171,3.02566666
61642,PILOT TRAVEL CENTERS #252,"I-35, EXIT 26",Kearney,MO,39.365175,-94.362104,3.699
61646,SHELL,"I-40, EXIT 35 & SR-59",Mason,TN,35.438012,-89.551805,3.549
61651,LEES FOOD MART #123,"I-81, EXIT 23 AT MILE 23",Bulls Gap,TN,36.325707,-83.03149,3.259
61654,MAJOR MARKETS #276,US-51/SR-3,Ripley,TN,35.752651,-89.534975,3.799
61656,PHILLIPS 66,US-51,Union City,TN,36.426311,-89.066662,3.38233333
61660,MARATHON,"I-40, EXIT 108",Wildersville,TN,35.769772,-88.438794,3.099
61684,WOODYS FOOD MART,"I-45 & SR-7, EXIT 164",Centerville,TX,31.272025,-95.921287,2.84566666
61730,STRIPES 7FLEET #42430,"I-20, EXIT 131",Midland,TX,31.989636,-102.06261,3.569
61747,TEX-BEST #504,"I-35, EXIT 141",Von Ormy                                ,TX,29.274979,-98.667741,3.15733333
61751,ALLSUPS CONVENIENCE STORE #2264,SR-214,Seminole,TX,32.721045,-102.682761,3.094
61761,ALLSUPS CONVENIENCE STORE #2304,"I-40, EXIT 36 & US-385",Vega,TX,35.373212,-102.356572,2.999
61763,ALLSUPS CONVENIENCE STORE #2283,"I-20, EXIT 73",Wickett,TX,31.57,-103.000556,2.899
61787,DUCK THRU FOOD STORE #5,US-258,Franklin                                ,VA,36.678625,-76.939108,3.499
61796,EXXON,US-220,Martinsville                            ,VA,36.687067,-79.869136,3.375
61799,CIRCLE K #2723712,"I-77, EXIT 52 & US-52/SR-42",Bland,VA,37.137644,-81.020064,3.37566666
61804,CARTERS ONE STOP,"I-95 & SR-301, EXIT 31 & SR-40",Stony Creek,VA,36.936132,-77.444276,2.959
61806,LANKFORD TRUCK PLAZA,US-13 & CR-646,Townsend,VA,37.184444,-75.958611,3.399
61819,CHEVRON,"I-5, EXIT 36",Longview,WA,46.151354,-122.963421,4.499
61830,APPLETON TRAVEL PLAZA,SR-96,Appleton,WI,44.277325,-88.397649,3.40566666
61832,BARRON FARMERS UNION,"US-8, EXIT 53",Barron,WI,45.400535,-91.84996,3.639
61835,BRISTOL BP,"I-94, EXIT 345 & US-45",Bristol,WI,42.532525,-88.047779,3.719
61843,KWIK TRIP #332,SR-33,Horicon,WI,43.446859,-88.631049,3.21566666
61849,KWIK TRIP #306,"I-94, EXIT 259 & SR-89",Lake Mills,WI,43.081576,-88.913335,3.43233333
61862,KWIK TRIP #781,SR-21,Redgranite,WI,44.04381,-89.098125,3.35233333
61867,KWIK TRIP #318,SR-27 & SR-16/SR-71,Sparta,WI,43.954045,-90.814566,3.34233333
61877,CASEYS #3715,SR-59,Whitewater,WI,42.827174,-88.742864,3.299
61879,KWIK TRIP #347,SR-13,Wisconsin Rapids,WI,44.375803,-89.806229,3.31233333
61880,KWIK TRIP #310,SR-13/SR-73,Wisconsin Rapids,WI,44.375803,-89.806229,3.26233333
61968,FLYING J TRAVEL PLAZA #701,"I-35, EXIT 33",Ardmore,OK,34.176681,-97.134157,3.659
62008,LOVES TRAVEL STOP #366,"I-81, EXIT 90",Jonestown,PA,40.43607,-76.503842,3.85733333
62075,FLYING J TRAVEL PLAZA #657,US-283/US-50/US-56 & US-400,Dodge City,KS,37.756882,-100.024074,3.799
62097,FLASH MARKET #17046,US-65/SR-9,Clinton,AR,35.604537,-92.475825,3.239
62211,STUBS GAS AND OIL,"I-76, EXIT 66",Wiggins                                 ,CO,40.205651,-104.052814,3.559
62238,Circle K #2726278,SR-207,Hastings,FL,29.705147,-81.490908,3.569
62283,Circle K #2745099,US-23 & US-341/SR-27,Hazlehurst,GA,31.860569,-82.590947,3.529
62316,BP,US-20,Delaware,IA,42.477713,-91.347176,3.299
62355,MINIT MART #600630,"I-39, EXIT 14",El Paso,IL,40.738948,-89.011952,3.679
62355,MINIT MART #600630,"I-39, EXIT 14",El Paso,IL,40.738948,-89.011952,3.599
62370,7-ELEVEN #34712,I-90 Exit 24,Belvidere,IL,42.259465,-88.850943,3.739
62399,Rebel Plus #882,"I-80, EXIT 101",Bristol,IN,41.716885,-85.826192,3.57566666
62462,HAWESWAY TRUCKSTOP,US-60,Owensboro,KY,37.751255,-87.155394,3.599
62467,SUPER QUIK #9,"I-64, EXIT 181",Ashland,KY,38.443038,-82.702709,3.669
62480,CM GALLIANO,US-167,Cut Off,LA,29.523188,-90.339298,3.499
62487,Fred's Food Mart,US-61,Saint Francisville,LA,30.858658,-91.392266,3.799
62500,CASH MAGIC VINTON,"I-10, EXIT 4 & SR-109",Vinton,LA,30.201523,-93.572808,3.284
62547,MARATHON,SR-32W,Gaylord,MI,45.0275,-84.674722,3.799
62550,Sunoco,"I-275, EXIT 11",New Boston                              ,MI,42.144899,-83.358855,3.399
62550,Sunoco,"I-275, EXIT 11",New Boston                              ,MI,42.144899,-83.358855,3.439
62559,EXPRESS FOOD DEPOT,"I-94, EXIT 266",Smiths Creek,MI,42.922072,-82.574516,3.629
62559,EXPRESS FOOD DEPOT,"I-94, EXIT 266",Smiths Creek,MI,42.922072,-82.574516,3.659
62559,EXPRESS FOOD DEPOT,"I-94, EXIT 266",Smiths Creek,MI,42.922072,-82.574516,3.719
62560,ONE9 #23,"I-96, EXIT 67",Ionia,MI,42.98592,-85.070985,3.499
62560,ONE9 #23,"I-96, EXIT 67",Ionia,MI,42.98592,-85.070985,3.439
62701,PILOT TRAVEL CENTERS #408,"I-68, EXIT 22",Grantsville,MD,39.684436,-79.151665,4.259
62710,TOWN PUMP FOOD STORE #922,"I-90, EXIT 370 &SR-10",Big Timber                              ,MT,45.82827,-109.963094,3.479
62753,PETRO SERVE USA,US-10,West Fargo,ND,46.869523,-96.895002,3.029
62768,PUMP & PANTRY #34,US-20 & SR-27,Gordon,NE,42.806843,-102.204929,3.449
62774,MR MIKES MINI MART,SR-9,Northwood                               ,NH,43.206965,-71.200423,3.599
62790,7-ELEVEN #40084,US-46/US-1/US-9,Palisades Park,NJ,40.846238,-73.995436,3.099
62800,A ONE TRUCK STOP,US-9,South Amboy,NJ,40.464733,-74.278635,3.499
62817,LOVES TRAVEL STOP #364,I-75 EXIT 33,Charleston,TN,35.255644,-84.766639,3.589
62824,FLYING J TRAVEL PLAZA #1005,"I-80, EXIT 48",Fernley,NV,39.601888,-119.235044,3.91566666
62841,SPEEDWAY #9912,"I-81, EXIT 10",Mc Graw,NY,42.594758,-76.081958,4.309
62844,CIRCLE K #4707612,"I-81, EXIT 14",Tully,NY,42.806977,-76.13936,3.799
62844,CIRCLE K #4707612,"I-81, EXIT 14",Tully,NY,42.806977,-76.13936,4.299
62850,GANSEVOORT MINI MART,"I-87, EXIT 17",Gansevoort,NY,43.180343,-73.705267,3.759
62850,GANSEVOORT MINI MART,"I-87, EXIT 17",Gansevoort,NY,43.180343,-73.705267,3.779
62887,SPEEDWAY #9367,"I-275, EXIT 42",Cincinnati,OH,39.091293,-84.277383,3.12566666
62911,DAVIS TRAVEL CENTER #108,"I-85, EXIT 39",Warfield,VA,36.901122,-77.767317,3.099
62918,CIRCLE K #4705567,ST 91,Twinsburg,OH,41.328851,-81.455912,3.63233333
62991,ONVO TRAVEL PLAZA,"I-84, EXIT 17",Lake Ariel,PA,41.439476,-75.431257,3.58566666
62996,MARTIN GENERAL STORE,US-22,Alexandria,PA,40.549901,-78.107066,3.539
63013,TA WEST GREENWICH,"I-95, EXIT 5B",West Greenwich,RI,41.639977,-71.643549,3.76566666
63018,CIRCLE K #2723354,"I-526, EXIT 18A & US-78",Charleston,SC,32.962223,-79.86533,3.299
63126,PWI #120,"I-10, EXIT 593",Schertz,TX,29.568159,-98.272214,2.92566666
63193,Shell,US-29,Warrenton,VA,38.7063,-77.8159,3.25733333
63211,OMAK MART,US-97 & SR-215,Omak,WA,48.414347,-119.527156,4.149
63246,Petro Stopping Center #368,"I-94, EXIT 333",Sturtevant,WI,42.69673,-87.903082,3.889
63313,MARION TRAVEL CENTER,I-55 EXIT 14,Marion                                  ,AR,35.2077,-90.198908,3.199
63330,CIRCLE K #2723678,SR-53,Rome,GA,34.250726,-85.146501,3.06233333
63336,ROAD RANGER #118,"I-72 & I-55, EXIT 100-A",Springfield,IL,39.80004,-89.649531,3.299
63336,ROAD RANGER #118,"I-72 & I-55, EXIT 100-A",Springfield,IL,39.80004,-89.649531,3.409
63349,FLYING J TRAVEL PLAZA #662,"I-24, EXIT 86",Oak Grove,KY,36.665225,-87.425514,3.15233333
63351,76 FUEL CENTER,"I-75, EXIT 76",Berea,KY,37.579942,-84.274919,2.999
63353,LOVES TRAVEL STOP #367,"I-74, EXIT 149",Le Roy,IL,40.346781,-88.759813,3.589
63353,LOVES TRAVEL STOP #367,"I-74, EXIT 149",Le Roy,IL,40.346781,-88.759813,3.549
63353,LOVES TRAVEL STOP #367,"I-74, EXIT 149",Le Roy,IL,40.346781,-88.759813,3.489
63353,LOVES TRAVEL STOP #367,"I-74, EXIT 149",Le Roy,IL,40.346781,-88.759813,3.389
63376,Circle K #2746246,US-169 & SR-41,Shakopee,MN,44.7793,-93.519748,3.599
63379,Petro Stopping Center #460,"I-70, EXIT 28",Oak Grove,MO,38.998456,-94.139946,3.21233333
63388,CIRCLE K #2723471,"I-95, EXIT 121",Wilson,NC,35.727022,-77.922733,3.199
63391,FLYING J TRAVEL PLAZA #687,"I-80, EXIT 179",North Platte,NE,41.132595,-100.774631,3.449
63409,FLYING J TRAVEL PLAZA #693,"I-90, EXIT 48A; PEMBROKE, NY",Corfu,NY,42.977734,-78.392906,3.889
63428,FLYING J TRAVEL PLAZA #702,"I-40, EXIT 264B",Checotah                                ,OK,35.435786,-95.535038,3.699
63442,Flying J Travel Plaza #720,"I-40, EXIT 182",Fairview                                ,TN,35.975528,-87.132065,3.18566666
63455,FLYING J TRAVEL PLAZA #752,"I-81, EXIT 323",Clear Brook,VA,39.265461,-78.098788,3.659
63456,SHELL,"I-85, EXIT 61",Petersburg,VA,37.220001,-77.432594,3.20066666
63495,DECAUTER SHELL TRUCK STOP,"I-35, EXIT 369",Decatur,TX,33.235077,-97.573995,2.91566666
63498,PILOT #6955,I-40/I-85 EXIT 150,Haw River,NC,36.055085,-79.334557,3.959
63500,SPEEDWAY #8723,"I-75, EXIT 144B",Bridgeport,MI,43.355309,-83.854906,3.379
63500,SPEEDWAY #8723,"I-75, EXIT 144B",Bridgeport,MI,43.355309,-83.854906,3.249
63500,SPEEDWAY #8723,"I-75, EXIT 144B",Bridgeport,MI,43.355309,-83.854906,3.259
63500,SPEEDWAY #8723,"I-75, EXIT 144B",Bridgeport,MI,43.355309,-83.854906,3.469
63501,LOVES TRAVEL STOP #407,I-81 EXIT 52B OR I-76 EXIT 226,Carlisle,PA,40.203877,-77.199526,4.099
63502,FLYING J TRAVEL PLAZA #704,I-35 & 122ND ST,Edmond,OK,35.68,-97.53,3.30566666
63506,KWIK TRIP #342,"I-39, EXIT 159",Stevens Point,WI,44.521221,-89.558764,3.559
63509,PILOT #4557,"I-85, EXIT 166",Carnesville,GA,34.394723,-83.279209,3.17233333
63509,PILOT TRAVEL CENTER #4557,"I-85, EXIT 166",Carnesville,GA,34.394723,-83.279209,3.239
63510,PILOT #4584,"I-95, EXIT 181",Latta,SC,34.339829,-79.441704,3.349
63511,PILOT #4576,"I-95, EXIT 82",Saint George,SC,33.184532,-80.573246,3.519
63512,SPEEDWAY #7929,"I-40, EXIT 208",Colfax,NC,36.100272,-80.010276,2.854
63516,SHEETZ #701,"I-81, EXIT 273",Mount Jackson,VA,38.768819,-78.676655,2.874
63517,TA LINCOLN TRAVEL CENTER,"I-20, EXIT 168 & SR-77",Lincoln,AL,33.605913,-86.111152,3.084
63519,PILOT TRAVEL CENTERS #243,"I-64, EXIT 45 & SR-25",Nitro,WV,38.419323,-81.829311,3.62566666
63522,Pilot Travel Centers #411,"I-40, EXIT 238 & US-231",Lebanon,TN,36.209792,-86.302367,3.24566666
63523,PILOT TRAVEL CENTER #441,"I-65, EXIT 334",Decatur,AL,34.589599,-86.98868,3.859
63523,PILOT TRAVEL CENTERS #441,"I-65, EXIT 334",Decatur,AL,34.589599,-86.98868,3.859
63524,PILOT TRAVEL CENTER #416,"I-75/SR-401, EXIT 101",Cordele,GA,31.963333,-83.7825,3.28566666
63524,PILOT TRAVEL CENTERS #416,"I-75/SR-401, EXIT 101",Cordele,GA,31.963333,-83.7825,3.33233333
63530,BIG EASY TRAVEL PLAZA,"I-10, EXIT 239-B",New Orleans,LA,29.963071,-90.160953,3.799
63532,FUELSMART,SR-165,Muskogee,OK,35.730661,-95.375491,3.25233333
63533,FLYING J TRAVEL PLAZA #638,"I-84, EXIT 29",Caldwell,ID,43.662719,-116.700038,3.78733333
63538,SUAMICO CITGO,"US-41/US-141, EXIT 176 & CR-B",Suamico,WI,44.631944,-88.039167,3.269
63540,GAS N GO,"I-75, EXIT 149",Byron,GA,32.647384,-83.762244,3.17233333
63545,LOVES TRAVEL STOP #397,"I-85, EXIT 104",Blacksburg,SC,35.115047,-81.508004,3.419
63546,CITGO QUIK MART,SR/15 & SR-68,Tennille                                ,GA,32.9063,-82.840024,3.46566666
63563,PILOT TRAVEL CENTERS #209,"I-10, EXIT 140",Van Horn                                ,TX,31.042879,-104.832249,3.659
63564,PILOT TRAVEL CENTERS #213,"I-70, EXIT 94 (WILSON ROAD)",Columbus,OH,40.1444,-82.9789,3.509
63565,LOVES TRAVEL STOP #296,"I-8, EXIT 115 & SR-85",Gila Bend,AZ,32.93059,-112.746832,3.889
63566,PORT ALLEN TRUCKSTOP,"I-10, EXIT 151 & SR-415",Port Allen,LA,30.471983,-91.254088,3.259
63568,FLYING J TRAVEL PLAZA #658,"I-35, EXIT 127",Emporia,KS,38.418405,-96.187145,3.25233333
63569,Flying J Dealer #893,"I-80, EXIT 40 (US-59)",Avoca,IA,41.476834,-95.350872,3.659
63569,PILOT TRAVEL CENTERS #893,"I-80, EXIT 40 (US-59)",Avoca,IA,41.476834,-95.350872,3.659
63570,PILOT TRAVEL CENTERS #287,"I-71, EXIT 204 & SR-83",Burbank,OH,40.963725,-81.995753,3.699
63571,Palace Truckstop,"I-10, EXIT 246 & I-510, EXIT 2C",New Orleans,LA,29.963071,-90.160953,3.299
63572,PILOT TRAVEL CENTER #211,"I-40, EXIT 9 & SR-95",Lake Havasu City,AZ,34.492879,-114.308083,3.849
63572,PILOT TRAVEL CENTERS #211,"I-40, EXIT 9 & SR-95",Lake Havasu City,AZ,34.492879,-114.308083,3.999
63574,PILOT TRAVEL CENTERS #232,"I-84, EXIT 376A",Ontario,OR,44.04156,-116.978268,3.699
63575,OKEMAH TRAVEL CENTER,"I-40, EXIT 221 (ST 27)",Okemah,OK,35.447516,-96.306788,2.879
63577,PILOT TRAVEL CENTERS #236,"I-80, EXIT 122",Minooka,IL,41.461516,-88.278596,3.799
63577,PILOT TRAVEL CENTER #236,"I-80, EXIT 122",Minooka,IL,41.461516,-88.278596,3.799
63579,301 PLAZA,US-301 & SR-299,Middletown,DE,39.481535,-75.683183,3.239
63580,FLYING J TRAVEL PLAZA #637,"I-380, EXIT 68",Evansdale,IA,42.475453,-92.281158,3.779
63581,CASEYS #4453,"I-75, EXIT 120",Lexington,KY,38.017394,-84.485423,3.224
63582,T BONE TRUCK STOP,US-30,Columbus                                ,NE,41.437225,-97.356469,3.099
63583,CUBBYS #110,"I-80, EXIT 353",Columbus                                ,NE,41.437225,-97.356469,3.179
63584,PILOT TRAVEL CENTERS #417,"I-20, EXIT 19",Temple,GA,33.767687,-85.013315,3.449
63584,PILOT TRAVEL CENTER #417,"I-20, EXIT 19",Temple,GA,33.767687,-85.013315,3.389
63586,LOVES TRAVEL STOP #295,US-412 & US-69,Chouteau,OK,36.166924,-95.341574,3.29066666
63587,24/7 TRAVEL PLAZA,"I-135, EXIT 92",Salina,KS,38.823802,-97.608787,2.974
63588,KWIK TRIP #686,"I-94, EXIT 333/US-41 & SR-20",Sturtevant,WI,42.69673,-87.903082,3.769
63594,PILOT TRAVEL CENTERS #49,"I-24, EXIT 89",Oak Grove,KY,36.665225,-87.425514,3.15233333
63595,SPEEDWAY #5236,"I-75, EXIT 122",Lima,OH,40.764066,-84.097296,3.25566666
63596,PILOT TRAVEL CENTERS #442,"I-55, EXIT 19",Hayti                                   ,MO,36.239475,-89.751607,3.25566666
63597,PILOT TRAVEL CENTERS #163,"I-10, EXIT 24",Lordsburg,NM,32.314032,-108.754657,3.439
63598,PILOT TRAVEL CENTERS #164,"I-90/I-94, EXIT 69 & SR-82",Mauston,WI,43.793383,-90.064085,3.299
63599,PWI #978,"I-215, EXIT 21",Salt Lake City,UT,40.755851,-111.896657,3.359
63600,PILOT TRAVEL CENTERS #77,"I-55 /I-20, EXIT 45",Jackson,MS,32.293502,-90.186655,3.149
63601,PILOT TRAVEL CENTERS #206,"I-20, EXIT 406",Weatherford,TX,32.8435,-97.7047,3.209
63602,LOVES TRAVEL STOP #285,I-40 EXIT 277,Santa Rosa,NM,34.933276,-104.682155,3.474
63603,LOVES TRAVEL STOP #290,US-59/US-69/S LOOP 287 & FM-841,Lufkin,TX,31.336004,-94.734185,3.649
63603,LOVES TRAVEL STOPS #290,US-59/US-69/S LOOP 287 & FM-841,Lufkin,TX,31.336004,-94.734185,3.649
63604,7-ELEVEN #40363,US-17/SR-15 & SR-100,Palatka,FL,29.657748,-81.659452,3.364
63605,FLYING J TRAVEL PLAZA #663,"I-64, EXIT 43 & SR-395",Waddy,KY,38.105445,-85.12883,3.759
63606,FLYING J TRAVEL PLAZA #652,"I-65/US-52, EXIT 139 & SR-39",Lebanon,IN,40.044894,-86.464074,3.64066666
63607,ROAD RANGER #209,"I-90/94,  EXIT 48",Oakdale,WI,43.959722,-90.381667,3.234
63608,ROAD RANGER #206,US-20,Winnebago,IL,42.272723,-89.237316,3.219
63608,ROAD RANGER #206,US-20,Winnebago,IL,42.272723,-89.237316,3.289
63608,ROAD RANGER #206,US-20,Winnebago,IL,42.272723,-89.237316,3.299
63609,ROAD RANGER #203,US-20 & SR-2,Rockford,IL,42.292233,-89.116118,3.219
63609,ROAD RANGER #203,US-20 & SR-2,Rockford,IL,42.292233,-89.116118,3.289
63609,ROAD RANGER #203,US-20 & SR-2,Rockford,IL,42.292233,-89.116118,3.299
63612,FLYING J TRAVEL PLAZA #622,"I-95/SR-9, EXIT 131 & SR-68 & SR-713",Fort Pierce,FL,27.438233,-80.443963,3.499
63613,FLYING J TRAVEL PLAZA #690,"I-10/US-70, EXIT 24",Lordsburg,NM,32.314032,-108.754657,3.439
63614,PILOT TRAVEL CENTERS #446,"I-69, EXIT 234",Daleville,IN,40.125738,-85.511016,3.514
63614,PILOT TRAVEL CENTER #446,"I-69, EXIT 234",Daleville,IN,40.125738,-85.511016,3.649
63615,One9 #1413,"I-81, EXIT 101",Dublin,VA,37.098879,-80.669696,3.24233333
63616,SPEEDWAY #8876,"US-23, EXIT 50",Whitmore Lake,MI,42.428904,-83.78282,3.499
63616,SPEEDWAY #8876,"US-23, EXIT 50",Whitmore Lake,MI,42.428904,-83.78282,3.749
63619,PILOT TRAVEL CENTERS #428,"I-20, EXIT 112",West Monroe                             ,LA,32.531726,-92.175971,3.20566666
63620,LOVES TRAVEL STOP #420,"I-20, EXIT 47",Flowood,MS,32.3165,-90.1105,3.149
63621,FUEL CITY FRIENDLYS,"I-35E, EXIT 435",Dallas,TX,32.996848,-96.792113,2.96566666
63623,PILOT TRAVEL CENTER #90,"I-95/SR-9, EXIT 129 & SR-91, EXIT 152 & SR-70",Fort Pierce,FL,27.438233,-80.443963,3.519
63623,PILOT TRAVEL CENTERS #90,"I-95/SR-9, EXIT 129 & SR-91, EXIT 152 & SR-70",Fort Pierce,FL,27.438233,-80.443963,3.459
63624,FROG CITY TRAVEL PLAZA,"I-10, EXIT 87",Rayne                                   ,LA,30.204508,-92.248592,3.36566666
63625,FLYING J TRAVEL PLAZA #688,"I-295, DEEP WATER STREET",Penns Grove,NJ,39.717938,-75.465623,3.989
63627,PILOT TRAVEL CENTERS #174,I-78 & SR-15,New Albany,MS,34.485051,-89.003058,3.859
63628,PILOT TRAVEL CENTERS #75,"I-65, EXIT 19 & US-43/SR-13",Satsuma,AL,30.851628,-88.053312,3.199
63628,PILOT TRAVEL CENTER #75,"I-65, EXIT 19 & US-43/SR-13",Satsuma,AL,30.851628,-88.053312,3.195
63629,SPEEDWAY #4523,"I-94, EXIT 88",Osseo,WI,44.559923,-91.219148,3.54566666
63630,TA DENVER EAST TRAVEL CENTER,"I-70 & I-270, EXIT 278",Commerce City,CO,39.825875,-104.911349,3.37566666
63635,SAPP BROS TRAVEL CENTER,"I-70, EXIT 295",Junction City,KS,39.029913,-96.839553,3.709
63636,PILOT TRAVEL CENTER #279,"I-19, EXIT 12 & SR-289",Rio Rico,AZ,31.4851,-110.9898,3.614
63636,PILOT TRAVEL CENTERS #279,"I-19, EXIT 12 & SR-289",Rio Rico,AZ,31.4851,-110.9898,3.659
63637,PILOT TRAVEL CENTERS #454,"I-70, EXIT 79",London                                  ,OH,39.900074,-83.443899,3.509
63639,PILOT TRAVEL CENTERS #444,"I-70, EXIT 23",Brazil                                  ,IN,39.521041,-87.127767,3.939
63639,PILOT TRAVEL CENTER #444,"I-70, EXIT 23",Brazil                                  ,IN,39.521041,-87.127767,3.939
63640,SUPER EXPRESS STOP,"I-64, EXIT 113",Mount Sterling,KY,38.054822,-83.938774,3.859
63641,FLYING J TRAVEL PLAZA #625,"I-4/SR-400, EXIT 10 & SR-579",Seffner,FL,27.983333,-82.275833,3.44233333
63642,COLTS QUICK DRAW,"I-40, EXIT 125 & US-65/SR-25",Greenbrier,AR,35.229547,-92.357792,3.30733333
63648,CIRCLE K #2723333,"I-75, EXIT 216",Mcdonough,GA,33.450556,-84.158333,3.209
63649,ONE TRIP,US-84,Homerville,GA,31.044991,-82.743103,3.44233333
63651,CIRCLE K #2723346,US-29/S8,Athens,GA,33.976097,-83.363174,3.399
63652,CASEYS #3292,"I-380, EXIT 43 & US-20",Independence,IA,42.46744,-91.880343,3.599
63653,FLYING J TRAVEL PLAZA #760,US-30 & SR-232,Cokeville,WY,42.057983,-110.916419,3.899
63661,FLYING J TRAVEL PLAZA #677,"US-78, EXIT 6",Olive Branch,MS,34.94414,-89.854427,3.28566666
63662,PILOT TRAVEL CENTERS #267,"I-75, EXIT 146",Byron                                   ,GA,32.647384,-83.762244,3.36566666
63662,PILOT TRAVEL CENTER #267,"I-75, EXIT 146",Byron                                   ,GA,32.647384,-83.762244,3.38566666
63667,CIRCLE K #2723875,SR-41/SR-45,Jamestown,SC,33.228797,-79.715551,2.974
63668,PILOT #4579,"I-26, EXIT 139",Saint Matthews,SC,33.694212,-80.856286,3.509
63669,One9 #1248,"I-45, EXIT 271",Wilmer,TX,32.598133,-96.68376,2.75566666
63671,WESTERN TRAVEL TERMINAL,US-26 & US-85,Torrington                              ,WY,42.062377,-104.191662,3.399
63676,CORNER EXPRESS,ST 55,Wellston                                ,MI,44.213266,-85.955475,3.499
63680,ALLTOWN MARKETS-FLYING J #896,I-93 EXIT 11 & SR 3A,Bow,NH,43.138788,-71.544814,4.099
63685,RIVER HEIGHTS GROCERY,US-64/SR-69/SR-15,Crump                                   ,TN,35.221641,-88.335641,3.099
63690,LOVES TRAVEL STOP #277,"I-30, EXIT 46",Prescott,AR,33.804029,-93.372544,3.47566666
63691,JIMMIES AUTO TRUCK PLAZA,"I-10, EXIT 262",Lee,FL,30.397863,-83.284392,3.84733333
63694,PILOT TRAVEL CENTERS #261,"I-55, EXIT 186",Winona,MS,33.485753,-89.727655,3.499
63695,FLYING J TRAVEL PLAZA #634,"I-20/SR-402, EXIT 19 & SR-113",Temple,GA,33.767687,-85.013315,3.419
63697,MILLER MART #40,"I-64, EXIT 255B",Newport News,VA,37.057951,-76.460722,3.30566666
63699,DEWITT TRAVEL MART,"US-30, EXIT 313",De Witt,IA,41.826726,-90.523735,3.599
63700,WIXOM FUEL STOP,"I-96, EXIT 159",Wixom,MI,42.534037,-83.528486,3.999
63701,FLYING J TRAVEL PLAZA #742,"I-80, EXIT 98/99",Tooele                                  ,UT,40.545445,-112.300214,3.759
63702,QUICK FUEL #2501,"I-264, EXIT 14",Louisville,KY,38.2435,-85.7639,3.08233333
63703,QUICK FUEL #2303,"I-71, EXIT 104/FRANK RD EXIT",Columbus,OH,40.1444,-82.9789,3.56566666
63704,QUICK FUEL #2301,"I-275, EXIT 44",Cincinnati,OH,39.091293,-84.277383,3.239
63706,QUICK FUEL #1003,"I-41/US-45, EXIT 45 & CR-EE",Milwaukee,WI,43.0343,-87.9151,3.42566666
63715,FLYING J TRAVEL PLAZA #772,"I-215, EXIT 28",North Salt Lake                         ,UT,40.844064,-111.904116,3.73233333
63716,EXPRESS LANE #34,"I-39, EXIT 115",Rockford,IL,42.292233,-89.116118,3.549
63716,EXPRESS LANE #34,"I-39, EXIT 115",Rockford,IL,42.292233,-89.116118,3.749
63718,ROAD RANGER #210,"I-39/US-51, EXIT 99 & SR-38",Rochelle,IL,41.928156,-89.071035,3.699
63720,FLYING J TRAVEL PLAZA #611,"I-10, EXIT 137",Phoenix,AZ,33.451,-112.0685,3.589
63721,ROAD RUNNER TRAVEL CENTER,I-69E/US-77 & CR-892,Robstown,TX,27.798395,-97.699523,3.349
63722,LOVES TRAVEL STOP #240,"I-10, EXIT 151 & SR-415",Port Allen,LA,30.471983,-91.254088,3.23233333
63724,LOVES TRAVEL STOP #244,"I-40, EXIT 87 & US-70/US-412",Jackson,TN,35.610222,-88.814011,3.49733333
63725,TA CARTERSVILLE TRAVEL CENTER,"I-75, EXIT 296",Cartersville,GA,34.186975,-84.820401,3.599
63726,FLYING J TRAVEL PLAZA #706,"I-44 & I-244, EXIT 236",Tulsa,OK,36.05566,-96.060229,3.36566666
63727,LOVES TRAVEL STOP #403,"I-81, EXIT 3",Binghamton,NY,42.146307,-75.886517,3.719
63727,LOVES TRAVEL STOP #403,"I-81, EXIT 3",Binghamton,NY,42.146307,-75.886517,3.749
63727,LOVES TRAVEL STOP #403,"I-81, EXIT 3",Binghamton,NY,42.146307,-75.886517,3.689
63727,LOVES TRAVEL STOP #403,"I-81, EXIT 3",Binghamton,NY,42.146307,-75.886517,3.679
63728,PILOT TRAVEL CENTERS #43,"I-80, EXIT 284",Walcott,IA,41.645309,-90.725603,3.88566666
63728,PILOT TRAVEL CENTER #43,"I-80, EXIT 284",Walcott,IA,41.645309,-90.725603,3.859
63729,PILOT TRAVEL CENTERS #147,"I-80, EXIT 410",West Wendover                           ,NV,40.735,-114.075278,3.709
63730,PILOT TRAVEL CENTERS #309,"I-77, EXIT 25",Caldwell,OH,39.746651,-81.51528,3.65233333
63731,LOVES TRAVEL STOP #243,"I-10, EXIT 43 & SR-383",Iowa,LA,30.221937,-93.02586,3.58733333
63732,LOVES TRAVEL STOP #265,"I-10, EXIT 200",Eloy,AZ,32.750929,-111.583275,3.434
63734,CIRCLE K #2723472,US-70 & SR-58,Kinston,NC,35.278333,-77.585969,3.319
63736,PLATEAU TRUCK AND AUTO CENTER,"I-10, EXIT 159",Van Horn                                ,TX,31.042879,-104.832249,3.099
63737,I 10 DUSON TRUCK STOP,"I-10, AUSTRIA ROAD",Duson,LA,30.191216,-92.152455,3.41066666
63738,U STOP 33,US-77,Beatrice,NE,40.270509,-96.743494,3.399
63740,CIRCLE K #2723478,US-29,Blairs,VA,36.667408,-79.378869,3.439
63741,SHELL,"I-295, EXIT 15",Chester,VA,37.342934,-77.41557,3.20233333
63743,PILOT TRAVEL CENTERS #370,"I-81, EXIT 175",Pittston,PA,41.317501,-75.788492,4.17566666
63744,PILOT TRAVEL CENTERS #439,"I-24, EXIT 86",Oak Grove,KY,36.665225,-87.425514,3.15233333
63745,PILOT TRAVEL CENTER #447,"I-64, EXIT 25",Haubstadt,IN,38.189536,-87.579827,3.959
63745,PILOT TRAVEL CENTERS #447,"I-64, EXIT 25",Haubstadt,IN,38.189536,-87.579827,3.959
63746,PILOT TRAVEL CENTERS #453,"I-85, EXIT 90",Gaffney,SC,35.061508,-81.649061,3.429
63747,PILOT TRAVEL CENTERS #440,"I-71, EXIT 28",Pendleton,KY,38.480918,-85.317019,3.759
63751,PETRO STOPPING CENTER #328,"I-20 & I-55, EXIT 45",Jackson,MS,32.293502,-90.186655,3.109
63752,MR FUEL #732,"I-80, EXIT 226",Girard,OH,41.161136,-80.693305,3.239
63753,PILOT TRAVEL CENTER #4558,"I-75, EXIT 318",Calhoun,GA,34.496456,-84.934545,3.28566666
63753,PILOT #4558,"I-75, EXIT 318",Calhoun,GA,34.496456,-84.934545,3.30566666
63754,U SAVE TRAVEL PLAZA,US-19 & SR-129,Mount Nebo,WV,38.197064,-80.820204,3.599
63755,PILOT TRAVEL CENTERS #196,"I-40, EXIT 325 & US-64",Roland,OK,35.453811,-94.529085,3.739
63756,PILOT TRAVEL CENTERS #144,"I-20, EXIT 200",Augusta,GA,33.511692,-82.099505,3.859
63756,PILOT TRAVEL CENTER #144,"I-20, EXIT 200",Augusta,GA,33.511692,-82.099505,3.859
63759,BUFFALO RANCH,US/69/US-60 & US-59,Afton,OK,36.630072,-94.907491,3.099
63760,CASH MAGIC CITGO HOUMA,I-57,Houma,LA,29.59433,-90.754808,3.56566666
63761,7Fleet #46589,"I-94/US-52, EXIT 205 & SR-241",Saint Michael,MN,45.206409,-93.659253,3.309
63762,MINIT MART #600643,"I-57, EXIT 322",Manteno,IL,41.251439,-87.846761,3.299
63762,MINIT MART #600643,"I-57, EXIT 322",Manteno,IL,41.251439,-87.846761,3.399
63762,MINIT MART #600643,"I-57, EXIT 322",Manteno,IL,41.251439,-87.846761,3.249
63763,Flying J Travel Plaza #644,"I-80, EXIT 77 & SR-351",La Salle,IL,41.344221,-89.095468,3.599
63763,Flying J Travel Plaza #644,"I-80, EXIT 77 & SR-351",La Salle,IL,41.344221,-89.095468,3.399
63763,Flying J Travel Plaza #644,"I-80, EXIT 77 & SR-351",La Salle,IL,41.344221,-89.095468,3.459
63763,Flying J Travel Plaza #644,"I-80, EXIT 77 & SR-351",La Salle,IL,41.344221,-89.095468,3.299
63764,LOVES TRAVEL STOP #288,"I-45, EXIT 198 & US-84",Fairfield,TX,31.736136,-96.157176,3.429
63766,PILOT TRAVEL CENTERS #26,"US-23, EXIT 5 & US-223",Ottawa Lake,MI,41.768276,-83.685559,3.599
63766,PILOT TRAVEL CENTERS #26,"US-23, EXIT 5 & US-223",Ottawa Lake,MI,41.768276,-83.685559,3.659
63766,PILOT TRAVEL CENTERS #26,"US-23, EXIT 5 & US-223",Ottawa Lake,MI,41.768276,-83.685559,3.579
63766,PILOT TRAVEL CENTERS #26,"US-23, EXIT 5 & US-223",Ottawa Lake,MI,41.768276,-83.685559,3.649
63767,HOP-IN FOOD STORES,I-27 & FM-1729,New Deal,TX,33.737222,-101.836111,2.92566666
63768,PILOT TRAVEL CENTERS #443,"I-70, EXIT 49",Higginsville,MO,39.070504,-93.713265,3.23566666
63770,FLYING J TRAVEL PLAZA #694,"I-90, EXIT 223",Austinburg,OH,41.75536,-80.858422,3.859
63771,FLYING J FUEL STOP #572,"I-35, EXIT 144",Williams                                ,IA,42.461376,-93.56774,3.699
63771,FLYING J TRAVEL PLAZA #572,"I-35, EXIT 144",Williams                                ,IA,42.461376,-93.56774,3.699
63773,QUIKTRIP #179,ST 152,Liberty,MO,39.241916,-94.433664,2.999
63774,PILOT TRAVEL CENTERS #150,"I-70, EXIT 24 &SR-63",Hagerstown,MD,39.632022,-77.737215,3.959
63775,FLYING J #646,"I-90/39, EXIT 1 & US-51 & SR-75",South Beloit,IL,42.483672,-89.029791,3.799
63775,FLYING J TRAVEL PLAZA #646,"I-90/39, EXIT 1 & US-51 & SR-75",South Beloit,IL,42.483672,-89.029791,3.799
63776,KWIK TRIP #334,US-169/SR-60,Mankato,MN,44.153809,-93.996044,3.549
63777,KWIK TRIP #403,"I-35, EXIT 45",Owatonna,MN,44.080478,-93.21914,3.499
63778,KWIK TRIP #662,SR-55/SR-149,Saint Paul,MN,44.902691,-93.096435,3.629
63781,Pilot Travel Centers #8,US-23 & PITTSBURG RD,Circleville,OH,39.598836,-82.929966,3.799
63782,FUEL EXPRESSO #11,"I-35, EXIT 155",Lebo,KS,38.416085,-95.822174,3.17233333
63787,LOVES TRAVEL STOP #402,"I-10, EXIT 44",Biloxi,MS,30.403478,-88.897143,3.449
63789,PILOT TRAVEL CENTER #448,"I-65, EXIT 240",Hebron,IN,41.315537,-87.208791,3.599
63789,PILOT TRAVEL CENTERS #448,"I-65, EXIT 240",Hebron,IN,41.315537,-87.208791,3.354
63790,PILOT TRAVEL CENTERS #412,"I-81, EXIT 4",White Pine,TN,36.090299,-83.287921,3.699
63791,PILOT TRAVEL CENTERS #432,"I-35, EXIT 328",Waco,TX,31.552452,-97.139608,3.22066666
63792,PILOT TRAVEL CENTER #424,"I-75, EXIT 358",Ocala,FL,29.1981,-82.0974,3.41233333
63792,PILOT TRAVEL CENTERS #424,"I-75, EXIT 358",Ocala,FL,29.1981,-82.0974,3.359
63793,HUTCH'S #113,US-183 & US-270/SR-15,Woodward,OK,36.426784,-99.402016,2.999
63794,PILOT TRAVEL CENTERS #157,"I-30, EXIT 122",Sulphur Springs,TX,33.134541,-95.592161,3.309
63795,LOVES COUNTRY STORE #022,US-412,Clayton,NM,36.441378,-103.188823,3.414
63796,PETRO STOPPING CENTER #329,"I-40/I-85, EXIT 157",Mebane,NC,36.097862,-79.271895,3.999
63798,PETRO GLADE SPRING #372,"I-81, EXIT 29",Glade Spring,VA,36.7779,-81.767639,3.58733333
63799,LOVES TRAVEL STOP #204,US-69 BUS & US-69,Eufaula,OK,35.29114,-95.647227,3.689
63800,PILOT TRAVEL CENTER #255,"I-95, EXIT 40",Milford,CT,41.217466,-73.054948,4.299
63800,PILOT TRAVEL CENTERS #255,"I-95, EXIT 40",Milford,CT,41.217466,-73.054948,4.299
63801,PILOT #1126,"I-435, EXIT 55 & SR-210",Kansas City,MO,39.163189,-94.569882,3.38233333
63802,CARTERS TRAVEL CENTER,"I-40, EXIT 201N",Flagstaff                               ,AZ,35.185911,-111.661979,3.689
63803,KOUNTRY XPRESS,"I-40, EXIT 20",Mulberry                                ,AR,35.517246,-93.988505,3.27233333
63805,TEX-BEST #519,US-281 & US-281 BUS & CR-1930,Alice,TX,27.743171,-98.083622,2.899
63812,PETRO STOPPING CENTER #330,"I-65, EXIT 86",Glendale,KY,37.603398,-85.892101,3.599
63813,TA SAN ANTONIO TRAVELCENTER,"I-10 & FOSTER RD, EXIT 583",San Antonio,TX,29.468525,-98.526352,3.20733333
63828,CIRCLE K #2723654,US-431,Boaz,AL,34.173889,-86.121111,3.519
63829,CALERA CHEVRON,SR-25,Calera,AL,33.1098,-86.755987,3.199
63836,Double Bees #109,"I-40, EXIT 183",Carlisle,AR,34.793291,-91.745929,3.139
63841,MAGNOLIA TRAVEL CENTER,US-82 & US-371,Magnolia,AR,33.264678,-93.239153,3.599
63846,71 EXPRESS,US-71,Mansfield,AR,35.0432,-94.22036,3.33233333
63848,CIRCLE K #2706345,"I-30, EXIT 2",Texarkana,AR,33.441667,-94.0375,3.479
63850,PILOT TRAVEL CENTER #180,"I-40, EXIT 185",Bellemont,AZ,35.238056,-111.832778,3.609
63850,PILOT TRAVEL CENTERS #180,"I-40, EXIT 185",Bellemont,AZ,35.238056,-111.832778,3.639
63854,E-Z MART #4437,US-71,Boles,AR,34.765363,-94.062864,3.299
63855,LOVES TRAVEL STOP #460,"I-10, EXIT 302",Benson,AZ,31.98826,-110.294113,3.279
63856,PILOT #1175,"I-17, EXIT 262 & SR-69",Mayer,AZ,34.365535,-112.129551,3.699
63856,PILOT TRAVEL CENTER #1175,"I-17, EXIT 262 & SR-69",Mayer,AZ,34.365535,-112.129551,3.6915
63870,CIRCLE K #2744074,"I-270/US-36, EXIT 4",Commerce City,CO,39.825875,-104.911349,3.45566666
63871,Alta Convenience Store #6317,"I-70, EXIT 19",Fruita,CO,39.163656,-108.721757,3.399
63876,Mobil,"FL TURNPIKE,  EXIT 244",Kissimmee,FL,28.305056,-81.424208,3.449
63887,QUIKTRIP #757,"I-79/SR-401, EXIT 306 & SR-140",Adairsville,GA,34.359527,-84.917634,2.88733333
63893,QUICK FUEL #2204,"I-285, EXIT 58/SR-407 & I-75, EXIT 237/SR-401",Atlanta,GA,33.749788,-84.31685,3.27566666
63894,CIRCLE K #2723653,"I-75, EXIT 124",Cartersville,GA,34.186975,-84.820401,3.224
63895,KWIK SERV #17,"I-75, EXIT 136",Chatsworth,GA,34.758929,-84.794293,3.499
63904,SUNOCO,"I-95, EXIT 19",Savannah,GA,32.067631,-81.102394,3.63233333
63907,QUIKTRIP #737,"I-85, EXIT 137",Jefferson,GA,34.106197,-83.570813,3.119
63909,GAS2GO,"I-95, EXIT 6",Kingsland,GA,30.797681,-81.707483,3.109
63910,OGMULGEE CHEVRON #419,"I-16, EXIT 6",Macon,GA,32.84386,-83.598686,3.399
63912,PILOT TRAVEL CENTER #4562,"I-95, EXIT 1",Kingsland,GA,30.797681,-81.707483,3.57233333
63912,PILOT #4562,"I-95, EXIT 1",Kingsland,GA,30.797681,-81.707483,3.559
63914,CIRCLE M #12,US-23/SR-365 & SR-52,Lula                                    ,GA,34.398513,-83.694459,3.539
63915,HIGHWAY 80 CHEVRON,"I-185, EXIT 7",Midland                                 ,GA,32.561587,-84.855851,3.399
63922,THOMASVILLE TRAVEL CENTER,US-84 & SR-3,Thomasville,GA,30.8665,-83.9233,3.18066666
63925,PILOT #4561,"I-75, EXIT 11",Valdosta,GA,30.810578,-83.277166,3.359
63925,PILOT TRAVEL CENTER #4561,"I-75, EXIT 11",Valdosta,GA,30.810578,-83.277166,3.28566666
63931,LOVES TRAVEL STOP #371,"I-95, EXIT 190",Dillon,SC,34.414553,-79.377015,3.33066666
63937,CUBBYS #305,"I-29, EXIT 10 & SR-2",Percival,IA,40.740148,-95.809307,3.694
63938,CUBBYS #301,US-34 & SR-48,Red Oak,IA,41.007949,-95.226924,3.399
63942,Discount Zone,"I-10, EXIT CLEARVIEW",New Orleans,LA,29.963071,-90.160953,3.279
63946,MINIT MART #600644,"I-80, EXIT 134",Joliet,IL,41.527154,-88.08241,3.599
63955,ROAD RANGER #266,"I-72, EXIT 82 & CR-10",New Berlin,IL,39.736048,-89.905721,3.539
63955,ROAD RANGER #266,"I-72, EXIT 82 & CR-10",New Berlin,IL,39.736048,-89.905721,3.439
63955,ROAD RANGER #266,"I-72, EXIT 82 & CR-10",New Berlin,IL,39.736048,-89.905721,3.479
63957,SUNMART FOOD STORE,SR-37,Bloomington,IN,39.140057,-86.508262,3.499
63959,SPEEDWAY #1429,SR-59 & SR-56,Warrenville,IL,41.828046,-88.19213,3.499
63959,SPEEDWAY #1429,SR-59 & SR-56,Warrenville,IL,41.828046,-88.19213,3.599
63960,BUTLER ONE STOP,"I-69, EXIT 329",Butler                                  ,IN,41.42873,-84.878716,3.519
63962,7-ELEVEN #40505,"I-80, EXIT 90",Elkhart,IN,41.710083,-85.972949,4.11566666
63964,LOVES TRAVEL STOPS #242,"I-35 & FISHER RD, EXIT 144",Von Ormy,TX,29.274979,-98.667741,3.249
63964,LOVES TRAVEL STOP #242,"I-35 & FISHER RD, EXIT 144",Von Ormy,TX,29.274979,-98.667741,3.167
63965,GOOD TO GO #11,"I-65, EXIT 158",Frankfort,IN,40.288404,-86.511387,3.549
63966,PHILS ONE STOP,"I-69, EXIT 309B",Fort Wayne                              ,IN,41.0716,-85.1367,3.67566666
63972,7-ELEVEN #40506,"I-80/I-90, MM 125 WB",Howe,IN,41.728594,-85.472746,3.899
63977,CAREFREE FOOD MART,"I-64, EXIT 92",Leavenworth                             ,IN,38.194244,-86.359862,3.499
63978,Gallops,"I-80, EXIT 107",Middlebury,IN,41.675415,-85.711443,3.549
63979,Jaks Oil,US-90,Broussard,LA,30.12189,-91.950171,3.049
63988,Petes #47,US-400/SR-47,Fredonia                                ,KS,37.525622,-95.822898,3.299
63990,TREX MART #4,"I-229/US-59, EXIT 4B & US-36",Wathena                                 ,KS,39.762505,-94.92546,2.999
63992,SANDRAS QUICK STOP,US-169 & US-59,Garnett,KS,38.285907,-95.259368,3.319
63994,U STOP #38,I-70 EXIT 298,Junction City,KS,39.029913,-96.839553,3.35566666
63997,LEON GROCERY,US-400,Leon                                    ,KS,37.681268,-96.752634,3.399
64001,PETES #53,US-400 & SR-99 & CR-939,Severy                                  ,KS,37.64985,-96.229777,3.249
64002,SPEEDWAY #9567,"I-65, EXIT 105",Lebanon Junction,KY,37.851054,-85.724641,3.16566666
64003,HUCKS Food & Fuel #305,SR-9001 & WKY PKWY SERVICE AREA,Beaver Dam,KY,37.386958,-86.872932,3.599
64003,HUCKS Food & Fuel #305 dba Pilot Dealer #1288,SR-9001 & WKY PKWY SERVICE AREA,Beaver Dam,KY,37.386958,-86.872932,3.629
64016,SHELL,US-231 & SR-1468,Morgantown,KY,37.19102,-86.703726,3.799
64020,LEEBOS # 9,"I-49, EXIT 90",Alexandria,LA,31.288519,-92.463349,3.21566666
64021,CM AMITE,SR-16,Amite,LA,30.718208,-90.570493,3.399
64028,DELCAMBRE FUEL DEPOT,SR-14 & SR-89,Delcambre,LA,29.947414,-91.988938,2.999
64029,SUNSHINE SUPER STOP TRUCKS,"I-10, EXIT 182",Convent,LA,30.055251,-90.864988,3.399
64030,STATE OIL,SR-23,Belle Chasse,LA,29.834514,-90.004177,3.43233333
64034,BOONES CHEVRON,SR-317,Franklin                                ,LA,29.785656,-91.502643,3.899
64036,CM PROSPECT STATION,SR-3087 & SR-660,Houma,LA,29.59433,-90.754808,3.599
64040,PILOT #1051,"I-10, EXIT 43 & SR-383",Iowa,LA,30.221937,-93.02586,3.599
64042,LA PLACE TRAVEL CENTER,"I-10, EXIT 209 & I-55, EXIT 1",La Place,LA,30.077718,-90.489544,3.259
64043,COUNTRY AUTO TRUCK STOP,"I-49, EXIT 177 & SR-509",Mansfield,LA,32.023863,-93.698045,3.259
64044,DISCOUNT ZONE,"I-510, EXIT 240",New Orleans                             ,LA,29.963071,-90.160953,3.149
64045,SILVERS TRAVEL PLAZA - Port Allen,US-190/SR-1,Port Allen,LA,30.471983,-91.254088,3.33233333
64047,LUCKY LOUIES TRUCK STOP,US-190,Port Allen,LA,30.471983,-91.254088,3.06566666
64048,Pilot #1439,"I-10, Exit 151",Port Allen,LA,30.471983,-91.254088,3.21566666
64049,Cash Magic CITGO LAROSE,SR-308,Larose,LA,29.572222,-90.381667,3.399
64050,WESTWOOD TRUCK PLAZA,US-90 BUS,Marrero,LA,29.859756,-90.110462,3.279
64058,DELTA TOWN TRUCK STOP,"I-10, EXIT 4",Vinton                                  ,LA,30.201523,-93.572808,2.799
64059,CM SPRINGHILL,"I-20, EXIT 44",Springhill,LA,33.00054,-93.459563,3.399
64060,CM VIVIAN,SR-1 & SR-2,Vivian,LA,32.866844,-93.987312,3.26566666
64062,XTRA MART #10098,SR-146A,Uxbridge,MA,42.074426,-71.632869,3.649
64063,Mobil,US-20 & SR-56,North Oxford,MA,42.16549,-71.885953,3.58233333
64069,301 BP,US-301/SR-5,Brandywine,MD,38.692203,-76.832033,3.259
64072,EZ MART #110,US-127 & US-127 BUS/SR-46,Alma,MI,43.380877,-84.663484,3.649
64082,SPEEDWAY #8797,SR-13,Lennon,MI,42.969323,-83.927908,3.379
64083,BIG DADDYS TRUCKSTOP,US-223 & US-23,Ottawa Lake,MI,41.768276,-83.685559,3.499
64084,RPF OIL #92 PARMA TRAVEL CENTER,"I-94, EXIT 128",Parma,MI,42.273879,-84.599886,3.499
64085,MADCO TRUCK PLAZA,"I-94, EXIT 200",Romulus                                 ,MI,42.220304,-83.358288,3.399
64085,MADCO TRUCK PLAZA,"I-94, EXIT 200",Romulus                                 ,MI,42.220304,-83.358288,3.539
64085,MADCO TRUCK PLAZA,"I-94, EXIT 200",Romulus                                 ,MI,42.220304,-83.358288,3.499
64087,SAHARA PETRO,"I-696, EXIT 22",Warren                                  ,MI,42.5159,-82.9824,3.699
64087,SAHARA PETRO,"I-696, EXIT 22",Warren                                  ,MI,42.5159,-82.9824,3.799
64091,Circle K 2746398,US-10 & SR-27,Little Falls,MN,45.98108,-94.360428,3.399
64092,ONE9 #4555,"I-20/I-59, EXIT 77",Cottondale,AL,33.176667,-87.387051,2.93233333
64097,KWIK TRIP #937,US-12,Willmar,MN,45.139264,-95.052315,3.34066666
64098,BLUE LINE TRAVEL CENTER,"I-90, EXIT 45",Worthington                             ,MN,43.628626,-95.605907,3.16566666
64101,D DIAMOND TRAVEL PLAZA,"I-44, EXIT 82",Fair Grove                              ,MO,37.372143,-93.142824,3.13233333
64106,RAPID ROBERTS #122,SR-43,Joplin                                  ,MO,37.096858,-94.505144,2.899
64112,RAPID ROBERTS #123,"I-44, EXIT 80",Springfield                             ,MO,37.2152,-93.295,2.899
64116,GRAND LEDGE,"I-96, EXIT 86",Grand Ledge,MI,42.752924,-84.737314,3.789
64120,HOLIDAY STATIONSTORE #2746185,US-2,Wakefield,MI,46.475184,-89.942446,3.219
64120,HOLIDAY STATIONSTORE #2746185,US-2,Wakefield,MI,46.475184,-89.942446,3.139
64120,HOLIDAY STATIONSTORE #2746185,US-2,Wakefield,MI,46.475184,-89.942446,3.479
64122,FLYING J TRAVEL PLAZA #691,"I-40, EXIT 333",Tucumcari                               ,NM,35.168003,-103.717935,3.899
64124,Shell,"I-94 & I-75, EXIT 171",Saint Cloud,MN,45.552113,-94.128447,3.36233333
64126,CASEYS #3471,US-2 & CR-87,Cohasset,MN,47.269112,-93.639154,3.449
64132,45 TRUCKSTOP,US-45,Corinth,MS,34.93236,-88.543884,3.089
64139,4 MILE TRUCKSTOP,US-98 & HOLT RD,Lucedale,MS,30.866722,-88.593391,3.399
64153,SPEEDWAY #6972,US-70,Durham,NC,35.996725,-78.896613,3.799
64155,SPEEDWAY #8228,"I-85, EXIT 191 & SR-56",Creedmoor,NC,36.112433,-78.647587,3.999
64156,SPEEDWAY #6985,"I-40, EXIT 312 & SR-42",Garner,NC,35.681254,-78.597527,3.499
64163,FILL GOOD BP #15,US-74,Monroe,NC,35.017775,-80.53723,3.399
64167,NORTH LONDONDERRY SUNOCO,"I-93, EXIT 5",Londonderry,NH,42.865555,-71.37719,3.939
64170,LUCKY 7,"I-95, EXIT 61",Wade,NC,35.160559,-78.724929,2.999
64171,CIRCLE K #2723130,"I-40, EXIT 364",Warsaw,NC,34.99818,-78.086739,2.87566666
64172,CUBBYS #108,"I-80, EXIT 420 & SR-63",Greenwood,NE,40.97064,-96.42584,3.399
64173,SAPP BROS TRAVEL CENTER,"I-80, EXIT 405",Lincoln,NE,40.8169,-96.7103,3.36566666
64181,SUNOCO- JOYCE KILMER PLAZA #7012,"NJTP,EXIT 8A",East Brunswick,NJ,40.428395,-74.406381,3.899
64182,SUNOCO- VINCE LOMBARDI SERVICE AREA #7017,"NJ TURNPIKE, EXIT 18",Ridgefield,NJ,40.832568,-74.001531,3.899
64183,SUNOCO- THOMAS EDISON PLAZA #7013,"NJTP, EXIT 11",Woodbridge,NJ,40.555973,-74.284542,3.899
64187,SPEEDWAY #9117,"I-25, EXIT 339",Las Vegas,NM,35.594862,-105.227162,3.18566666
64189,CIRCLE K #2708931,"I-10, EXIT 155",Tucumcari,NM,35.168003,-103.717935,3.259
64195,DANDY MINI MART #14,"I-86, EXIT 62",Nichols,NY,42.031961,-76.361039,3.439
64201,POCO SHOP #2,"I-95, EXIT 31",Saint Pauls                             ,NC,34.800962,-78.973077,3.799
64206,SUNOCO WOODROW WILSON PLAZA #7010,"NJTP, EXIT 7",Trenton,NJ,40.2169,-74.7433,3.899
64210,FUEL 1,"I-287, EXIT 4",South Plainfield,NJ,40.583884,-74.414695,4.799
64211,PILOT #490/WESTERN PETROLEUM,US-180,Carlsbad                                ,NM,32.411867,-104.239539,3.729
64215,STRIPES 7FLEET #42588,US-380 & SR-206,Tatum,NM,33.260018,-103.314,3.66233333
64216,DANDY MINI MART #31,SR-13 & SR-224,Cayuta,NY,42.277445,-76.697367,4.399
64218,PILOT TRAVEL CENTERS #494,"I-88, EXIT 25",Schenectady,NY,42.8155,-73.9395,3.999
64221,BELL STORES #49,"I-76E, EXIT 25B",Akron,OH,41.044852,-81.520048,3.499
64223,7-ELEVEN #40295,"I-80, EXIT 170",Broadview Heights,OH,41.32907,-81.680879,3.52733333
64224,7-ELEVEN #40296,SR-176,Broadview Heights,OH,41.32907,-81.680879,3.53233333
64227,GO MART FOOD STORE #116,US-50 & SR-7,Coolville                               ,OH,39.214131,-81.832867,3.35733333
64229,SPEEDWAY #9385,"I-70, EXIT 129",Hebron,OH,39.953464,-82.491868,3.369
64230,Certified Oil #400423,I-70 EXIT 126,Hebron,OH,39.953464,-82.491868,3.39566666
64231,7-ELEVEN #40293,"OHIO TURNPIKE EB MILEPOST 139/I-80, EXIT 139",Amherst,OH,41.390506,-82.228165,3.53233333
64233,74 FUEL STOP,"I-74, EXIT 3",Harrison,OH,39.259208,-84.78368,3.859
64235,PENNZMART FUEL EXPRESS,ST 100,Tiffin                                  ,OH,41.123822,-83.184356,3.4315
64236,KFC TRAVELMART,SR-199,Upper Sandusky,OH,40.824876,-83.297711,3.249
64243,Caseys #4519,US-62,Altus,OK,34.648406,-99.320483,3.00566666
64244,CHOCTAW NATION DURANT WEST #632,US-69/US-75,Calera,OK,33.928872,-96.410205,3.089
64256,CHEROKEE TRAVEL PLAZA,"I-40, EXIT 325",Roland,OK,35.453811,-94.529085,3.799
64261,Phillips 66,US-75/SR-56,Okmulgee                                ,OK,35.628805,-95.96967,2.989
64264,CASEYS #4594,US-81 & US-70,Waurika,OK,34.174466,-97.997346,3.07733333
64265,ASAP GENERAL STORE #101,"I-40, EXIT 84 & US-54",Weatherford,OK,35.535046,-98.699603,3.13233333
64270,PENN JERSEY DIESEL & TRAILER,"I-95, EXIT 37",Bensalem,PA,40.110881,-74.937753,4.199
64274,RUTTERS #53,"I-83, EXIT 32 & SR-382",Etters,PA,40.154506,-76.801861,3.999
64275,7-ELEVEN #40279,I-276 & US-202 (KING OF PRUSSIA SERVICE PLAZA WB),King Of Prussia,PA,40.1024,-75.4785,3.884
64282,ONVO TRAVEL PLAZA - HICKORY RUN,"I-80, EXIT 274",White Haven,PA,41.079049,-75.771492,3.58566666
64285,PILOT #4566,"I-85, EXIT 106",Blacksburg,SC,35.115047,-81.508004,3.429
64287,CIRCLE K #2703099,"I-20, EXIT 33",Batesburg,SC,33.938595,-81.548988,3.08566666
64288,PILOT #4581,"I-20, EXIT 116",Bishopville,SC,34.224101,-80.274988,3.43233333
64294,HOT SPOT #6004,"I-26, EXIT 28",Enoree,SC,34.670952,-81.92373,3.099
64298,CORNER MART #354,"I-26, EXIT 72",Newberry                                ,SC,34.284661,-81.615741,3.299
64299,CIRCLE K #2720881,US-17 & SR-165,Ravenel,SC,32.788088,-80.222346,3.439
64300,CIRCLE K #2723416,"I-26, EXIT 28",Roebuck,SC,34.8688,-81.95255,3.08233333
64301,HILLVIEW TRUCK STOP,"I-20, EXIT 39",Leesville                               ,SC,33.913169,-81.459753,3.059
64307,CIRCLE K #2723876,US-17 & SR-64,Round O,SC,32.940516,-80.573882,3.37233333
64309,CIRCLE K #2723272,"I-26, EXIT 119",West Columbia,SC,33.995024,-81.088836,3.54566666
64310,Palmetto Roads #308,"I-95, EXIT 77                 ",Saint George                            ,SC,33.184532,-80.573246,3.009
64313,CUBBYS #403,"I-29, EXIT 79",Sioux Falls                             ,SD,43.488,-96.7343,3.06566666
64314,JAKES CORNER,US-81 & SR-34,Winfred                                 ,SD,43.959511,-97.309266,3.049
64336,LOVES TRAVEL STOPS #345,I-90/I-94 EXIT 48 ,Tomah,WI,43.994833,-90.491704,3.289
64336,LOVES TRAVEL STOP #345,I-90/I-94 EXIT 48 ,Tomah,WI,43.994833,-90.491704,3.309
64337,GRAVES TRUCK STOP,"I-20, EXIT 59",Carthage,TX,32.154379,-94.352721,2.999
64343,Allsup's Marketplace #2411,US-67,Hawley,TX,32.594965,-99.795994,2.889
64347,PILOT TRAVEL CENTERS #256,"US-58 & US-29, SE QUAD",Danville,VA,36.621789,-79.412441,4.009
64350,STRIPES #40811,"I-37, EXIT 55",George West,TX,28.320388,-98.116159,3.01566666
64352,CHEVRON #383461,"I-10, EXIT 259",Fort Stockton,TX,30.890785,-102.879942,3.029
64355,CEFCO #34,US-281 & SR-38,Hamilton,TX,31.678116,-98.113051,3.029
64360,CIRCLE K #2706983,"I-37, EXIT 36 & SR-359",Mathis,TX,28.080208,-97.809659,3.019
64374,CEFCO #2001,US-287 & FM-369,Iowa Park,TX,33.94235,-98.674497,2.864
64382,KOSSE COUNTRY STORE,SR-7 & SR-14,Kosse                                   ,TX,31.314704,-96.619475,3.11566666
64390,TXB #71 DBA KWIK CHEK FOOD STORES,"I-20, EXIT 136",Midland                                 ,TX,31.989636,-102.06261,3.079
64393,TEX-BEST #505,"I-35, EXIT 183",New Braunfels,TX,29.694733,-98.113041,2.80566666
64399,LOVES TRAVEL STOPS #247,US-287 & SR-256,Memphis,TX,34.712237,-100.534653,3.789
64399,LOVES TRAVEL STOP #247,US-287 & SR-256,Memphis,TX,34.712237,-100.534653,3.789
64406,Main Street Market,SR-84 & FM-73,Prairie Hill,TX,31.659097,-96.809381,2.899
64407,CIRCLE K #2741527,US-281,Premont,TX,27.354444,-98.133018,2.999
64408,QUIKTRIP #4058,"I-37, EXIT 125 & SR-1604",San Antonio,TX,29.468525,-98.526352,2.96566666
64409,LONE STAR TRAVEL CENTER,"I-35, EXIT 147",San Antonio                             ,TX,29.468525,-98.526352,3.059
64420,Valero,US-59 & AT ST-87,Timpson                                 ,TX,31.884089,-94.396733,3.059
64421,TXB #17 DBA KWIK CHEK FOOD STORES,SR-121,Trenton,TX,33.423491,-96.339754,3.299
64422,Chevron,"I-10, EXIT 858",Vidor,TX,30.15018,-94.000779,2.749
64423,PILOT #568,"I-35, EXIT 140",Von Ormy,TX,29.274979,-98.667741,3.21066666
64430,GOLDEN SPIKE TRAVEL PLAZA,"I-15, EXIT 382",Tremonton,UT,41.701564,-112.181293,3.599
64431,RJS  FUEL STOP,"I-15, EXIT 40",Tremonton,UT,41.701564,-112.181293,3.459
64435,SPEEDWAY #4632,US-360/US-58 & SR-1224,Danville,VA,36.621789,-79.412441,4.059
64436,MS 58 PLAZA,"I-95, EXIT 11",Emporia                                 ,VA,36.685689,-77.562953,3.18233333
64438,PILOT TRAVEL CENTER #4622,US-58,South Boston,VA,36.696335,-78.918829,4.009
64441,MILLER MART #55,US-460 & US-58/US-13,Suffolk,VA,36.866823,-76.559811,3.09233333
64442,PILOT TRUCK STOP #583,"I-5, EXIT 262",Ferndale,WA,48.862531,-122.595293,4.599
64442,PILOT TRUCK STOP #583,"I-5, EXIT 262",Ferndale,WA,48.862531,-122.595293,4.559
64445,KWIK TRIP #413,SR-93 & SR-95,Arcadia,WI,44.253937,-91.480453,3.31566666
64446,SPEEDWAY #4293,"I-90 & I-43, EXIT 185A",Beloit,WI,42.522871,-89.039897,3.799
64447,KWIK TRIP #621,"SR-29/SR-55, EXIT 234 & SR-47/SR-117",Bonduel,WI,44.73794,-88.439026,3.45733333
64451,ROYAL FARMS #79,ST 13,New Church                              ,VA,37.952527,-75.511188,3.339
64455,SPEEDWAY #4648,SR-254,Waynesboro,VA,38.077412,-78.903461,3.959
64463,KWIK TRIP #202,"I-39/US-51, EXIT 151 & SR-54",Plover,WI,44.450673,-89.542805,3.26566666
64474,SIGNAL FOOD STORE #108,US-60,Mountain View,MO,36.989197,-91.709937,3.03233333
64477,PILOT #1063,"I-40, EXIT 81",Marion,NC,35.681916,-82.017993,3.759
64478,PILOT TRAVEL CENTERS #141,"I-80, EXIT 6",Evanston,WY,41.260947,-110.963067,3.699
64479,YESWAY #1148,"US-30, EXIT 186",Marshalltown,IA,42.040482,-92.91269,3.24566666
64480,TA Garden City,US-83 & US-400,Garden City,KS,37.97693,-100.862088,3.73066666
64481,LOVES TRAVEL STOP #282,"I-44, EXIT 4 & SR-43",Joplin,MO,37.096858,-94.505144,3.39733333
64482,LOVES TRAVEL STOP #208,"I-55, EXIT 119 & SR-22",Canton,MS,32.620543,-90.006079,3.489
64484,LOVES TRAVEL STOP #206,"I-10, EXIT 44 & SR-59",Loxley,AL,30.617964,-87.75624,3.339
64485,PILOT TRAVEL CENTERS #433,"I-20, EXIT 470",Dallas,TX,32.996848,-96.792113,3.18233333
64486,GREENWAY STORE #614,"I-85/SR-403, EXIT 61 & SR-74",Fairburn                                ,GA,33.56482,-84.580857,3.199
64487,PILOT TRAVEL CENTERS #165,"I-57 & I-70, EXIT 162",Effingham                               ,IL,39.121727,-88.561105,3.299
64487,PILOT TRAVEL CENTER #165,"I-57 & I-70, EXIT 162",Effingham                               ,IL,39.121727,-88.561105,3.499
64487,PILOT TRAVEL CENTER #165,"I-57 & I-70, EXIT 162",Effingham                               ,IL,39.121727,-88.561105,3.349
64487,PILOT TRAVEL CENTER #165,"I-57 & I-70, EXIT 162",Effingham                               ,IL,39.121727,-88.561105,3.299
64487,PILOT TRAVEL CENTERS #165,"I-57 & I-70, EXIT 162",Effingham                               ,IL,39.121727,-88.561105,3.499
64488,PILOT TRAVEL CENTERS #274,"I-10, EXIT 109",Breaux Bridge                           ,LA,30.274955,-91.905899,3.14233333
64490,QUICK FUEL #2201,"I-85, EXIT 36",Atlanta,GA,33.749788,-84.31685,3.35233333
64491,QUICK FUEL #1803,I-80/I-294 & SR-1,South Holland,IL,41.597916,-87.593814,3.849
64491,QUICK FUEL #1803,I-80/I-294 & SR-1,South Holland,IL,41.597916,-87.593814,3.829
64491,QUICK FUEL #1803,I-80/I-294 & SR-1,South Holland,IL,41.597916,-87.593814,3.889
64492,QUICK FUEL #2103,"I-70, EXIT 89",Indianapolis,IN,39.938417,-86.13894,3.309
64493,QUICK FUEL #2801,"I-435, EXIT 1-A AT MILE 1",Lenexa,KS,38.963028,-94.739947,3.369
64494,QUICK FUEL #1704,I-75 EXIT 42 AT MILE 42,Lincoln Park,MI,42.242211,-83.180688,3.669
64494,QUICK FUEL #1704,I-75 EXIT 42 AT MILE 42,Lincoln Park,MI,42.242211,-83.180688,3.619
64495,QUICK FUEL #1702,"I-96, EXIT 173",Livonia,MI,42.361503,-83.36494,3.799
64496,QUICK FUEL #1703,"I-94, EXIT 199-A",Romulus,MI,42.220304,-83.358288,3.519
64496,QUICK FUEL #1703,"I-94, EXIT 199-A",Romulus,MI,42.220304,-83.358288,3.549
64496,QUICK FUEL #1703,"I-94, EXIT 199-A",Romulus,MI,42.220304,-83.358288,3.569
64498,QUICK FUEL #1705,SR-53,Warren,MI,42.5159,-82.9824,3.849
64498,QUICK FUEL #1705,SR-53,Warren,MI,42.5159,-82.9824,3.749
64498,QUICK FUEL #1705,SR-53,Warren,MI,42.5159,-82.9824,3.789
64499,QUICK FUEL #2401,"I-71, EXIT 234",Bridgeton,MO,38.750627,-90.416101,3.094
64500,QUICK FUEL #2402,"I-435, EXIT 57",Kansas City,MO,39.163189,-94.569882,3.29233333
64501,QUICK FUEL #2602,"I-85, EXIT 40",Charlotte,NC,35.2269,-80.8433,3.39566666
64502,QUICK FUEL #2305,"I-270, EXIT 10",Columbus,OH,40.1444,-82.9789,3.63066666
64503,QUICK FUEL #2304,"I-75, EXIT 210",Toledo,OH,41.642,-83.5438,3.60066666
64508,QUICK FUEL #1150,US-51 & SR-30,Madison,WI,43.073,-89.3817,3.57566666
64509,QUICK FUEL #1002,"I-94, EXIT 319",Milwaukee,WI,43.0343,-87.9151,3.74066666
64511,QUICK FUEL #1010,SR-100,Milwaukee,WI,43.0343,-87.9151,3.779
64512,QUICK FUEL #1001,"I-94, EXIT 301",New Berlin,WI,42.97397,-88.155274,3.499
64514,PILOT TRAVEL CENTERS #435,"I-10, EXIT 0",Anthony                                 ,TX,31.990718,-106.597625,3.459
64517,KWIK TRIP #696,"I-94, EXIT 19 & US-63",Baldwin,WI,44.9657,-92.365498,3.574
64519,BLUE RIDGE TRAVEL PLAZA,"I-81 SOUTHBOUND, EXIT 155",Mountain Top,PA,41.134975,-75.937642,3.649
64520,LOVES TRAVEL STOP #222,"I-70/US-35, EXIT 149B & US/35/SR-38",Richmond,IN,39.83244,-84.893606,3.949
64521,CHOCTAW TRAVEL PLAZA #635,US-259/SR-3,Broken Bow,OK,34.026991,-94.762296,2.999
64523,SKY CITY TRAVEL CENTER,"I-40, EXIT 102 NORTH",Pueblo Of Acoma,NM,34.900833,-107.586389,3.28066666
64525,PILOT TRAVEL CENTERS #3,"I-80, EXIT 223",Youngstown,OH,41.0986,-80.6474,3.45233333
64526,PILOT TRAVEL CENTERS #53,"I-40, EXIT 143",Hurricane Mills,TN,35.974859,-87.767129,3.17566666
64527,PILOT TRAVEL CENTERS #50,"I-71, EXIT 28",Pendleton,KY,38.480918,-85.317019,3.759
64528,Raceway #7007,SR-74 & SR-180,Shelby                                  ,NC,35.347075,-81.581573,3.249
64529,PILOT TRAVEL CENTERS #436,"I-40, EXIT 75",Amarillo,TX,35.203238,-101.842052,3.26566666
64530,PILOT TRAVEL CENTERS #420,"I-20, EXIT 114",Madison,GA,33.594681,-83.461781,3.859
64530,PILOT TRAVEL CENTER #420,"I-20, EXIT 114",Madison,GA,33.594681,-83.461781,3.859
64532,PILOT #4560,"I-75, EXIT 201",Jackson,GA,33.282006,-83.978391,3.37566666
64532,PILOT TRAVEL CENTER #4560,"I-75, EXIT 201",Jackson,GA,33.282006,-83.978391,3.39566666
64533,SHELL,US-287/US-81 & CR-718,Haslet,TX,32.955734,-97.337185,2.89066666
64534,CIRCLE K #4707045,"I-95, EXIT 32",Biddeford,ME,43.483647,-70.471928,3.95733333
64535,FLYING J TRAVEL PLAZA #628,"I-85, EXIT 160",Carnesville,GA,34.394723,-83.279209,3.20566666
64536,FLYING J TRAVEL PLAZA #640,"I-84, EXIT 173",Jerome,ID,42.71784,-114.501244,3.90233333
64537,FLYING J TRAVEL PLAZA #739,"I-35, EXIT 330B",Waco,TX,31.552452,-97.139608,3.22066666
64538,PILOT TRAVEL CENTER #445,"I-94, EXIT 22 & US-20",Chesterton,IN,41.603949,-87.050196,3.829
64538,PILOT TRAVEL CENTERS #445,"I-94, EXIT 22 & US-20",Chesterton,IN,41.603949,-87.050196,3.799
64545,HOBO PANTRY #24,US-231 & SR-10,Brundidge                               ,AL,31.701324,-85.817668,3.599
64546,GRUB MART #13,"I-59, EXIT 205 & US-411/SR-25/SR-68",Centre,AL,34.111592,-85.609229,3.349
64554,FACKLER TEXACO TRUCK STOP,US-72 & CR-42,Fackler,AL,34.82589,-85.984648,3.199
64558,MR FUEL #1203,"I-20, EXIT 129",Meridian,MS,32.357441,-88.655973,2.81233333
64569,LOVES TRAVEL STOP #624,"I-65, EXIT 8B",Mobile,AL,30.6959,-88.0434,3.20566666
64571,PETRO STOPPING CENTER #331,"I-15, EXIT 54",Las Vegas,NV,36.172082,-115.122366,3.734
64572,CIRCLE K #2723730,US-43/SR-13/SR-69,Northport,AL,33.2605,-87.5872,3.399
64578,MARATHON,US-431/SR-1,Phenix City,AL,32.484,-85.0911,3.249
64581,SNEAD SHELL,US-278 & SR-75,Altoona                                 ,AL,34.042916,-86.350879,3.109
64592,LOVES TRAVEL STOP #368,"I-65, EXIT 208 & CR-28",Clanton,AL,32.835532,-86.642472,3.33733333
64595,PILOT TRAVEL CENTERS #425,"I-10, EXIT 192",Midway,FL,30.495278,-84.454444,3.799
64595,PILOT TRAVEL CENTER #425,"I-10, EXIT 192",Midway,FL,30.495278,-84.454444,3.799
64599,PONY EXPRESS TRAVEL PLAZA #6,"US-167/US-67, EXIT16 & SR-5",Cabot,AR,34.945724,-92.031771,3.499
64600,Caseys #4552,"I-40, EXIT 57",Clarksville,AR,35.490763,-93.491056,3.244
64610,KINGS RIVER COUNTRY STORE,US-412,Huntsville,AR,36.104348,-93.727893,3.26566666
64617,SHELL,"I-55, EXIT 48",Osceola,AR,35.701864,-89.979764,2.999
64647,HOOKS,I-16 EXIT 16,East Dublin,GA,32.5475,-82.868333,3.399
64648,QUICK FUEL #2203,"I-20, EXIT 14",Atlanta,GA,33.749788,-84.31685,3.319
64651,QUICK FUEL #2101,I-465,Indianapolis,IN,39.938417,-86.13894,3.869
64654,Fast Stop,"I-10, EXIT 177",Saint Gabriel                           ,LA,30.279873,-91.09162,3.699
64655,ONE9 #7937,"I-85/I-40, EXIT 132",Mc Leansville,NC,36.116291,-79.668388,3.399
64656,QUICK FUEL #2601,SR-27,Charlotte,NC,35.2269,-80.8433,3.51233333
64660,QUICK FUEL #1005,SR-59 & SR-164,Waukesha,WI,42.999304,-88.219559,3.623
64662,QUICK FUEL #1011,"I-94, EXIT 100",Milwaukee,WI,43.0343,-87.9151,3.52066666
64664,CIRCLE K #4701424,"I-74, EXIT 102",Morton,IL,40.614771,-89.460445,3.699
64664,CIRCLE K #4701424,"I-74, EXIT 102",Morton,IL,40.614771,-89.460445,3.659
64664,CIRCLE K #4701424,"I-74, EXIT 102",Morton,IL,40.614771,-89.460445,3.599
64671,FLYING J TRAVEL PLAZA #756,"I-94, EXIT 116 & CR-A",Black River Falls,WI,44.292101,-90.847952,3.38233333
64672,FLYING J TRAVEL PLAZA #655,"I-70, EXIT 123 & SR-3",Spiceland,IN,39.827078,-85.445043,3.959
64673,WESTVILLE TRUCKSTOP,US-6/US-421,Westville                               ,IN,41.536516,-86.901317,3.58566666
64674,ZANCO SHELL,"I-395, EXIT 87",Plainfield                              ,CT,41.67753,-71.921968,4.399
64675,Petro Mart #45,"I-70/US-40, EXIT 148 & US-54",Kingdom City,MO,38.95508,-91.952008,2.939
64676,PILOT TRAVEL CENTERS #460,"I-40, EXIT 140",Oklahoma City,OK,35.3337,-97.4922,3.309
64677,MOUNT VERNON FUEL CENTER,"I-75, EXIT 59 & US-25",Mount Vernon,KY,37.336609,-84.354882,2.999
64678,AINSWORTH FOUR CORNERS,US-218/SR-27 & SR-92,Ainsworth,IA,41.320226,-91.547173,3.109
64679,PILOT TRAVEL CENTER #118,I-30 EXIT 121,Benton,AR,34.580087,-92.595241,3.259
64679,PILOT TRAVEL CENTERS #118,I-30 EXIT 121,Benton,AR,34.580087,-92.595241,3.199
64681,PILOT TRAVEL CENTER #458,"I-10, EXIT 208",Eloy,AZ,32.750929,-111.583275,3.439
64681,PILOT TRAVEL CENTERS #458,"I-10, EXIT 208",Eloy,AZ,32.750929,-111.583275,3.479
64682,FLYING J TRAVEL PLAZA #705,"I-40, EXIT 20 & US-283",Sayre,OK,35.304722,-99.642928,3.18233333
64683,QUIKTRIP #777,"I-20, EXIT 49",Atlanta,GA,33.749788,-84.31685,2.97233333
64684,MR FUEL #721,"I-465, EXIT 4 & SR 37",Indianapolis,IN,39.938417,-86.13894,3.319
64687,PILOT TRAVEL CENTERS #421,"I-75, EXIT 326",Dalton,GA,34.7697,-84.9702,3.30566666
64687,PILOT TRAVEL CENTER #421,"I-75, EXIT 326",Dalton,GA,34.7697,-84.9702,3.28566666
64706,CIRCLE K #2721571,"I-65, EXIT 69",Brewton,AL,31.118926,-87.067325,3.399
64712,SUNSTOP #650,US-431 & SR-210,Dothan,AL,31.202888,-85.418036,3.41233333
64713,GOOD TO GO,"I-65, EXIT 200",Enterprise                              ,AL,31.340789,-85.842111,3.599
64715,CIRCLE K #2709067,US-31/SR-6,Prattville,AL,32.478695,-86.42997,3.499
64718,CUZZS,US-43/SR-13,Thomasville,AL,31.906728,-87.759842,3.53233333
64719,CIRCLE K #2706697,"I-85, EXIT 77",Valley,AL,32.811349,-85.174911,3.399
64721,FLASH MARKET #17049,"I-40/US-63, EXIT 216 & US-49/SR-17",Brinkley,AR,34.878124,-91.188596,3.179
64723,CASHS #4470,US-65,Dumas,AR,33.892102,-91.486056,3.209
64724,TOBOS TRAVEL CENTER,"I-540, EXIT 58",Fayetteville                            ,AR,36.052045,-94.153395,3.349
64755,PILOT TRAVEL CENTERS #44,"I-70, EXIT 101",Boonville,MO,38.95364,-92.744973,3.519
64764,CORNER MARKET #62,SR-13/SR-789 & SR-64,Meeker,CO,40.038726,-107.892498,3.729
64765,CENEX,"I-76, EXIT 125",Sterling,CO,40.63062,-103.221183,3.41566666
64773,Sun Gas,US-301,Middletown,DE,39.481535,-75.683183,2.999
64775,SHORE STOP #287,US-13,New Castle,DE,39.67703,-75.589938,3.289
64775,SHORE STOP #287,US-13,New Castle,DE,39.67703,-75.589938,3.309
64777,4 POINTS MARKET,US-441/SR-7 & SR-804,Boynton Beach,FL,26.525,-80.0666,3.229
64778,SUNSTOP #347,US-27,Branford,FL,29.939472,-82.899288,3.699
64779,SPEEDWAY #6530,US-50,Brooksville,FL,28.565805,-82.373674,3.38233333
64789,KROME EXXON,SR-997 & SR-994,Miami,FL,25.779,-80.1982,3.399
64793,CIRCLE K #2721297,US-301,Middleburg,FL,30.068611,-81.860556,3.399
64795,QUICK FUEL #5101,"I-4, EXIT 79",Orlando,FL,28.498821,-80.58248,3.36233333
64798,RIVIERA TRUCKSTOP,SR-710,West Palm Beach,FL,26.713956,-80.065874,3.779
64803,MARATHON,"I-4, EXIT 3",Tampa,FL,28.0879,-82.4593,3.42233333
64804,SPEEDLANE,US-301 &SR-574,Tampa,FL,28.0879,-82.4593,3.449
64811,SUNSTOP #819,US-19,Americus,GA,32.0881,-84.2362,3.699
64815,BUENA VISTA GAS N GO,SR-26 & SR-41,Buena Vista,GA,32.354198,-84.527347,3.299
64819,CIRCLE K #4174,"I-285/SR-407, EXIT 53 & US-23/SR-42",Conley,GA,33.644722,-84.325833,3.999
64820,Mr Pips,US-84/SR-38,Donalsonville,GA,31.040278,-84.879167,3.199
64825,EXIT 10 AUTO AND TRUCK STOP,"I-185/SR-411, EXIT 19 & SR-315",Fortson                                 ,GA,32.628841,-85.001654,3.399
64831,CIRCLE K #2745072,US-341,Lumber City,GA,31.925124,-82.707312,3.529
64833,QWICKSERV,US-319 BUS & SR-133/SR-35/SR-33,Moultrie,GA,31.179244,-83.764089,3.599
64834,SUSIE Q #90,US-319 & SR-33,Moultrie,GA,31.179244,-83.764089,3.799
64840,BP,US-278/SR-6 & SR-101,Rockmart,GA,33.997912,-85.05937,3.599
64842,Circle K #2745128,US-301 & US-25,Statesboro,GA,32.440841,-81.773956,3.199
64843,A TO Z TRUCKSTOP,US-301/US-25/SR-73,Statesboro,GA,32.440841,-81.773956,3.599
64850,SHAKE RAG EXPRESS,US-1 & US-78,Wadley,GA,32.874742,-82.402459,3.41566666
64856,KUM & GO #1056,"I-35, EXIT 56",Bevington,IA,41.371763,-93.812865,3.099
64857,CHARITON FOOD SHOP,US-34,Chariton,IA,41.022638,-93.30419,3.369
64859,QUICK FUEL #2901,"I-35/I-80, EXIT 136",Des Moines,IA,41.6005,-93.6088,3.13733333
64860,BP TRUCK PLAZA,US-61/US-151,Dubuque                                 ,IA,42.514977,-90.681914,3.489
64862,218 FUEL EXPRESS,US-218 & US-18,Floyd,IA,43.143049,-92.723988,3.489
64863,FT MADISON FAST BREAK,US-61,Fort Madison,IA,40.633008,-91.339829,3.399
64868,MEDIAPOLIS FAST BREAK,US-61,Mediapolis,IA,41.005932,-91.132142,3.349
64871,STEWART ROAD FAST BREAK,CR-X61,Muscatine                               ,IA,41.430378,-91.050928,3.299
64873,CUBBYS #2301,"I-29, EXIT 112",Onawa,IA,42.036967,-96.107213,3.149
64874,OSCEOLA TRAVEL PLAZA,"I-25, EXIT 33 & US-34",Osceola,IA,41.029503,-93.771236,3.31233333
64875,CASEYS #2598,"SR-163, EXIT 42",Pella,IA,41.408175,-92.917207,3.199
64876,PILOT #238,"I-29, EXIT 10",Percival,IA,40.740148,-95.809307,3.799
64876,PILOT TRAVEL CENTER #238,"I-29, EXIT 10",Percival,IA,40.740148,-95.809307,3.799
64877,CASEYS #3900,"US-218, EXIT 80 & SR-22",Riverside,IA,41.475792,-91.57414,3.17066666
64880,CASEYS #2487,US-71/SR-9,Spirit Lake,IA,43.426211,-95.112336,3.38233333
64881,SPARKYS ONE STOP #16,US-71 & SR-3,Storm Lake                              ,IA,42.64738,-95.196079,3.23233333
64883,KUM & GO #1046,"I-80, EXIT 46 & CR-M47",Walnut,IA,41.462329,-95.217973,3.109
64884,SAPP BROS TRAVEL CENTER,US-61 & SR-78,Sioux City,IA,42.497223,-96.40292,3.649
64886,WEVER JUNCTION,US-61 & CR-X50,Wever,IA,40.706652,-91.226767,3.399
64887,COUNCIL FOOD AND FUEL,US-95,Council,ID,44.762754,-116.451833,3.589
64888,NOMNOM #21,US-95 & SR-13,Grangeville,ID,45.927239,-116.107639,3.90733333
64892,JACKSONS FOOD STORE #3,US-95,Wilder,ID,43.657851,-116.912199,3.579
64894,CIRCLE K #4701251,"I-55, EXIT 160B & SR-9",Bloomington,IL,40.478295,-88.989318,3.399
64894,CIRCLE K #4701251,"I-55, EXIT 160B & SR-9",Bloomington,IL,40.478295,-88.989318,3.599
64894,CIRCLE K #4701251,"I-55, EXIT 160B & SR-9",Bloomington,IL,40.478295,-88.989318,3.499
64902,DOWNS TRAVEL MART,"I-74, EXIT 142",Downs,IL,40.380858,-88.870814,3.499
64907,FREEDOM OIL #77,"I-74, EXIT 112 & SR-117",Goodfield                               ,IL,40.629722,-89.274722,3.659
64913,Circle K #4701331,US-136 & US-67,Macomb,IL,40.461674,-90.678674,3.499
64914,Martinsville Food and Fuel,"I-70, EXIT 136",Martinsville,IL,39.317443,-87.870737,3.489
64920,KWIK STAR #1530,"I-88/SR-110, EXIT 76 & SR-251",Rochelle,IL,41.928156,-89.071035,3.499
64928,SPEEDWAY #1432,"I-294, EXIT 22",Willow Springs,IL,41.736416,-87.878588,3.859
64929,KARTAR TRUCK STOP,"I-74, EXIT 32 & SR-17",Woodhull,IL,41.184887,-90.283282,3.599
64930,THORNDALE SHELL,"I-290, EXIT 5",Wood Dale,IL,41.960171,-87.980971,3.459
64933,MCCLURE OIL #66,US-33/US-27,Decatur,IN,40.827333,-84.931432,3.699
64938,FAMILY EXPRESS #41 (DISCOUNT AVAILABLE),US-52,Lafayette,IN,40.417743,-86.888358,3.43233333
64939,FAMILY EXPRESS #27 (DISCOUNT AVAILABLE),US-421,Medaryville,IN,41.089734,-86.880844,3.649
64946,MORNING STAR AUTO TRUCK PLAZA,"I-69, EXIT 334 & US-6",Waterloo                                ,IN,41.440216,-85.022103,3.699
64949,PETES #36,US- 54 & US-169,Iola,KS,37.928244,-95.402146,3.20566666
64950,CASEYS #2957,US-73 & US-36,Hiawatha,KS,39.871563,-95.528905,3.15066666
64952,AMPRIDE,US-160,Johnson                                 ,KS,37.569424,-101.719354,3.399
64961,SAC AND FOX TRUCK STOP,US-75,Powhattan,KS,39.71769,-95.675111,2.984
64963,FLINT HILLS ONE STOP,US-50,Strong City,KS,38.41292,-96.517192,2.919
64964,U PUMP IT,US-83 & US-56,Sublette                                ,KS,37.522148,-100.820775,3.679
64969,ALLSTAR FOOD MART,SR-55,Campbellsville                          ,KY,37.346618,-85.350755,3.159
64980,DOUBLE KWIK MARKET #1044,SR-15/SR-7/SR-160,Isom                                    ,KY,37.196027,-82.913348,3.749
64982,FAS MART #5260,SR-9 & US-68/US-62/SR-10,Maysville,KY,38.619716,-83.758858,3.364
64984,DOUBLE KWIK MARKET #1062,"I-75, EXIT 104",Nicholasville,KY,37.880556,-84.573056,3.499
64990,LAKE COUNTRY OUTDOORS,SR-127,Russell Springs,KY,37.056683,-85.042873,3.199
64994,E Z STOP,SR-555 & SR-9002,Willisburg,KY,37.837333,-85.136187,3.379
64996,AVONDALE TRUCK STOP,SR-90,Westwego                                ,LA,29.914386,-90.181305,3.449
64998,CM BAYOU VISTA,US-90,Morgan City,LA,29.723937,-91.116497,3.399
64999,I 220 TRAVEL PLAZA,"I-270, EXIT 17A & US-80/US-79",Bossier City,LA,32.544924,-93.703826,2.99233333
65000,SILVERS TRAVEL CENTER,"I-10, EXIT 109",Breaux Bridge                           ,LA,30.274955,-91.905899,3.369
65002,FOOD N FUN #11,US-90 & SR-92-1,Broussard,LA,30.12189,-91.950171,3.30233333
65005,USA TRAVEL CENTER,"I-20, EXIT 103/US-80",Calhoun                                 ,LA,32.524791,-92.329929,3.21566666
65006,GOLDMINE TRUCKSTOP,US-190,Eunice                                  ,LA,30.51158,-92.398474,3.199
65007,GOLDEN GROVE TRUCK PLAZA,SR-641 & SR-3125,Gramercy,LA,30.052711,-90.690182,3.419
65008,BIG WHEELS TRAVEL CENTER,"US-90, EXIT 204 & SR-316",Gray,LA,29.69034,-90.78071,3.499
65011,PLANTATION TRUCK PLAZA,SR-311 & SR-664,Houma,LA,29.59433,-90.754808,3.11566666
65017,Y NOT STOP MANSURA,SR-1,Mansura,LA,31.061466,-92.054333,3.399
65019,Hwy 31 Truck Stop,SR 31,Saint Martinville                       ,LA,30.208282,-91.825961,3.329
65021,OPELOUSAS 190 TRUCK STOP,US-190,Opelousas,LA,30.51442,-92.089668,2.87066666
65022,CM RACELAND,SR-1,Raceland,LA,29.717835,-90.599908,3.299
65023,SHOP RITE #85,"I-10, EXIT 87 AT MILE 87",Rayne,LA,30.204508,-92.248592,3.149
65025,ELSIE AUTO AND TRUCK PLAZA,SR-1,Shreveport                              ,LA,32.503743,-93.748696,2.949
65026,TA ST Rose #06480,US-61,Saint Rose,LA,29.958074,-90.312432,3.22566666
65027,STARKS TRUCK STOP,SR-12,Starks,LA,30.308477,-93.661485,3.599
65030,CASH MAGIC THIBODAUX,SR-1,Thibodaux,LA,29.799213,-90.809605,3.399
65033,PILOT TRAVEL CENTERS #457,"I-75, EXIT 135",Beaverdam,OH,40.833333,-83.976667,3.33066666
65036,WAVERLY TRUCKSTOP,"I-20, EXIT 157 & SR-577",Delhi,LA,32.450433,-91.512487,2.964
65037,CIRCLE K #2707783,"I-20, EXIT 114 & SR-617",West Monroe,LA,32.531726,-92.175971,2.95733333
65048,Irving,SR-2,Westminster,MA,42.545833,-71.911111,3.749
65059,ROYAL FARMS #111,"I-95, EXIT 57",Baltimore,MD,39.17185,-76.648287,3.209
65062,AC & T BIG POOL,"I-70, EXIT 12 & SR-56",Big Pool,MD,39.645685,-78.010449,3.659
65064,A C AND T SHARPSBURG PIKE,"I-70, EXIT 29A & SR-65",Hagerstown,MD,39.632022,-77.737215,3.799
65066,HURLOCK CITGO,SR-392 & SR-331,Hurlock                                 ,MD,38.642826,-75.866254,3.259
65067,SUNOCO,US-301,Newburg,MD,38.329782,-76.917499,3.379
65069,CIRCLE K #4707056,"I-95, EXIT 75",Auburn,ME,44.094785,-70.238978,3.899
65074,CIRCLE K #4707004,"I-95, EXIT 244 & SR-157",Medway,ME,45.60704,-68.522709,3.50233333
65075,CIRCLE K #4707017,"I-95, EXIT 48",Portland,ME,43.660564,-70.258864,3.74233333
65083,SUNOCO,"I-75, EXIT 34B",Riverview                               ,MI,42.173299,-83.213094,3.639
65084,BEACON & BRIDGE #19,US-131 & SR-115,Cadillac,MI,44.250447,-85.430046,3.259
65084,BEACON & BRIDGE #19,US-131 & SR-115,Cadillac,MI,44.250447,-85.430046,3.239
65084,BEACON & BRIDGE #19,US-131 & SR-115,Cadillac,MI,44.250447,-85.430046,3.279
65086,FRED MOORE BP,"I-94, EXIT 257",Casco                                   ,MI,42.768056,-82.670278,4.099
65088,Circle K #2746528,US-41/SR-28 & SR-95,Champion,MI,46.468497,-87.830587,3.819
65091,WYOMING FUEL PLAZA,"I-94, EXIT 210A",Dearborn,MI,42.305295,-83.160488,3.599
65092,BP,"I-94 & US-12, EXIT 210",Dearborn,MI,42.305295,-83.160488,3.579
65092,BP,"I-94 & US-12, EXIT 210",Dearborn,MI,42.305295,-83.160488,3.759
65092,BP,"I-94 & US-12, EXIT 210",Dearborn,MI,42.305295,-83.160488,4.099
65092,BP,"I-94 & US-12, EXIT 210",Dearborn,MI,42.305295,-83.160488,3.199
65094,MARATHON,"I-75 & SR-32, EXIT 282",Gaylord                                 ,MI,45.0275,-84.674722,3.829
65094,MARATHON,"I-75 & SR-32, EXIT 282",Gaylord                                 ,MI,45.0275,-84.674722,3.799
65108,PICKLEMANS ONE STOP-ZEPHYR,ST 28,Newberry,MI,46.343763,-85.514951,3.699
65113,NORTHWIND TRAVEL CENTER,"US-131, EXIT 153 & US-10",Reed City,MI,43.886808,-85.513028,3.599
65113,NORTHWIND TRAVEL CENTER,"US-131, EXIT 153 & US-10",Reed City,MI,43.886808,-85.513028,3.499
65121,BP TRAVEL CENTER AND TRUCK PLAZA,"I-275, EXIT 20",Belleville,MI,42.194858,-83.485425,4.199
65127,PITSTOP MOBIL MART,"I-196, EXIT 72",Wyoming,MI,42.900867,-85.705775,3.799
65127,PITSTOP MOBIL MART,"I-196, EXIT 72",Wyoming,MI,42.900867,-85.705775,3.549
65129,HOLIDAY STATIONSTORE #2746345,"I-94, EXIT 103/US-52 & SR-29",Alexandria,MN,45.881747,-95.381994,3.499
65132,PETES PLACE SOUTH,US-71 & US-2,Bemidji,MN,47.488071,-94.848809,3.41566666
65135,CIRCLE K #3819,SR-7,Clara City,MN,44.963912,-95.349902,3.33233333
65136,HOLIDAY STATIONSTORE #2746422,"I-35, EXIT 253B",Duluth,MN,47.094431,-91.846731,3.499
65141,KWIK TRIP #619,US-14 & ST-57,Kasson,MN,44.024029,-92.74642,3.549
65142,HOLIDAY STATIONSTORE #2746376,"I-35W, EXIT 36 & CR-23",Circle Pines,MN,45.152841,-93.143984,3.549
65153,7Fleet #46516,"I-75, EXIT 164",Waite Park,MN,45.54972,-94.224481,3.459
65162,Petro Mart #15,I-270 EXIT 33,Saint Louis                             ,MO,38.642574,-90.324189,2.904
65165,AMERIMART # 11,US-61,Jackson,MO,37.387885,-89.651939,3.299
65171,SIGNAL FOOD STORE #110,US-60 & SR-5,Mansfield,MO,37.1273,-92.593553,3.02566666
65177,KUM & GO #0497,US-60/SR-413 & CR-M,Republic,MO,37.123017,-93.480041,3.079
65178,WILD BILLS TRAVEL CENTER,US-65 & SR-14,Ridgedale                               ,MO,36.524662,-93.277808,3.199
65180,TREX MART #11,"I-29, EXIT 65 & US-59",Savannah,MO,39.916774,-94.826733,2.999
65188,GAS MART,"US-78, EXIT 14 & SR-309",Byhalia,MS,34.885351,-89.676332,2.97233333
65192,CIRCLE K #2723396,US-49,Collins,MS,31.670712,-89.543809,3.879
65194,CIRCLE K #2723401,US-98 BYP/SR-44 & SR-13,Columbia,MS,31.255877,-89.799785,3.33233333
65197,SINGH PETRO,US-11,Ellisville                              ,MS,31.579663,-89.223073,3.059
65198,CIRCLE K #2723437,US-49,Florence,MS,32.153002,-90.121672,2.89566666
65204,SHELL GAS MART,US-82,Mathiston,MS,33.541493,-89.127479,3.36566666
65212,Taters #2,US-98 & SR-29,New Augusta,MS,31.130907,-89.028611,3.31566666
65213,CIRCLE K #2723390,US-98,New Augusta,MS,31.130907,-89.028611,3.199
65214,NEWTON CROSSING,"I-20, EXIT 109 & SR-15",Newton,MS,32.324448,-89.183951,3.249
65216,STUCKEYS EXPRESS,US-43S,Pelahatchie                             ,MS,32.317994,-89.79135,3.199
65221,CEFCO #544,"I-55/US-51, EXIT 81",Terry,MS,32.114683,-90.324143,2.899
65223,SHELL EXPRESS MART,SR-7 & SR-315,Water Valley,MS,34.152466,-89.637986,3.06566666
65225,CIRCLE K #2723402,US-49,Wiggins,MS,30.86095,-89.132369,3.509
65234,COUNTRY MART,US-13/SR-11,Bethel,NC,35.790885,-77.374765,3.00733333
65241,CIRCLE K #2723474,US-70,Goldsboro,NC,35.382585,-78.015813,3.54066666
65246,DOBBS PLACE,"I-95, EXIT 17",Lumberton                               ,NC,34.629301,-79.008309,3.159
65250,CIRCLE K #2723473,US-70,Morehead City,NC,34.72532,-76.753069,3.649
65251,SPEEDWAY #8277,US-17 & SR-43,New Bern,NC,35.101941,-77.031945,3.26566666
65252,SPEEDWAY #6964,SR-125 & SR-11/SR-42,Oak City,NC,35.959736,-77.300362,3.19733333
65267,CIRCLE K #2720939,"I-795/US-264, EXIT 43A & US-301",Wilson,NC,35.727022,-77.922733,3.049
65268,SPEEDWAY #6931,"I-40, EXIT 195 & SR-109",Winston Salem,NC,36.10237,-80.222798,3.609
65270,INTERSTATE CENEX,"I-94, EXIT 1 & SR-16",Beach,ND,46.932381,-103.98429,3.499
65273,SIMONSON TRAVEL CENTER,"I-29, EXIT 141 & US-2",Grand Forks,ND,47.901041,-97.04463,3.539
65274,CENEX C STORE,US-2 & SR-3,Rugby                                   ,ND,48.317264,-99.998954,3.399
65282,HEBRON SINCLAIR,US-81,Hebron,NE,40.172807,-97.605228,3.284
65283,CUBBYS #2107,US-20/SR-15,Laurel,NE,42.427036,-97.087381,3.139
65284,Caseys #4526,"I-80, EXIT 237",Lexington,NE,40.785002,-99.751515,3.05733333
65287,AM ENERGY,"I-80, EXIT 248",Overton                                 ,NE,40.751875,-99.527824,2.899
65289,SHOEMAKERS SOUTH,US-77,Roca,NE,40.670195,-96.639085,3.349
65290,ESSENTIAL FUEL #3,ST 71,Scottsbluff,NE,41.871975,-103.661914,3.599
65292,CUBBYS #117,SR-2 & SR-50,Syracuse                                ,NE,40.661386,-96.182407,3.319
65293,TRAILS WEST SINCLAIR,US-34 & SR-25,Trenton,NE,40.168096,-101.020073,3.499
65294,PRIME STOP,ST 35                         ,Wayne                                   ,NE,42.230439,-97.018579,3.244
65296,CIRCLE K #4707214,"I-93, EXIT 12S & I-89 & SR-3A",Bow,NH,43.138788,-71.544814,4.199
65299,EPPING FUELING CENTER,SR-27 & SR-125,Epping,NH,43.041052,-71.076367,4.029
65308,SUNOCO,SR-17,East Rutherford                         ,NJ,40.838527,-74.104069,3.19233333
65310,Edison Fuel Stop,US-1,Edison,NJ,40.517079,-74.397286,3.159
65314,Union 76,"I-55, EXIT 50A",Richwood,NJ,39.7225,-75.165833,3.399
65315,SUNOCO- RICHARD STOCKTON PLAZA #7009,NJ TURNPIKE MILE POST 58.7 ,Trenton,NJ,40.2169,-74.7433,3.899
65319,PHILLIPS 66,US-30,Clementon,NJ,39.80703,-75.003997,3.199
65320,PILOT #891,"I-80, EXIT 27B",Ledgewood,NJ,40.878028,-74.655405,4.099
65328,THIND TRAVEL PLAZA,SR-20,North Bergen                            ,NJ,40.793019,-74.017715,3.259
65329,UTE MOUNTAIN TRAVEL CENTER,US-160 & US-491,Towaoc                                  ,CO,37.208408,-108.719993,3.45733333
65332,BETTY ROSS TRUCK STOP /BP,US-130 & SR-73,Pennsauken,NJ,39.962742,-75.063446,3.329
65334,SUNOCO,US 22 WEST,Phillipsburg                            ,NJ,40.692819,-75.1741,3.329
65335,CONOCO,US-22,Phillipsburg,NJ,40.692819,-75.1741,3.359
65338,SWIFT FUEL STOP,"I-78, EXIT 13",Newark                                  ,NJ,40.7308,-74.1744,3.879
65339,US GAS & DIESEL,US-46,Ridgefield,NJ,40.832568,-74.001531,3.229
65343,ENRITE,"I-287, EXIT 4",South Plainfield,NJ,40.583884,-74.414695,3.999
65345,SOUTH BRUNSWICK VALERO,US-130,North Brunswick                         ,NJ,40.453767,-74.482285,3.16566666
65350,Phillips 66,"I-295, EXIT 1",Vineland                                ,NJ,39.48177,-75.009087,3.359
65351,RIGGINS TRUCK PLAZA,"I-55, EXIT 26",Vineland,NJ,39.48177,-75.009087,3.269
65353,SUNOCO- GROVER CLEVELAND TRAVEL PLAZA #7014,"NORTH NJ TNPK, EXIT 11",Woodbridge,NJ,40.555973,-74.284542,3.899
65359,ROAD RUNNER TRAVEL CENTER,"I-25, EXIT 156",Lemitar,NM,34.155999,-106.904381,3.299
65360,Roswell #60,US-285,Roswell                                 ,NM,33.388504,-104.525857,3.36566666
65361,BLACK MESA TRAVEL CENTER,"I-25, EXIT 252",Algodones,NM,35.428527,-106.616589,3.269
65365,CHEVRON #381125,US-95,Hawthorne,NV,38.534658,-118.641143,4.079
65373,CHAMPLAIN PETERBILT FUEL MART,"I-87, EXIT 43",Champlain,NY,44.977292,-73.446603,3.799
65377,PETROL 9 W,US-9W,Glenmont,NY,42.597147,-73.795884,3.699
65379,MIRABITO #74,"SR-79 N/I-88E, EXIT 6",Harpursville                            ,NY,42.18232,-75.654538,4.659
65381,NATIVE PRIDE,"I-90, EXIT 58 & US-20",Irving,NY,42.573866,-79.059634,2.999
65381,NATIVE PRIDE,"I-90, EXIT 58 & US-20",Irving,NY,42.573866,-79.059634,2.899
65383,M AND M ALLEGANY JUNCTION,"I-86/SR-17, EXIT 23 & US-219/US-219 BUS",Limestone,NY,42.063945,-78.631979,3.129
65386,MIRABITO #73,"I-88, EXIT 12",Otego,NY,42.41333,-75.207883,3.999
65387,MAPLEFIELDS,SR-22 & SR-442,Peru,NY,44.585109,-73.529322,3.799
65392,CIRCLE K #4707622,"I-90, EXIT 41",Seneca Falls,NY,42.909377,-76.792538,3.999
65395,BELLSTORES #132,US-30 & SR-60,Ashland,OH,40.855892,-82.318931,3.499
65400,NORTHSIDE FUEL STOP,US-30 & SR-19,Bucyrus,OH,40.810306,-82.969829,3.50733333
65406,MOBIL,"I-90/SR-2, EXIT 182B",Cleveland,OH,41.4918,-81.6757,3.76566666
65411,CLARKS PUMP N SHOP #10,SR- 32,Jackson,OH,39.042821,-82.647209,3.699
65415,SPEEDWAY #9314,US-20 & SR-21,Massillon,OH,40.811605,-81.497263,3.48233333
65423,BARNEYS CONVENIENCE MART #15,"I-75, EXIT 195 & I-90, EXIT 64 & SR-795",Rossford,OH,41.604908,-83.563793,3.599
65426,CIRCLE K #4705357,US-23 & SR-316,Ashville,OH,39.731576,-82.944567,3.089
65431,QUICK MART AND MORE,US-22 & SR-43,Steubenville,OH,40.370638,-80.66115,3.639
65441,HUTCH'S #103,SR-6 & SR-66,Elk City,OK,35.410359,-99.421086,2.969
65444,TXB #24 dba Kwik Chek Food Stores,US-70,Hugo,OK,34.011339,-95.513876,2.969
65445,QWIK CHEQUE,US-70 & SR-37,Idabel,OK,33.88512,-94.802012,3.199
65451,Petes #15,US-169 & SR-88,Oologah                                 ,OK,36.443723,-95.72901,3.159
65457,THACKERSVILLE TRAVEL PLAZA,"I-35, EXIT 1",Thackerville                            ,OK,33.788167,-97.136349,2.93233333
65490,PILOT TRAVEL CENTER #422,"I-85, EXIT 41 & US-29",Newnan,GA,33.389404,-84.816952,3.699
65490,PILOT TRAVEL CENTERS #422,"I-85, EXIT 41 & US-29",Newnan,GA,33.389404,-84.816952,3.699
65494,FLYING J TRAVEL PLAZA #633,"I-20, EXIT 138",Union Point,GA,33.634544,-83.087913,3.859
65513,GETGO #3602,"I-76, EXIT 146 & I-99, EXIT 1 & US-220",Bedford                                 ,PA,39.990838,-78.526071,4.09233333
65514,ONVO TRAVEL PLAZA,"I-78, EXIT 13 & SR- 501",Bethel,PA,40.480834,-76.274209,3.34733333
65518,KWIK FILL #239,ST 51,Crescent                                ,PA,40.5575,-80.230278,3.799
65521,RUTTERS #17,US-15 & SR-234,East Berlin,PA,39.964546,-77.007252,4.294
65522,TURKEY HILL #950324,US-322 & SR-23/SR-897,East Earl,PA,40.139475,-76.027634,3.78566666
65523,SAC SHOP #512,US-30,Everett                                 ,PA,40.009808,-78.371315,4.099
65524,SAC SHOP #514,I-76/I-70 & US-30,Everett                                 ,PA,40.009808,-78.371315,4.099
65525,SHELL,"I-95, EXIT 46A & US-1",Fairless Hills,PA,40.174822,-74.851923,3.899
65527,SUNOCO SERVICE STATION,"I-81, EXIT 5",Greencastle,PA,39.781827,-77.746956,3.899
65530,7-ELEVEN #40284,"I-76, EXIT 19/247",Hershey,PA,40.263767,-76.654518,3.96733333
65532,PILOT TRAVEL CENTERS #1,"I-80,  EXIT 173",Mill Hall,PA,41.086688,-77.483609,4.01566666
65533,LIBERTY EXXON,US-15 & SR-414,Liberty,PA,41.565571,-77.119505,3.699
65537,SHEETZ #048,US-22,Nanty Glo,PA,40.470435,-78.837504,3.51733333
65538,WELMART,"SR-28, EXIT 16",Natrona Heights                         ,PA,40.628862,-79.725621,4.19233333
65549,T&C MINI MART,SR-33 & SR-191,Stockertown,PA,40.753889,-75.2625,3.699
65552,A PLUS MINI MARKET,US-1 & SR-132,Feasterville Trevose                    ,PA,40.151188,-74.983758,3.899
65556,RUTTERS #60,US-30 & SR-116,York,PA,39.963539,-76.726887,4.249
65572,CIRCLE K #2705377,"I-20, EXIT 22 & US-1",Aiken,SC,33.553024,-81.719429,3.129
65573,SPEEDWAY/7fleet #4587,US-501,Aynor,SC,33.982271,-79.17773,3.124
65578,CIRCLE K #2723355,US-52,North Charleston,SC,33.0562,-80.0759,3.399
65587,HOT SPOT #2022,US-25/US-76,Honea Path,SC,34.441723,-82.425471,2.909
65588,SPEEDWAY #2836,US-17,Johns Island,SC,32.709697,-80.094294,3.069
65593,CIRCLE K #2723441,"I-82, EXIT 73 & SR-773",Prosperity,SC,34.183243,-81.532353,3.11566666
65594,PILOT #4567,I-77 EXIT 77,Rock Hill,SC,34.915068,-81.012904,3.149
65598,LEES QUICK STOP,US-52 & SR-45,Saint Stephen,SC,33.405953,-79.937635,3.41566666
65603,JET TRUCK PLAZA,"I-29, EXIT 47",Beresford                               ,SD,43.087409,-96.781256,3.159
65604,SHELL,"I-29, EXIT 132",Huron                                   ,SD,44.359022,-98.216293,3.359
65608,ZIP TRIP #81,"I-29, EXIT 62 & US-18",Lennox,SD,43.345066,-96.882061,3.204
65614,281 TRAVEL CENTER,US-281,Wolsey,SD,44.399072,-98.474251,3.089
65622,QUICK STOP #34,US-11/SR-1,Bristol                                 ,TN,36.568643,-82.181864,3.299
65624,Sudden Service #61,SR-149 & SR-46,Cumberland City,TN,36.366924,-87.63494,3.564
65625,Chevron,US-64,Fayetteville,TN,35.152678,-86.566448,3.754
65629,CASEYS GOODSTOP #4036,"I-40, EXIT 355",Kingston,TN,35.852807,-84.497054,3.164
65639,SPEEDWAY #7138,"I-24, EXIT 70 & SR-102",Smyrna,TN,35.965611,-86.504818,3.049
65641,ALLSUPS CONVENIENCE STORE #2331,I-20 & FM 600,Abilene,TX,32.468155,-99.718208,2.87566666
65652,CIRCLE K #2706343,"I-20, EXIT 428",Fort Worth,TX,32.7469,-97.3268,2.969
65659,ALLSUPS CONVENIENCE STORE #2169,US-287,Chillicothe,TX,34.243946,-99.515669,2.89566666
65666,FUEL CITY #2,"I-30, EXIT 45B/I-35E",Dallas,TX,32.996848,-96.792113,2.96566666
65667,ALLSUPS CONVENIENCE STORE #2103,US-287/US-81,Decatur,TX,33.235077,-97.573995,2.899
65671,SUPER STOP #22,SR-87 & SR-12,Orange,TX,30.125167,-93.771883,3.439
65673,PILOT #894,US-57 & US-277,Eagle Pass,TX,28.702786,-100.48176,3.899
65674,VALLEY MART #09,US-277,Eagle Pass,TX,28.702786,-100.48176,3.199
65678,ONE9 #1300,US-287 & SR-34,Ennis,TX,32.332102,-96.622363,2.869
65683,ALLSUPS CONVENIENCE STORE #2225,US-60,Friona,TX,34.640298,-102.719139,2.999
65686,CEFCO #2004,"I-35 , EXIT 499",Vernon,TX,34.149135,-99.30301,2.86066666
65690,CIRCLE G TRUCK STOP,US-183 & SR-97,Gonzales,TX,29.50857,-97.449456,2.799
65691,CIRCLE K #2704037,US-90/SR-97 & US-183,Gonzales,TX,29.50857,-97.449456,2.904
65721,Paradise RV & Truck Park,US-287/US-81,Alvord,TX,33.36982,-97.688488,2.81566666
65724,STRIPES 7FLEET #42427,US-385 & SR-191,Odessa,TX,31.8465,-102.3663,3.289
65728,RIVER MART,US-281/SR-241,Pharr,TX,26.177053,-98.187022,3.349
65738,CIRCLE K #2741499,SR-35 & FM-1069,Rockport,TX,28.020278,-97.054167,2.80566666
65755,CIRCLE K #2723373,US-11 & SR-622,Atkins,VA,36.866532,-81.404791,3.349
65759,XPRESS STOP,US-522 & SR-694,Cross Junction,VA,39.3762,-78.299724,3.33233333
65761,NEW DIXIE MART #15,US-58 & SR-671,Franklin,VA,36.678625,-76.939108,3.099
65762,7-ELEVEN #34516,"I-66, EXIT 6",Front Royal,VA,38.926783,-78.179617,3.52566666
65764,LEESBURG CITGO,US-15,Leesburg,VA,39.0867,-77.5775,3.499
65765,FOSTERS CONVENIENCE STORE,US-29 & SR-685,Rustburg,VA,37.25454,-79.121507,3.599
65767,STATELINE FOOD MART #69,US-23,Pound,VA,37.092734,-82.601555,3.599
65770,JOLLEY #136,"I-89, EXIT 21",Alburgh                                 ,VT,44.968454,-73.280963,3.539
65771,CITGO,"I-91, EXIT 3 & US-5",Brattleboro,VT,42.857353,-72.593322,3.67233333
65789,BEAR CREEK CITGO,US-45 & SR-76/SR-22,Bear Creek,WI,44.5348,-88.740375,3.439
65791,EDGAR TRAVEL CENTER,SR-29 & CR-H,Edgar,WI,44.903831,-89.998029,3.559
65793,KWIK TRIP #921,SR-13 & SR-21,Friendship,WI,43.989629,-89.814875,3.274
65794,BP,"I-43, EXIT 180",Green Bay,WI,44.485313,-88.016868,3.349
65796,ADDISON STATION,"I-41/US-41, EXIT 68 & CR-K",Hartford,WI,43.315749,-88.370727,3.149
65800,BP,US-45,Kewaskum,WI,43.521446,-88.19253,3.219
65804,KWIK TRIP #628,US-45,Larsen,WI,44.198421,-88.696305,3.43233333
65805,HI WAY HOP BP,"I-42/US-41, EXIT 85 & SR-67",Lomira,WI,43.588489,-88.441309,3.099
65806,SHELL,US-41 & SR-67,Lomira,WI,43.588489,-88.441309,3.389
65809,KWIK TRIP #399,SR-21 & SR-80,Necedah,WI,44.034481,-90.059976,3.249
65810,HIGHWAY HARRY'S,I-90/I-94 EXIT 61 & SR-80,New Lisbon,WI,43.88775,-90.152407,3.17233333
65812,PLAINFIELD PLAZA,SR-73 & I-39,Plainfield,WI,44.209079,-89.455896,3.29066666
65813,KWIK TRIP #683,"I-39, EXIT 92 & US-51",Portage,WI,43.550145,-89.47139,3.249
65814,Kracheys BP Truck Stop,US-18 & SR-35,Prairie Du Chien,WI,43.042649,-91.119305,3.574
65817,TREGO TRAVEL CENTER,US-53 & CR-E,Trego,WI,45.951556,-91.858051,3.58233333
65818,KWIK TRIP #1048,"I-90, EXIT 12",West Salem,WI,43.906253,-91.089311,3.31733333
65820,KWIK TRIP #673,"I-90 & SR-19, EXIT 131",Windsor,WI,43.214121,-89.341469,3.254
65822,RSTORE #4499,US-45 & SR-29,Wittenberg,WI,44.823247,-89.166479,3.15566666
65824,CHANEYS SERVICE STATION,US-30 & SR-2,Chester                                 ,WV,40.598109,-80.558439,3.799
65828,PAR MAR FOOD STORE #52,US-50 & CR-50/16,West Union,WV,39.276185,-80.791057,4.099
65831,Hat Six Travel Center,"I-25/US-87, EXIT 182 & SR-253/SR-256",Evansville,WY,42.861384,-106.263886,3.999
65835,SOUTHSIDE TRAVEL CENTER,US-20/SR-789,Thermopolis,WY,43.662152,-108.231297,3.799
65836,PILOT TRAVEL CENTERS #434,"I-35W, EXIT 65",Fort Worth,TX,32.7469,-97.3268,3.264
65837,PILOT TRAVEL CENTERS #455,"I-71, EXIT 140",Marengo                                 ,OH,40.389512,-82.812136,3.719
65842,AM PM TRAVEL CENTER,US-1/SR-4,Blythe,GA,33.294088,-82.203044,3.599
65847,ROAD RANGER #132,"I-57, EXIT 240",Champaign,IL,40.111017,-88.240747,3.509
65847,ROAD RANGER #132,"I-57, EXIT 240",Champaign,IL,40.111017,-88.240747,3.409
65847,ROAD RANGER #132,"I-57, EXIT 240",Champaign,IL,40.111017,-88.240747,3.549
65847,ROAD RANGER #132,"I-57, EXIT 240",Champaign,IL,40.111017,-88.240747,3.449
65848,Mobil,I-475,Flint,MI,43.0233,-83.6856,3.199
65849,PS FOOD MART #1034,"I-94, EXIT 110 & US-27",Marshall,MI,42.272047,-84.95828,3.459
65849,PS FOOD MART #1034,"I-94, EXIT 110 & US-27",Marshall,MI,42.272047,-84.95828,3.499
65849,PS FOOD MART #1034,"I-94, EXIT 110 & US-27",Marshall,MI,42.272047,-84.95828,3.429
65849,PS FOOD MART #1034,"I-94, EXIT 110 & US-27",Marshall,MI,42.272047,-84.95828,3.549
65857,PILOT TRAVEL CENTERS #199,"I-20, EXIT 33",Haughton,LA,32.550732,-93.565742,3.14566666
65858,SPEEDWAY #6661,"I-94, EXIT 40  & US-20 & US-35",La Porte,IN,41.599438,-86.707654,3.599
65859,SPEEDWAY #6662,US-20 & SR-15,Bristol,IN,41.716885,-85.826192,3.549
65860,LOVES TRAVEL STOPS #283,"E I-30 & FM 549, EXIT 70",Rockwall,TX,32.931111,-96.459444,3.049
65860,LOVES TRAVEL STOP #283,"E I-30 & FM 549, EXIT 70",Rockwall,TX,32.931111,-96.459444,3.109
65862,PILOT TRAVEL CENTERS #396,"I-81, EXIT 213",Staunton                                ,VA,38.145104,-79.07519,3.659
65863,VALERO,SR-31,Clinton,NJ,40.641194,-74.908846,3.359
65866,FLYING J TRAVEL PLAZA #710,"I-81, EXIT 219",New Milford,PA,41.866409,-75.717113,4.17566666
65868,7-ELEVEN #36073,"I-77, EXIT 54 & US-21",Statesville,NC,35.8381,-80.8842,2.879
65873,PILOT TRAVEL CENTER #4619,"I-81 & I-77, EXIT 77",Wytheville,VA,36.940669,-81.094082,3.55066666
65880,MR FUEL DBA ONE9 #1245,"I-55, EXIT 52 & SR-16",Litchfield,IL,39.179345,-89.649915,3.199
65880,ONE9 MR FUEL #1245,"I-55, EXIT 52 & SR-16",Litchfield,IL,39.179345,-89.649915,3.239
65880,ONE9 MR FUEL #1245,"I-55, EXIT 52 & SR-16",Litchfield,IL,39.179345,-89.649915,3.299
65880,ONE9 MR FUEL #1245,"I-55, EXIT 52 & SR-16",Litchfield,IL,39.179345,-89.649915,3.199
65880,MR FUEL DBA ONE9 #1245,"I-55, EXIT 52 & SR-16",Litchfield,IL,39.179345,-89.649915,3.299
65883,FLYING J TRAVEL PLAZA #647,"I-64, EXIT 25 & US-41",Haubstadt,IN,38.189536,-87.579827,3.959
65885,LOVES TRAVEL STOP #299,"US-75, EXIT 48 & SR-455",Anna,TX,33.344516,-96.563862,3.19733333
65909,7-Eleven/7FLEET #40496,"I-81, EXIT 47 & SR-12",Watertown,NY,43.974258,-75.912212,4.149
65912,ATOKA FUEL,US-75/US-69/SR-3,Atoka,OK,34.34451,-96.141827,3.179
65914,CASEYS #2732,US-30 & US-284/SR-2,Grand Island,NE,40.921858,-98.341062,3.149
65915,Marathon,"I-94/US-52, EXIT 346 & CR-17",West Fargo,ND,46.869523,-96.895002,3.029
65917,CUMBERLAND CORNER MART,SR-90 & US-127,Albany,KY,36.68569,-85.140677,3.574
65919,QUICK FUEL #5001,US-78/SR-4,Memphis,TN,35.0337,-89.9343,3.02566666
65935,MAIN ST JUNCTION,SR-14 & SR-15,Louisville                              ,MS,33.105824,-89.028653,3.099
65962,CIRCLE K #2705937,US-301/SR-35 & SR-50,Dade City,FL,28.4297,-82.2082,3.33233333
65969,PILOT  #1105,SR-29 & SR-182,Bunkie,LA,30.949284,-92.182582,3.21233333
65974,BEACON & BRIDGE #13,"US-127, EXIT 117",Ithaca                                  ,MI,43.282808,-84.60883,3.649
65978,KWIK TRIP #623,US-61,Minnesota City,MN,44.083222,-91.741808,3.399
65983,SPEEDWAY #6967,"US-17, EXIT 227 & SR-32",Edenton,NC,36.090777,-76.622384,3.287
65989,DANCING EAGLE,"I-40, EXIT 108",Casa Blanca                             ,NM,35.035222,-107.433907,3.359
66014,BIG D TRAVEL CENTER,SR-12 & SR-183,Irving,TX,32.842,-96.9719,2.95566666
66015,LOVES TRAVEL STOP #298,"I-35, EXIT 39 & SR-44",Encinal,TX,28.051329,-99.340902,3.589
66016,FLYING J TRAVEL PLAZA #660,"I-64, EXIT 185 & SR-180",Catlettsburg,KY,38.379946,-82.632065,3.76566666
66017,FLYING J TRAVEL PLAZA #626,"I-95/SR-9, EXIT 305 & SR-206",Saint Augustine,FL,29.8364,-81.2745,3.449
66020,LOVES TRAVEL STOP #221,I-70 EXIT 160,Zanesville,OH,39.944265,-82.008898,3.48233333
66021,LOVES TRAVEL STOP #238,"I-65, EXIT 116 & SR-480",Shepherdsville,KY,38.004515,-85.688767,3.599
66022,PILOT TRAVEL CENTERS #459,"I-10, EXIT 133",Avondale,AZ,33.432114,-112.343754,3.599
66022,PILOT TRAVEL CENTER #459,"I-10, EXIT 133",Avondale,AZ,33.432114,-112.343754,3.587
66023,SAPP BROS TRAVEL CENTER,"I-29, EXIT 10 & SR-2",Percival,IA,40.740148,-95.809307,3.789
66024,LOVES TRAVEL STOPS #239,"I-81/US-11, EXIT 84 & SR-619",Max Meadows,VA,36.91708,-80.921391,3.589
66024,LOVES TRAVEL STOP #239,"I-81/US-11, EXIT 84 & SR-619",Max Meadows,VA,36.91708,-80.921391,3.545
66025,SPACE AGE TRAVEL CENTER,"I-84, EXIT 183 & SR-207",Hermiston,OR,45.844992,-119.284876,3.33233333
66026,FLYING J TRAVEL PLAZA #643,"I-70 & I-57, EXIT 160",Effingham,IL,39.121727,-88.561105,3.349
66026,FLYING J TRAVEL PLAZA #643,"I-70 & I-57, EXIT 160",Effingham,IL,39.121727,-88.561105,3.299
66026,FLYING J TRAVEL PLAZA #643,"I-70 & I-57, EXIT 160",Effingham,IL,39.121727,-88.561105,3.499
66029,Roady's Lucky Deuces,"I-10, EXIT 92 & SR-95",Duson,LA,30.191216,-92.152455,3.03566666
66030,Colfax Travel Center,"I-80, EXIT 159 & SR-117",Colfax,IA,41.678785,-93.258816,3.149
66031,WILCO FAST BREAK,US-61/US-24,Palmyra,MO,39.791309,-91.536817,3.119
66034,FAS MART #5134,"I-72, EXIT 144 S",Decatur,IL,39.827137,-88.925984,3.459
66034,FAS MART #5134,"I-72, EXIT 144 S",Decatur,IL,39.827137,-88.925984,3.499
66035,ROAD RANGER #136,"I-90, EXIT 147",Cottage Grove,WI,43.078405,-89.201692,3.544
66036,FLYING J TRAVEL PLAZA #602,"I-65, EXIT 264",Birmingham,AL,33.519,-86.8014,3.559
66037,TA PRESCOTT TRAVEL CENTER,"I-30, EXIT 44",Prescott,AR,33.804029,-93.372544,3.50233333
66038,FLYING J TRAVEL PLAZA #1043,"I-15, EXIT 113",Idaho Falls,ID,43.517679,-111.990626,3.799
66038,FLYING J #1043,"I-15, EXIT 113",Idaho Falls,ID,43.517679,-111.990626,3.699
66039,LOVES TRAVEL STOP #237,"I-20, EXIT 171 & US-65",Tallulah,LA,32.402127,-91.190066,3.259
66040,LOVES TRAVEL STOP #272,"I-40 & DW (RANCH RD), EXIT 59",Kingman,AZ,35.258379,-114.05689,3.85566666
66041,PILOT TRAVEL CENTERS #195,"I-84, EXIT 104 & US-97",Wasco,OR,45.597447,-120.730356,3.86566666
66042,FLYING J TRAVEL PLAZA #707,"I-80, EXIT 78",Brookville,PA,41.159986,-79.064101,4.034
66043,LOVES TRAVEL STOP #216,US-67 & US-287,Midlothian,TX,32.475743,-96.993551,3.231
66043,LOVES TRAVEL STOPS #216,US-67 & US-287,Midlothian,TX,32.475743,-96.993551,3.199
66044,TA TAMPA TRAVEL CENTER,"I-4, EXIT 10",Seffner,FL,27.983333,-82.275833,3.39566666
66045,FLYING J TRAVEL PLAZA #698,"I-71, EXIT 69",Jeffersonville,OH,39.65896,-83.56873,3.399
66046,PETRO STOPPING CENTER #345,I-69 EXIT357,Fremont,IN,41.733125,-84.945247,3.899
66050,PILOT TRAVEL CENTERS #130,"I-77, EXIT 145",Richfield,OH,41.23712,-81.646668,3.799
66051,Caseys #4419,I-165 EXIT 5,Bowling Green,KY,37.007874,-86.455891,3.02566666
66054,LOVES TRAVEL STOP #220,"I-25/US-87, EXIT 7 & SR-212",Cheyenne,WY,41.143719,-104.796234,3.709
66055,WINDMILL BP,"US-20, EXIT 208 & SR-14",Holland                                 ,IA,42.40114,-92.799884,3.599
66056,PILOT TRAVEL CENTERS #114,"I-40, EXIT 320",Crossville,TN,35.944041,-85.017171,3.24566666
66057,ROAD RANGER #205,"I-90, EXIT 1",South Beloit,IL,42.483672,-89.029791,3.469
66059,TIME OUT TRAVEL CENTER,"I-40, EXIT 432-B",Newport,TN,35.954431,-83.202749,2.96566666
66061,FLYING J TRAVEL PLAZA #709,"I-80, EXIT 173",Mill Hall,PA,41.086688,-77.483609,4.01566666
66062,FLYING J TRAVEL PLAZA #716,"I-29, EXIT 83",Sioux Falls                             ,SD,43.488,-96.7343,3.899
66065,LOVES TRAVEL STOP #321,"SR 770 & I-75 , EXIT 29",Corbin,KY,36.934429,-84.10208,3.599
66068,HOLIDAY STATIONSTORE #2746262,I-175 EXIT 394,Sault Sainte Marie,MI,46.473932,-84.346746,3.799
66069,128 NEWTON GAS,"I-95, EXIT 20A/SR-128 & SR-9",Newton Lower Falls                      ,MA,42.329167,-71.254167,4.299
66070,TAURO,"SR-78, EXIT 3",Phillipsburg,NJ,40.692819,-75.1741,3.34233333
66072,GENES GO TRUCK STOP,"I-10/US-83, EXIT 456 & US-377",Junction                                ,TX,30.47544,-99.74731,3.289
66073,EXXON,"I-24 & HUSBAND ROAD, EXIT 11",Paducah                                 ,KY,37.063377,-88.663204,3.15733333
66074,HEARTLAND XPRESS,US-67 & SR-M,Poplar Bluff,MO,36.766235,-90.416647,3.199
66075,CORNER MART #349,"I-26, EXIT 54 & SR-72",Clinton                                 ,SC,34.470692,-81.87717,3.099
66078,Amoco,I-40 EXIT 447,Hartford,TN,35.825597,-83.099642,3.099
66083,KANGAROO CROSSING,SR-35,Kosciusko,MS,33.0446,-89.572351,3.199
66090,ROAD RANGER #267,US-281,Pharr,TX,26.177053,-98.187022,3.564
66091,KEYSVILLE SAV U TIME,US-360,Keysville                               ,VA,37.041086,-78.469912,3.399
66093,KWIK TRIP #414,"I-90, EXIT 209A & US-63/SR-30",Stewartville,MN,43.867345,-92.454654,3.55733333
66099,NEW JERSEY TRUCK STOP DIESEL ONLY,"I-95, EXIT 15E & US-9/US-1",Kearny,NJ,40.76466,-74.147108,3.759
66100,CIRCLE K #2723692,"I-26, EXIT 213",North Charleston,SC,33.0562,-80.0759,3.399
66103,TERRIBLE HERBST #243,I-95 & SR-164,Searchlight,NV,35.447601,-114.924182,3.83233333
66106,FLYING J TRAVEL PLAZA #509,"I-15, EXIT 112",Beaver,UT,38.28071,-112.629916,3.689
66109,QUARTERS TRAVEL PLAZA,"I-49, EXIT 23 & US-167 /SR-744",Opelousas                               ,LA,30.51442,-92.089668,3.184
66110,LOVES TRAVEL STOP #479,"I-29, EXIT143",Sioux City,IA,42.497223,-96.40292,3.64233333
66111,CROSSROADS EXPRESS,US-36 & US-83,Oberlin                                 ,KS,39.827507,-100.531389,3.089
66113,7-ELEVEN #39467,"I-95, EXIT 16E",Jersey City,NJ,40.7164,-74.038,3.259
66114,LOVES TRAVEL STOP #235,"I-29 & US-169, EXIT 44",Saint Joseph,MO,39.768755,-94.838488,3.33233333
66115,FLYING J TRAVEL PLAZA #697,"I-80, EXIT 234B",Hubbard,OH,41.162401,-80.576192,3.459
66116,ONVO TRAVEL PLAZA - HARFORD,"I-81, EXIT 217 & SR-547",Harford,PA,41.779891,-75.678632,3.589
66117,ONVO TRAVEL PLAZA PINE GROVE,"I-81, EXIT 32",Pine Grove,PA,40.567093,-76.326913,3.539
66119,FLYING J TRAVEL PLAZA #645,"I-270 & SR-11, EXIT 6",Granite City,IL,38.721572,-90.115822,3.699
66119,FLYING J TRAVEL PLAZA #645,"I-270 & SR-11, EXIT 6",Granite City,IL,38.721572,-90.115822,3.659
66119,FLYING J TRAVEL PLAZA #645,"I-270 & SR-11, EXIT 6",Granite City,IL,38.721572,-90.115822,3.559
66119,FLYING J TRAVEL PLAZA #645,"I-270 & SR-11, EXIT 6",Granite City,IL,38.721572,-90.115822,3.579
66119,FLYING J TRAVEL PLAZA #645,"I-270 & SR-11, EXIT 6",Granite City,IL,38.721572,-90.115822,3.599
66120,LOVES TRAVEL STOP #306,"I-40/SR-66, EXIT 412",Dandridge,TN,36.001798,-83.404435,3.689
66121,ROAD RANGER #226,"I-65, EXIT 99",Greenwood,IN,39.622398,-86.148993,3.60066666
66122,ROAD RANGER #139,"I-57, EXIT 212",Tuscola,IL,39.799509,-88.281585,3.229
66123,ROAD RANGER #225,"I-80, EXIT 56",Princeton,IL,41.362934,-89.427017,3.289
66123,ROAD RANGER #225,"I-80, EXIT 56",Princeton,IL,41.362934,-89.427017,3.389
66123,ROAD RANGER #225,"I-80, EXIT 56",Princeton,IL,41.362934,-89.427017,3.449
66125,LOVES TRAVEL STOP #249,"I-55, EXIT 109",Williamsville,IL,39.930438,-89.534172,3.489
66125,LOVES TRAVEL STOP #249,"I-55, EXIT 109",Williamsville,IL,39.930438,-89.534172,3.389
66125,LOVES TRAVEL STOP #249,"I-55, EXIT 109",Williamsville,IL,39.930438,-89.534172,3.399
66126,LOVES TRAVEL STOP #209,"I-20, EXIT 3 & US-80 & SR-169",Greenwood,LA,32.424025,-93.969252,3.134
66131,SPEEDWAY #3446,"I-95, EXIT 10 & SR-440",Edison,NJ,40.517079,-74.397286,3.58566666
66133,LOVES TRAVEL STOPS #228,"I-4, EXIT 44",Polk City,FL,28.19867,-81.808282,3.389
66133,LOVES TRAVEL STOP #228,"I-4, EXIT 44",Polk City,FL,28.19867,-81.808282,3.461
66134,CIRCLE K #2721591,"I-10, EXIT 10 & US-29/SR-95",Pensacola,FL,30.422282,-87.224763,3.22233333
66135,CIRCLE K #2721592,"I-10, EXIT 5 & US-90 ALT",Pensacola,FL,30.422282,-87.224763,3.22233333
66136,CHOCTAW TRAVEL PLAZA #638,US-270 & US-59 & US-112,Poteau,OK,35.060561,-94.609603,3.299
66137,CIRCLE K #2721594,"I-10, EXIT 263",Slidell,LA,30.278411,-89.771192,3.17066666
66138,LOVES TRAVEL STOP #307,"I-75, EXIT 201",Jackson,GA,33.282006,-83.978391,3.38566666
66139,LOVES TRAVEL STOPS #305,"I-81, EXIT 291 & SR-651",Toms Brook,VA,38.97016,-78.403757,3.649
66139,LOVES TRAVEL STOP #305,"I-81, EXIT 291 & SR-651",Toms Brook,VA,38.97016,-78.403757,3.649
66141,QUICK FUEL #5102,"SR-826, EXIT NW 58TH ST",Miami,FL,25.779,-80.1982,3.389
66142,QUICK FUEL #5106,SR-589 & SR-580,Tampa,FL,28.0879,-82.4593,3.49233333
66149,QUICK FUEL #5105,"I-75, EXIT W BRANDON BLVD",Tampa,FL,28.0879,-82.4593,3.50066666
66152,Flying J Travel Plaza #656,"I-65, EXIT 95 & CR-500",Whiteland,IN,39.555313,-86.093476,3.959
66155,7-ELEVEN #36575,"I-35, EXIT 248",Pflugerville,TX,30.442133,-97.629895,2.899
66156,7-ELEVEN #36567,SR-6 & SR-21,Bryan,TX,30.632698,-96.36616,3.144
66172,Timewise Food Store #163,"I-35, EXIT 8",Laredo                                  ,TX,27.515538,-99.498579,2.93566666
66173,TIMEWISE FOOD STORE #160,"I-10, EXIT 661",Flatonia                                ,TX,29.709493,-97.098685,3.199
66174,TIMEWISE FOOD STORE #162,"I-10, EXIT 456",Junction                                ,TX,30.47544,-99.74731,3.099
66176,PILOT #6996,"I-40, EXIT 364",Warsaw,NC,34.99818,-78.086739,3.47233333
66177,PILOT #6978,"I-74/I-73/US-220, EXIT 44 & SR-211",Candor,NC,35.22335,-79.787623,3.999
66178,LOVES TRAVEL STOP #284,I-69C/US-281 & FM-2812,Edinburg,TX,26.304221,-98.156922,3.11066666
66179,LOVES TRAVEL STOP #246,I-80 EXIT 46,Fernley,NV,39.601888,-119.235044,3.91566666
66182,CIRCLE K #2706708,"I-185, EXIT 10",Midland,GA,32.561587,-84.855851,3.339
66183,CHEVRON CURB STORE,SR-35 & SR-21,Forest                                  ,MS,32.346999,-89.467201,3.569
66184,HENRIETTA TRUCK STOP,"I-390, EXIT 12 & I-90, EXIT 46",Henrietta,NY,43.048264,-77.612224,3.899
66185,TIGERMART OF BUFFALO,"I-45, EXIT 178 & US-79",Buffalo,TX,31.457151,-96.058516,3.599
66186,STRIPES #40813,US-281 & SR-285,Falfurrias,TX,27.22416,-98.140844,3.08733333
66195,MOBIL,"I-495, EXIT 26 & SR-62",Berlin,MA,42.384438,-71.635634,3.699
66196,EXXON TIGER MART,"I-35, EXIT 386",Italy,TX,32.178508,-96.88229,3.12233333
66198,CIRCLE K #2703117,"I-20, EXIT 11",Graniteville,SC,33.563016,-81.814686,3.159
66221,ROAD RANGER #236,"I-43, EXIT 38",East Troy,WI,42.803531,-88.409215,3.08233333
66223,7-ELEVEN #36548,SR-83,Laredo,TX,27.515538,-99.498579,2.999
66224,ROAD RANGER #235,"I-90, EXIT 36",Hampshire,IL,42.080748,-88.517033,3.369
66225,ROAD RANGER #140,"I-39, EXIT 72",Mendota,IL,41.544308,-89.10828,3.439
66225,ROAD RANGER #140,"I-39, EXIT 72",Mendota,IL,41.544308,-89.10828,3.299
66225,ROAD RANGER #140,"I-39, EXIT 72",Mendota,IL,41.544308,-89.10828,3.269
66225,ROAD RANGER #140,"I-39, EXIT 72",Mendota,IL,41.544308,-89.10828,3.339
66227,Pilot Travel Centers #482,"I-57, EXIT 95",Mount Vernon,IL,38.317014,-88.910525,3.399
66227,Pilot Travel Center #482,"I-57, EXIT 95",Mount Vernon,IL,38.317014,-88.910525,3.599
66227,Pilot Travel Center #482,"I-57, EXIT 95",Mount Vernon,IL,38.317014,-88.910525,3.459
66227,Pilot Travel Center #482,"I-57, EXIT 95",Mount Vernon,IL,38.317014,-88.910525,3.359
66229,LOVES TRAVEL STOP #308,"I-40, EXIT 86 & SR-226",Marion,NC,35.681916,-82.017993,3.739
66230,PETRO COLBY TRUCKSTOP,"I-70, EXIT 53 & SR-25",Colby                                   ,KS,39.383038,-101.044169,3.599
66235,LOVES TRAVEL STOP #291,"I-75, EXIT 95 & SR-627",Richmond,KY,37.754605,-84.295526,3.599
66236,LOVES TRAVEL STOP #309,"I-80, EXIT 332 & SR-14",Aurora,NE,40.852838,-98.020107,3.289
66237,ROUTE 66 TRAVEL CENTER,"I-40, EXIT 140",Albuquerque,NM,35.0936,-106.6423,3.359
66238,BETTY BEAVERS TRUCKSTOP,"I- 90, EXIT 29",Canajoharie,NY,42.88239,-74.583522,3.599
66239,Hola,US-27/SR-80/SR-25,South Bay                               ,FL,26.670126,-80.731214,3.419
66241,PUMP & PANTRY #29,US-30,Central City,NE,41.121259,-98.001693,3.33733333
66242,PUMP & PANTRY #23,"US-34, EXIT 4TH AVE",Holdrege,NE,40.447527,-99.367233,3.449
66243,CIRCLE K #4707000,SR-9,Baileyville,ME,45.133234,-67.417519,3.899
66244,STRIPES #40809,"I-37, EXIT 56",George West,TX,28.320388,-98.116159,3.044
66247,GULF OIL #5045,I-90 EXIT 83,Charlton                                ,MA,42.137902,-71.966384,3.909
66248,CIRCLE K #4707046,"I-95, EXIT 6",Scarborough,ME,43.578056,-70.322222,3.909
66249,CIRCLE K #4707206,SR-125,Epping,NH,43.041052,-71.076367,3.76733333
66250,SPEEDWAY #6973,US-1,Wake Forest,NC,35.981544,-78.539213,2.949
66252,CIRCLE K #4707023,US-1A,Holden,ME,44.742209,-68.648307,3.73233333
66255,CIRCLE K #4707217,US-2 & SR-16,Gorham,NH,44.399601,-71.179983,3.75066666
66257,LOVES TRAVEL STOP #310,"I-80/US-30, EXIT 173",Wamsutter,WY,41.658278,-108.151674,3.723
66257,LOVES TRAVEL STOPS #310,"I-80/US-30, EXIT 173",Wamsutter,WY,41.658278,-108.151674,3.759
66258,CIRCLE K #4707208,"I-93, EXIT 23",New Hampton,NH,43.618393,-71.643513,3.659
66259,CEFCO #48,"I-35, EXIT 304",Temple,TX,31.089518,-97.334264,2.96566666
66261,CIRCLE K #2723123,"I-95, EXIT 71",Dunn,NC,35.316511,-78.615079,3.14233333
66263,One9 SPEEDWAY #6753,"I-78, EXIT 1",Fleetwood,PA,40.446766,-75.8144,3.83233333
66266,7-ELEVEN #40508,"I-80, EXIT 90",Elkhart,IN,41.710083,-85.972949,3.999
66267,TA DEMOTTE TRAVEL CENTER,"I-65, EXIT 230",Demotte,IN,41.171319,-87.249129,3.44733333
66272,MOOSETRACKS #752,"I-85, EXIT 113",High Point,NC,35.959313,-80.011673,3.114
66273,PETRO STOPPING CENTER,"I-59, EXIT 181 & US-77",Gadsden                                 ,AL,33.997248,-86.010279,3.999
66274,FLYING J TRAVEL PLAZA #692,"I-80, EXIT 352 & US-93",Wells,NV,41.129798,-114.532752,3.709
66278,PILOT TRAVEL CENTERS #394,"I-84, EXIT 6",Newburgh,NY,41.517833,-74.03598,4.359
66284,JOLLEY #150,"I-89, EXIT 19",Saint Albans,VT,44.811138,-73.089025,3.539
66285,QUIKTRIP #787,"I-675, EXIT 5",Ellenwood,GA,33.61,-84.288056,3.109
66286,CASEYS #4205,"I-40/75, EXIT 374",Knoxville,TN,35.9609,-83.9189,3.099
66290,ABBYLAND TRUCK STOP,"SR-29, EXIT 127",Curtiss,WI,44.960186,-90.459223,3.46233333
66292,LOVES TRAVEL STOP #311,"I-20, EXIT 9",Waco,GA,33.683986,-85.219674,3.39066666
66293,One9 #254,"I-24, EXIT 169",Wildwood,GA,34.977911,-85.430456,3.099
66294,FLYING J TRAVEL PLAZA #667,"I-69, EXIT 81SB / I-96, EXIT 9",Grand Ledge,MI,42.752924,-84.737314,3.959
66295,LOVES TRAVEL STOP #432,"I-94/I-41,  EXIT 322 & SR-100",Oak Creek,WI,42.88916,-87.902661,3.867
66295,LOVES TRAVEL STOPS #432,"I-94/I-41,  EXIT 322 & SR-100",Oak Creek,WI,42.88916,-87.902661,3.879
66299,XTRA MART #10093,SR-146,Millbury,MA,42.196779,-71.764438,3.649
66300,PILOT TRAVEL CENTERS #149,"I-40, EXIT 42 & SR-222",Stanton                                 ,TN,35.448171,-89.33263,3.509
66301,KWIK TRIP #743,US-10 & SR-114,Menasha,WI,44.211164,-88.417536,3.50733333
66303,KWIK TRIP #787,US-51 & CR-JJ,Schofield,WI,44.906407,-89.581789,3.41566666
66307,CM ST HELENA,SR-16,Amite,LA,30.718208,-90.570493,3.399
66310,FLYING J #620,"I-70, EXIT 49",Smithton                                ,PA,40.144267,-79.731277,4.109
66313,LOVES TRAVEL STOP #313,"I-55, EXIT 58  & SR-80",Matthews,MO,36.807528,-89.576833,3.27733333
66314,PS FOOD MART #1042,"US-23, EXIT 17",Dundee,MI,41.951435,-83.652165,3.429
66314,PS FOOD MART #1042,"US-23, EXIT 17",Dundee,MI,41.951435,-83.652165,3.499
66314,PS FOOD MART #1042,"US-23, EXIT 17",Dundee,MI,41.951435,-83.652165,3.459
66314,PS FOOD MART #1042,"US-23, EXIT 17",Dundee,MI,41.951435,-83.652165,3.599
66315,SPEEDWAY #6748,"I-94, EXIT 34 & US-421",Michigan City,IN,41.698031,-86.869899,3.68233333
66316,CASEYS #4204,SR-168,Knoxville                               ,TN,35.9609,-83.9189,3.259
66317,LOVES TRAVEL STOP #314,I-24 EXIT 89,Christiana,TN,35.740877,-86.407932,3.46233333
66318,ROAD RANGER #242,"I-44, EXIT 163",Saint Robert,MO,37.828056,-92.1775,3.264
66319,ROAD RANGER #211,I-90 & RIVERSIDE BLVD,Loves Park,IL,42.32952,-89.033521,3.469
66320,SPEEDWAY #8772,"I-69, EXIT 168 & SR-53",Imlay City,MI,43.042512,-83.070799,3.779
66322,LOVES TRAVEL STOP #318,"I-57, EXIT 83 & CR-42",Ina,IL,38.152743,-88.889362,3.489
66322,LOVES TRAVEL STOP #318,"I-57, EXIT 83 & CR-42",Ina,IL,38.152743,-88.889362,3.589
66322,LOVES TRAVEL STOP #318,"I-57, EXIT 83 & CR-42",Ina,IL,38.152743,-88.889362,3.389
66323,PILOT TRAVEL CENTERS #905- TOWN PUMP,"I-90, EXIT 109",Milltown                                ,MT,46.871389,-113.880833,3.609
66328,LOVES TRAVEL STOP #320,"I-16/SR-404, EXIT 49 & SR-257",Dublin,GA,32.547794,-82.90368,3.33233333
66329,CIRCLE K #2723438,"I-85, EXIT 96",Gaffney,SC,35.061508,-81.649061,3.199
66332,PWI #172,"I-45, EXIT 258",Palmer,TX,32.438714,-96.679429,2.77566666
66334,Hucks Travel Center #052,"I-24/I-69, EXIT 40 & US-641/US-62/SR-93",Kuttawa                                 ,KY,37.061871,-88.149813,3.699
66337,ZIP TRIP #60,"I-25, EXIT 299 & US-16/SR-196",Buffalo,WY,44.34847,-106.70726,3.58066666
66338,SHELL,"I-30, EXIT 160 & US-271/SR-49 & US-67",Mount Pleasant                          ,TX,33.173309,-94.969461,3.899
66339,PILOT DEALER #873,US-27,Miami,FL,25.779,-80.1982,3.699
66339,PILOT TRAVEL CENTERS #873,US-27,Miami,FL,25.779,-80.1982,3.699
66341,7-ELEVEN #218,"I-44, EXIT 4",Harrold,TX,34.097097,-99.035052,2.68733333
66342,ONE9 #398,"I-75, EXIT 109",Vienna,GA,32.091291,-83.792198,3.109
66346,PILOT TRAVEL CENTERS #247,"I-74, EXIT 39 & SR-32",Crawfordsville,IN,40.032524,-86.907424,3.899
66346,PILOT TRAVEL CENTER #247,"I-74, EXIT 39 & SR-32",Crawfordsville,IN,40.032524,-86.907424,3.899
66348,PIT STOP,I-40 EXIT 221,Wheatley                                ,AR,34.920703,-91.108645,2.999
66349,CIRCLE K #2741796,"I-40, EXIT 5",Little Rock,AR,34.748342,-92.281939,3.36566666
66352,KWIK TRIP #871,"US-41, EXIT 124 & SR-76",Oshkosh,WI,44.021962,-88.543635,3.29066666
66353,MOTOMART #3361,"I-55, EXIT 129",Perryville                              ,MO,37.717437,-89.873664,2.989
66355,CIRCLE K #2723439,"I-26, EXIT 5",Campobello,SC,35.108003,-82.140343,3.13233333
66357,LOVES TRAVEL STOP #351,"I-80 & E 8TH RD, EXIT 81",Utica,IL,41.363033,-89.000795,3.289
66357,LOVES TRAVEL STOP #351,"I-80 & E 8TH RD, EXIT 81",Utica,IL,41.363033,-89.000795,3.449
66357,LOVES TRAVEL STOP #351,"I-80 & E 8TH RD, EXIT 81",Utica,IL,41.363033,-89.000795,3.589
66357,LOVES TRAVEL STOP #351,"I-80 & E 8TH RD, EXIT 81",Utica,IL,41.363033,-89.000795,3.389
66361,SHADY NOOK,US-61/US-49,Lyon,MS,34.247369,-90.498147,3.999
66362,TA FLORENCE TRAVEL CENTER,"I-95, EXIT 164 & US-52",Florence,SC,34.18375,-79.772786,3.32566666
66363,LOVES TRAVEL STOP #178,"US-35/KS TPKE, MM 26",Belle Plaine,KS,37.405155,-97.285221,3.329
66364,SHELL,"I-4, EXIT 64",Plant City,FL,28.0168,-82.1289,3.44733333
66365,LIBERTY,US-202,Ringoes,NJ,40.44587,-74.828839,3.399
66368,PETRO STOPPING CENTER #371,"I-90, EXIT 41",Waterloo,NY,42.904515,-76.875498,4.19566666
66369,LOVES TRAVEL STOP #319,"I-74, EXIT 61",Pittsboro,IN,39.861529,-86.464548,3.889
66370,SPEEDWAY #6979,US-301,Wilson,NC,35.727022,-77.922733,3.129
66371,RAPIDES STATION TRUCK STOP,"I-49, EXIT 94",Boyce                                   ,LA,31.321601,-92.686681,3.099
66372,CEFCO #54,"I-35, EXIT 292",Belton,TX,31.072298,-97.472025,2.95233333
66374,BROOKSHIRE BROS #6111,US-259,Nacogdoches,TX,31.618534,-94.651093,3.369
66376,SUBS AND GRUBS,"I-63, EXIT 39",Jonesboro,AR,35.833016,-90.696526,3.389
66377,QUIKTRIP #873,"I-35W, EXIT 42",Fort Worth,TX,32.7469,-97.3268,2.97566666
66382,STATELINE CONOCO,"I-35, EXIT 114",Eagleville,MO,40.491197,-93.995058,3.549
66383,TENAHA EXPRESS MART,US-96 & US-84,Tenaha,TX,31.940812,-94.248773,3.299
66385,TA EXPRESS MINDEN,"I-20, EXIT 52",Minden,LA,32.632281,-93.288587,3.114
66386,SPEEDWAY #4631,US-220,Bassett,VA,36.753425,-80.005506,3.41566666
66388,Gas n Go,"I-75, EXIT 117 AT MILE 117",Pinehurst,GA,32.196692,-83.720853,3.099
66392,MISSILE MART #10,"I-40, EXIT 161",El Dorado,AR,33.20735,-92.662856,3.499
66393,VILLAGE PANTRY #5210,"I-74, EXIT 206",Oakwood,IL,40.116656,-87.7825,3.199
66393,VILLAGE PANTRY #5210,"I-74, EXIT 206",Oakwood,IL,40.116656,-87.7825,3.299
66393,VILLAGE PANTRY #5210,"I-74, EXIT 206",Oakwood,IL,40.116656,-87.7825,3.179
66396,CIRCLE K #2723988,"I-55, EXIT 61 & SR-38",Kentwood,LA,30.889215,-90.472829,3.299
66399,CIRCLE K #2723672,"I-59/I-20, EXIT 128",Birmingham,AL,33.519,-86.8014,3.699
66400,PWI #640,"I-10/US-95, EXIT 5",Ehrenberg,AZ,33.604167,-114.524444,3.359
66404,QUICK FUEL #5302,"I-635, EXIT 14",Garland,TX,32.922744,-96.624804,3.08733333
66405,FLYING J FUEL STOP #668,"I-75, EXIT 151",Saginaw,MI,43.404692,-83.915626,3.289
66405,FLYING J FUEL STOP #668,"I-75, EXIT 151",Saginaw,MI,43.404692,-83.915626,3.399
66405,FLYING J FUEL STOP #668,"I-75, EXIT 151",Saginaw,MI,43.404692,-83.915626,3.599
66405,FLYING J FUEL STOP #668,"I-75, EXIT 151",Saginaw,MI,43.404692,-83.915626,3.489
66406,LOVES TRAVEL STOP #317,"I-95, EXIT 4 & SR-629",Skippers,VA,36.579685,-77.543663,3.801
66406,LOVES TRAVEL STOPS #317,"I-95, EXIT 4 & SR-629",Skippers,VA,36.579685,-77.543663,3.789
66407,CIRCLE K #2723668,SR-35,Fort Payne,AL,34.436792,-85.712394,3.649
66410,SIBLEY FOOD FUEL,US-72/SR-20 & CR-150,Courtland                               ,AL,34.671866,-87.314255,3.399
66416,DUCK THRU FOOD STORE #18,US-13,Winton,NC,36.382616,-76.936007,3.56233333
66420,PILOT TRAVEL CENTER #911,I-90 EXIT 47,Superior,MT,47.172103,-114.888483,3.559
66422,PLAQUEMINE TRUCK STOP,ST 1                          ,Plaquemine                              ,LA,30.268414,-91.252361,3.999
66424,CIRCLE K #2741652,"I-10, EXIT 139",Phoenix,AZ,33.451,-112.0685,3.369
66425,CLARK OIL #31,"I-10, EXIT 44",Biloxi                                  ,MS,30.403478,-88.897143,2.849
66428,SHELL,US-167,Hensley,AR,34.591133,-92.214019,3.589
66437,PILOT #4596,"I-81, EXIT 4",White Pine,TN,36.090299,-83.287921,3.699
66439,JACK FLASH,I-55,Farmersville                            ,IL,39.453048,-89.642718,3.259
66439,JACK FLASH,I-55,Farmersville                            ,IL,39.453048,-89.642718,3.199
66440,BP CONNECT #4701,I-55,Chicago,IL,41.885847,-87.618123,3.569
66447,CIRCLE K #4701207,"U-55, EXIT 220",Dwight,IL,41.088701,-88.415884,3.349
66448,HAMMOND TRAVEL CENTER,"I-55, EXIT 31B & US-190/SR-3260",Hammond,LA,30.51908,-90.487856,3.099
66449,CITGO,"I-55, EXIT 67",Blytheville                             ,AR,35.934482,-89.922497,3.389
66451,EZ MART #304,M-57,Middleton                               ,MI,43.168911,-84.755221,3.699
66454,Fast Stop Shell,I-10,Reserve,LA,30.060255,-90.551773,3.799
66456,TEXACO #383124,SR-70,Saint James,LA,30.027598,-90.860549,2.969
66460,CASH MAGIC BROUSSARD NORTH,"I-49, EXIT 103",Broussard,LA,30.12189,-91.950171,3.399
66461,YESWAY #1167,US-62 & CR-41/CR-168,Ropesville,TX,33.457499,-102.15841,3.04066666
66465,Knapp Truck Stop,"I-64, EXIT 50 & SR-127",Nashville                               ,IL,38.335208,-89.384058,3.299
66470,CIRCLE K #9068,"I-65, EXIT 181",Millbrook,AL,32.499485,-86.364125,3.21566666
66472,DIAMOND #21,"I-65, EXIT 54",Atmore,AL,31.057245,-87.487347,3.259
66474,FAMCO EXPRESS,"I-690, EXIT 8",Syracuse,NY,43.0459,-76.1528,3.299
66475,SPEEDWAY #4346,SR-7,Calexico,CA,32.683227,-115.502815,4.799
66478,LOVES TRAVEL STOP #175,"I-70, EXIT 187",Tecumseh,KS,39.021664,-95.537926,3.289
66480,LOVES TRAVEL STOP #360,"I-65, EXIT 58 & SR-218 & SR-335",Horse Cave,KY,37.184939,-85.878549,3.429
66487,COMPASS,"I-55, EXIT 282",La Grange                               ,IL,41.801345,-87.875252,3.549
66487,COMPASS,"I-55, EXIT 282",La Grange                               ,IL,41.801345,-87.875252,3.749
66488,HUCKS FOOD & FUEL #54,I-74,Farmer City                             ,IL,40.244689,-88.663385,3.339
66488,HUCKS FOOD & FUEL #54,I-74,Farmer City                             ,IL,40.244689,-88.663385,3.269
66495,SUPER SAVER EXPRESS,"I-10, EXIT 21",Sulphur                                 ,LA,30.219001,-93.363911,2.999
66496,EXXON FUEL EXPRESS,"I-10/SR-8, EXIT 31 & SR-87",Milton,FL,30.660413,-87.047278,3.999
66502,SHOP RITE #82,"I-10, EXIT 64",Jennings                                ,LA,30.22011,-92.657405,3.589
66504,COUNTRY BOYS COUNTRY STORE,"I-10, EXIT 813",Hankamer,TX,29.87524,-94.593846,2.86566666
66507,ST IGNACE TRUCKSTOP,I-75,Saint Ignace                            ,MI,45.921527,-84.709409,3.799
66508,SAMS SUNOCO,I-75                          ,Toledo                                  ,OH,41.642,-83.5438,3.399
66509,FOUR STAR FOOD MART,"I-75, EXIT 122",Lima,OH,40.764066,-84.097296,3.144
66512,MARATHON #1554,"I-75, EXIT 21",Newport                                 ,MI,41.976582,-83.280438,3.299
66512,MARATHON #1554,"I-75, EXIT 21",Newport                                 ,MI,41.976582,-83.280438,3.399
66513,SUNRISE STORE,"I-75, EXIT 212",West Branch                             ,MI,44.279032,-84.228623,3.399
66513,SUNRISE STORE,"I-75, EXIT 212",West Branch                             ,MI,44.279032,-84.228623,3.199
66514,BIGFOOT TRAVEL CENTER,"I-75, EXIT 29",Hahira,GA,30.941593,-83.357366,3.099
66516,ADEL TRUCK PLAZA,"I-75, EXIT 39",Adel,GA,31.125143,-83.421346,2.999
66517,ADMIRAL PETROLEUM #5796,"I-75, EXIT 392",Sault Sainte Marie,MI,46.473932,-84.346746,3.799
66518,Racetrac #2622,"I-75, EXIT 60",Valdosta,GA,30.810578,-83.277166,3.03233333
66523,LOVES TRAVEL STOP #325,"I-75, EXIT 59 & SOUTHWELL BLVD",Tifton,GA,31.450278,-83.508611,3.609
66525,BP,"I-76, EXIT 6",Luna Pier                               ,MI,41.815368,-83.436165,3.399
66525,BP,"I-76, EXIT 6",Luna Pier                               ,MI,41.815368,-83.436165,3.499
66527,TA EXPRESS #648,"I-76, EXIT 90A",Brush,CO,40.260255,-103.62788,4.099
66528,GO MART FOOD STORE #99,US-50 & SR-14,Parkersburg,WV,39.264433,-81.535412,3.489
66529,7-ELEVEN #36076,"I-77, EXIT 73 & US-421",Hamptonville,NC,36.124248,-80.813687,2.899
66531,MIDWAY EXXON TRAVEL CENTER,"I-78, EXIT 16",Bethel                                  ,PA,40.480834,-76.274209,3.359
66532,PETRO PLAZA,"I-78, EXIT 17",Hampton,NJ,40.677351,-74.962221,3.26566666
66534,LOVES TRAVEL STOP #347,"I-70, EXIT 101 & SR-5",Boonville,MO,38.95364,-92.744973,3.509
66537,BECKS EXPRESS MART #26,"I-80, EXIT 19",Geneseo,IL,41.46881,-90.171127,3.269
66538,KUM & GO #0023,"I-80, EXIT 23",Neola,IA,41.456383,-95.679358,3.15733333
66539,SOUTH RIDGE FARM MARKET,"I-80, EXIT 6",Clyde                                   ,OH,41.302397,-82.991849,3.399
66547,OLD STONE JIFFY MART,"I-81, EXIT 321",Clear Brook,VA,39.265461,-78.098788,3.599
66548,YESWAY #1156,US-84 & SR-289,Lubbock,TX,33.586527,-101.860634,2.95066666
66550,CIRCLE K #2709663,"I-82, EXIT 730",Umatilla,OR,45.915725,-119.313715,3.639
66552,GEM STOP,I-84,Marsing,ID,43.539866,-116.823968,3.58566666
66553,JACKSONS FOOD STORE #83,"I-84, EXIT 304",Baker City,OR,44.780102,-117.828631,3.599
66556,PILOT TRAVEL CENTER #899- SLIP IN,I-85,South Hill,VA,36.712388,-78.153388,3.959
66560,Sunoco,"I-85, EXIT 11",Townville,SC,34.522638,-82.89633,3.199
66562,TA EXPRESS FAIR PLAY,"I-85, EXIT 4",Fair Play,SC,34.577548,-82.999874,3.209
66564,SPEEDWAY #6954,US-70,High Point,NC,35.959313,-80.011673,3.049
66565,KWIK FILL #395,"I-86, EXIT 12",Jamestown,NY,42.092845,-79.243989,4.499
66565,KWIK FILL #395,"I-86, EXIT 12",Jamestown,NY,42.092845,-79.243989,4.469
66571,LEXINGTON GULF,"I-128, NORTH MASS PIKE",Lexington                               ,MA,42.4558,-71.2193,4.299
66573,Brake Time Corner Market,"I-135, EXIT 14",Wichita,KS,37.6898,-97.3415,3.299
66579,GULF OIL LP #5010,"I-90, EXIT 2",Lee,MA,42.298994,-73.231696,3.914
66582,PWI #807,"I-15, EXIT 163 & SR-99",Fillmore,UT,38.980539,-112.331321,3.374
66584,MOAPA PAIUTE TRAVEL CENTER,"I-15, EXIT 75",Moapa,NV,36.675833,-114.62,3.33233333
66586,CIRCLE K #4707609,US-20 & SR-12,Sangerfield,NY,42.913889,-75.379444,4.099
66588,CUBBYS #402,"I-90, EXIT 330",Mitchell                                ,SD,43.710921,-98.027026,3.149
66594,FRIENDLY GUS STORE #23,I-16/SR-19,Dublin,GA,32.547794,-82.90368,3.399
66595,GULF OIL LP #5040,"I-90, EXIT 9",Charlton,MA,42.137902,-71.966384,3.909
66597,BP,"I-16, EXIT 90 & US-1",Twin City                               ,GA,32.612926,-82.197856,3.78233333
66598,WOODSHED LL,I-166 & I-169,S Coffeyville,OK,36.983684,-95.606509,3.099
66601,LOVES TRAVEL STOP #323,"I-69, EXIT 264 & SR-18",Marion,IN,40.574333,-85.674127,3.57566666
66603,COFFEE CUP FUEL STOP #7,"I-90, EXIT 406 & SR-11",Brandon,SD,43.596413,-96.578201,2.97733333
66604,GALLOPS,"I-90, I-80, EXIT 40",La Porte,IN,41.599438,-86.707654,3.549
66606,BART INDUSTRIES,"I-91, EXIT 6",Bellows Falls                           ,VT,43.148198,-72.466373,3.709
66607,7-ELEVEN #37392,"I-93, EXIT 5",Londonderry,NH,42.865555,-71.37719,3.799
66608,CASEYS #2650,I-94/US-52 EXIT 135 & CR-173,Melrose,MN,45.658183,-94.819768,3.179
66612,STOP N GO #1709,"I-94, EXIT 105",Hixton                                  ,WI,44.397778,-91.039086,3.23733333
66613,LOVES TRAVEL STOP #362,"I-10, EXIT 7 & SR-3063",Vinton,LA,30.201523,-93.572808,3.30566666
66614,MARATHON,"I-94, EXIT 212A",Detroit,MI,42.347429,-83.060398,3.899
66614,MARATHON,"I-94, EXIT 212A",Detroit,MI,42.347429,-83.060398,3.699
66615,KWIK TRIP #396,"I-94, EXIT 295",Waukesha,WI,42.999304,-88.219559,3.399
66618,CIRCLE K #2723378,I-95,Sumter,SC,33.928199,-80.321008,3.159
66620,Shell,"I-95, EXIT 130",Ashland,VA,37.73948,-77.478373,3.264
66622,DUNCAN TRUCK STOP,"I-95, EXIT 15",Jersey City                             ,NJ,40.7164,-74.038,3.409
66624,Sunoco,"I-95, EXIT 25",Croydon                                 ,PA,40.093322,-74.899077,3.659
66625,EXIT 43 QUICK STOP,"I-95, EXIT 43",Richmond,ME,44.104213,-69.821077,3.76566666
66628,Chevron,"I-95, EXIT 5 & US-17",Hardeeville,SC,32.263512,-81.066865,3.00733333
66631,SPEEDWAY #3589,I-96,Lake Odessa,MI,42.786335,-85.135667,3.599
66632,SHELL FOOD MART AND TRUCKSTOP,I-985,Gainesville,GA,34.307269,-83.825596,3.399
66635,C  BARN,US-67,Park Hills,MO,37.85555,-90.52735,3.049
66637,BERKLYS TRAVEL CENTER,US-281,Round Mountain,TX,30.442879,-98.436514,3.31566666
66640,Kent Kwik #928,US-82/SR-6 & SR-5/SR-25,Brent,AL,32.93567,-87.211387,3.099
66643,DEERFIELD TRAVEL CENTER,"I-55, EXIT 8",Steele,MO,36.091528,-89.834585,2.97566666
66645,ALLSUPS #2390,"I-20/US-84, EXIT 270",Merkel,TX,32.444371,-99.992443,2.87566666
66648,CHEVRON,"I-20, EXIT 113",Bessemer,AL,33.409002,-86.947547,3.099
66649,CHOCTAW TRAVEL PLAZA #637,US-59 & CR-E1452,Heavener,OK,34.835267,-94.61849,3.299
66659,MARATHON,SR-37,Mitchell                                ,IN,38.742625,-86.476096,3.599
66664,CASEYS #3294,"I-380/SR-27, EXIT 43 & SR-150",Urbana,IA,42.224167,-91.874167,3.449
66667,CIRCLE K #4701408,"I-36, EXIT 99",Rochelle,IL,41.928156,-89.071035,3.499
66668,ACME TRUCK STOP,"I-4, EXIT 96",Orlando                                 ,FL,28.498821,-80.58248,3.399
66669,CIRCLE K #2726032,I-40,Jacksonville,FL,30.3163,-81.4175,3.429
66670,SPEEDWAY #7930,"I-40, 1126 N MAIN ST",Lillington,NC,35.331954,-78.921223,3.759
66671,CIRCLE K #2723686,US-72,Scottsboro,AL,34.67227,-86.051336,3.26566666
66673,MARATHON,SR-72,Huntsville,AL,34.726866,-86.567318,2.979
66676,HUTCH'S #118,"I-40, EXIT 108",Watonga,OK,35.853762,-98.417487,3.099
66678,NKS ROYAL TRUCKSTOP,"I-40, EXIT 16",Gallup,NM,35.506475,-108.741352,3.119
66680,BIG TOP TRAVEL CENTER,"I-20, EXIT 157",Delhi                                   ,LA,32.450433,-91.512487,2.969
66683,SUPERSTOP Shell,"I-40, EXIT 192",Stuttgart                               ,AR,34.485358,-91.548742,3.41566666
66689,ROSCOE TRAVEL PLAZA,"I-20, EXIT 235",Roscoe,TX,32.427558,-100.539088,2.759
66693,Allsup Marketplace #2400,"I-40, EXIT 356",San Jon,NM,35.119848,-103.284599,3.059
66705,7-ELEVEN,"I-44, EXIT 1/US-287",Wichita Falls,TX,33.905284,-98.497645,2.76066666
66709,CIRCLE K #2709343,"I-24, EXIT 169",Wildwood,GA,34.977911,-85.430456,3.14566666
66715,7-Eleven #34210,"I-25/US-87, EXIT 240 & SR-119",Longmont,CO,40.177921,-105.10095,3.189
66717,Fast Stop Travel Centers #1131,"I-25/US-87, EXIT 80",Wheatland,WY,42.049467,-104.967852,3.499
66718,Bartonville SHELL,"I-474, EXIT 6",Peoria,IL,40.6854,-89.5953,4.299
66720,MOUNTAIN ENERGY #126,"I-26, EXIT 13",Hendersonville,NC,35.319213,-82.499995,2.84566666
66721,USA SPEEDTRAC,"I-49US-167, EXIT 11",Grand Coteau,LA,30.419722,-92.046667,3.399
66725,SPEEDWAY #9662,I-264,Louisville,KY,38.2435,-85.7639,3.029
66728,CIRCLE K #2723706,"I-81/US-52, EXIT 72 & I-77, EXIT 41",Wytheville,VA,36.940669,-81.094082,3.349
66734,Marathon,"I-675, Exit 7",Ellenwood,GA,33.61,-84.288056,3.009
66737,THE JUNCTION,US-59 & US-73,Atchison,KS,39.559411,-95.130408,3.279
66738,TREX MART #9,I-29,Dearborn                                ,MO,39.517248,-94.766368,2.999
66739,ZIP TRIP #64,I-29,Brookings                               ,SD,44.305619,-96.791408,3.399
66741,DEANS LANE VALERO,I-295,Monmouth Junction,NJ,40.394391,-74.547021,3.14566666
66742,DEEP WATER TRUCK STOP,"I-295, EXIT 2C",Penns Grove,NJ,39.717938,-75.465623,3.279
66746,CASEYS #4246,"I-30, EXIT 123",Bryant,AR,34.606786,-92.492015,3.03233333
66747,LOVES TRAVEL STOP #322,"I-90, EXIT 3",Roscoe,IL,42.421659,-88.99433,3.789
66749,BIG RIVER #18,"I-310 EXIT 2, & US-61",Saint Rose,LA,29.958074,-90.312432,3.099
66750,LOVES TRAVEL STOP #177,I-35,El Dorado,KS,37.822649,-96.854297,3.25566666
66751,FAST N FRIENDLY,"I-35, EXIT 132",Emporia                                 ,KS,38.418405,-96.187145,3.65733333
66756,CASEYS #2550,"I-35, EXIT 33 & US-34",Osceola,IA,41.029503,-93.771236,3.339
66760,LOVES TRAVEL STOP #326,I-26 EXIT 154A,Orangeburg,SC,33.502545,-80.859282,3.389
66761,SPEEDWAY #4589,US-501 & SR-90,Conway,SC,33.873066,-79.055712,3.064
66762,EXXON TIGER MART #44,"US-45,  EXIT 249",Ennis,TX,32.332102,-96.622363,3.099
66763,SPEEDWAY #7998,US-52 & US-74,Wadesboro,NC,34.980938,-80.069586,3.64566666
66765,STRIPES #40736,US-77/US-83,Olmito,TX,26.039167,-97.556111,2.999
66767,SPRINT MART #49,"I-22/US-78, EXIT 87 & SR-811",Tupelo,MS,34.253834,-88.720853,2.99233333
66769,PETRO STOPPING CENTER #344,"I-95, EXIT 3",Kingsland,GA,30.797681,-81.707483,3.649
66771,FLYING J TRAVEL PLAZA #727,"I-69C/US-281, EXIT 8 & FM-1925",Edinburg,TX,26.304221,-98.156922,3.084
66773,STRIPES 7FLEET #42475,US-62,Hobbs,NM,32.72217,-103.137246,3.459
66774,Clark #4667,"I-80/I-90, EXIT 39 & SR-109",Delta,OH,41.557695,-83.9866,3.699
66775,GO MART,US-33 & CR-116,Rockbridge,OH,39.550907,-82.562572,3.499
66776,S&G #77,US-224 & US-23,Alvada,OH,41.046284,-83.376982,3.259
66778,LOVES TRAVEL STOP #169,"I-44, EXIT 179 & US-377/SR-99",Stroud                                  ,OK,35.782389,-96.684377,3.144
66784,Texaco #384529,US-80/SR-8 & SR-14,Selma,AL,32.419719,-87.024527,3.299
66785,WINFIELD TRUCK STOP,SR-129,Winfield,AL,33.930256,-87.79716,3.659
66786,Circle K #2741791,"I-40, EXIT 175 & SR-31",Lonoke,AR,34.783162,-91.921367,3.139
66787,TEXACO,"I-59, EXIT 67B",Hattiesburg                             ,MS,31.314553,-89.306471,3.06566666
66788,CIRCLE K #4703626,"I-75, EXIT 60 & SR-68",Sweetwater,TN,35.595703,-84.430424,3.289
66793,CIRCLE K #2723693,"I-526, EXIT 19 & SR-10-60",Charleston,SC,32.962223,-79.86533,2.97566666
66795,FUEL MART #645,"I-90, EXIT 353",Spencer                                 ,SD,43.755684,-97.59361,3.499
66796,ROYAL FARMS #109,US-13 & SR-404,Bridgeville,DE,38.736628,-75.608768,3.259
66799,ONE9 #1403,"I-75/SR-93, EXIT 451 & US-129",Jasper,FL,30.502914,-82.932186,3.259
66799,SHELL DBA ONE9 #1403,"I-75/SR-93, EXIT 451 & US-129",Jasper,FL,30.502914,-82.932186,3.244
66800,CIRCLE K #2743950,I-35,San Antonio,TX,29.468525,-98.526352,2.804
66801,SUNSTOP #330,"I-75, EXIT 460 & SR-6",Jennings,FL,30.548243,-83.134971,3.299
66802,MOBIL,US-27 & SR-66,Sebring                                 ,FL,27.492391,-81.435712,3.459
66803,Stripes,FM-2061 & FM-3072,Pharr,TX,26.177053,-98.187022,3.16566666
66804,PWI #586,"I-80, EXIT 104  & US-191",Rock Springs,WY,41.605957,-109.230047,3.199
66805,CIRCLE K #2723553,US-27,Ringgold,GA,34.92052,-85.154908,3.07566666
66807,QUICK FUEL #5303,"I-35E, EXIT 436A",Dallas,TX,32.996848,-96.792113,3.04566666
66809,CASEYS #3449,SR-78,Wapello,IA,41.206982,-91.171921,3.349
66810,QUICK FUEL #3145,SR-83,Bensenville,IL,41.9536,-87.935,3.509
66810,QUICK FUEL #3145,SR-83,Bensenville,IL,41.9536,-87.935,3.449
66810,QUICK FUEL #3145,SR-83,Bensenville,IL,41.9536,-87.935,3.539
66812,FAMILY EXPRESS #47 (DISCOUNT AVAILABLE),"I-65, EXIT 201 & US-24/US-231",Remington,IN,40.766653,-87.15994,3.55233333
66813,MCCLURE OIL #59,I-69 EXIT 259,Gas City                                ,IN,40.487895,-85.605533,3.639
66815,MAXS #132,US-641 N,Murray,KY,36.609915,-88.303249,3.399
66816,CIRCLE K #4707082,"I-95, EXIT 132 & SR-139",Fairfield,ME,44.609639,-69.63321,3.899
66817,JOLLY TRUCK STOP,US-82/US-287,Wichita Falls,TX,33.905284,-98.497645,2.899
66819,ROAD RANGER #265,"I-88, EXIT 54",Dixon,IL,41.847797,-89.489303,3.499
66819,ROAD RANGER #265,"I-88, EXIT 54",Dixon,IL,41.847797,-89.489303,3.479
66820,CM BREAUX BRIDGE,"I-10, EXIT 109",Breaux Bridge,LA,30.274955,-91.905899,3.299
66821,DENTON GOOSE CREEK,SR-404/SR-619,Denton                                  ,MD,38.877928,-75.836071,3.259
66822,WILD BILL'S,I-78,Sherman                                 ,MS,34.359167,-88.841111,2.919
66824,STRIPES #42435,US-87/US-277,San Angelo,TX,31.478165,-100.481752,2.799
66833,STRIPES #5148,US-281,Pharr,TX,26.177053,-98.187022,3.399
66834,ROAD RANGER #186,"I-39/US-51, EXIT 27 & SR-2/CR-2200",Minonk,IL,40.898501,-89.034863,3.339
66834,ROAD RANGER #186,"I-39/US-51, EXIT 27 & SR-2/CR-2200",Minonk,IL,40.898501,-89.034863,3.439
66834,ROAD RANGER #186,"I-39/US-51, EXIT 27 & SR-2/CR-2200",Minonk,IL,40.898501,-89.034863,3.449
66838,RUTTERS #96,US-322 & SR-655,Milroy,PA,40.72033,-77.556739,4.05066666
66843,FLYING J TRAVEL PLAZA #728,"I-10, EXIT 37",El Paso,TX,31.758411,-106.478311,3.09233333
66844,CIRCLE K #2706984,US-77 & CR-1356,Kingsville,TX,27.507418,-97.859598,2.82233333
66845,CIRCLE K #2723643,SR-431,Dothan,AL,31.202888,-85.418036,3.58233333
66846,CIRCLE K #2723664,US-280,Childersburg,AL,33.266928,-86.337622,3.899
66847,CIRCLE K #2723667,"I-20, EXIT 185 & SR-21",Oxford,AL,33.596829,-85.83347,2.999
66848,CIRCLE K #2723695,"I-55, EXIT 265",Senatobia,MS,34.632306,-89.885501,3.199
66850,Stripes,ST 77,Riviera,TX,27.321735,-97.778707,3.12566666
66853,LOVES TRAVEL STOP #327,US-77 & FM-1898,Kingsville,TX,27.507418,-97.859598,3.15566666
66854,TA WAPAKONETA TRAVEL CENTER,"I-75, EXIT 111",Wapakoneta                              ,OH,40.568978,-84.177378,3.28233333
66856,Speedway #4800,"I-94, EXIT 183",Clearwater,MN,45.387694,-94.045246,3.199
66858,LOVES TRAVEL STOP #328,"I-10, EXIT 162",Chandler,AZ,33.330091,-111.863156,3.469
66862,LOVES TRAVEL STOP #330,I-40 EXIT 280 & SR-56,Baxter,TN,36.124917,-85.637766,3.234
66863,101 TRAVEL PLAZA,"I-40, EXIT 101 & SR-104",Cedar Grove,TN,35.861261,-88.551702,2.999
66865,FLYING J FUEL STOP #741,US-287/US-281/US-82 & SR-473,Wichita Falls,TX,33.905284,-98.497645,3.12566666
66867,KWIK STAR #212,"US-61, EXIT 156",Maquoketa,IA,42.07782,-90.677075,3.624
66868,STRIPES #40604,US-83,Mission,TX,26.24153,-98.342647,2.88233333
66869,SPEEDWAY #4630,US-220 BUS & CR-782,Ridgeway,VA,36.5874,-79.86859,3.409
66870,PETRO STOPPING CENTER NAPOLEON,"US-24/US-6/CR-3, EXIT 41",Napoleon,OH,41.390969,-84.143271,3.70566666
66874,FLYING J TRAVEL PLAZA #733,"I-27, EXIT 4 & US-82",Lubbock,TX,33.586527,-101.860634,3.33233333
66876,PILOT TRAVEL CENTERS #156,SR-1633 & SR-813 & SR-9004,Mortons Gap,KY,37.236667,-87.475278,3.629
66877,PILOT TRAVEL CENTER #916- TOWN PUMP,US-93 & US-12,Lolo,MT,46.7585,-114.109732,3.609
66878,PILOT TRAVEL CENTER #915- TOWN PUMP,"I-90, EXIT 455",Billings,MT,45.774489,-108.500452,3.58066666
66879,TA EXPRESS,"I-40, EXIT 101",Atkins,AR,35.244948,-92.950696,3.34066666
66880,LOVES TRAVEL STOP #324,I-80 EXIT 242 & SR 339,Mifflinville,PA,41.023473,-76.292396,3.96566666
66881,PLAZAGO TRUCKSTOP,US-50/SR-61 & SR-96/SR-14,South Hutchinson,KS,38.007306,-97.90814,3.269
66888,LOVES TRAVEL STOP #334,"I-84, EXIT 211 & US-30/SR-24",Heyburn,ID,42.559922,-113.770885,3.89233333
66890,CASEYS #4223,US-25E,Middlesboro,KY,36.617188,-83.723079,3.489
66892,LOVES TRAVEL STOP #336,"I-94, EXIT 112",Marshall,MI,42.272047,-84.95828,3.489
66892,LOVES TRAVEL STOP #336,"I-94, EXIT 112",Marshall,MI,42.272047,-84.95828,3.569
66892,LOVES TRAVEL STOP #336,"I-94, EXIT 112",Marshall,MI,42.272047,-84.95828,3.589
66892,LOVES TRAVEL STOP #336,"I-94, EXIT 112",Marshall,MI,42.272047,-84.95828,3.649
66893,ONE9 #1291,US-287 & CR-174,Bowie,TX,33.556796,-97.837337,2.91233333
66894,PILOT TRAVEL CENTERS #259,US-69,Muskogee,OK,35.730661,-95.375491,3.32233333
66895,TA Express Tonkawa,"I-35, EXIT 40 & US-60",Tonkawa,OK,36.68062,-97.30634,3.294
66897,FLYING J TRAVEL PLAZA #604,"I-65, EXIT 158",Hope Hull,AL,32.224256,-86.393189,3.309
66898,PILOT TRAVEL CENTERS #384,"I-95, EXIT 58",Colonial Heights,VA,37.269968,-77.403829,3.799
66899,LOVES TRAVEL STOP #333,"I-77, EXIT 83",Fort Mill,SC,35.0073697,-80.9450759,3.38066666
66900,DODGE CITY PETRO #397,"I-65, EXIT 299 & SR-69",Hanceville,AL,34.051569,-86.784844,3.919
66902,CIRCLE K #4707239,SR-103,Warner,NH,43.303512,-71.835349,3.93233333
66905,CIRCLE K #4707212,SR-27,Raymond,NH,43.032512,-71.191159,3.759
66906,LOVES TRAVEL STOP #331,"I-45, EXIT 272",Hutchins,TX,32.639586,-96.707021,3.10233333
66908,CIRCLE K #2723708,"I-81, EXIT 77",Wytheville,VA,36.940669,-81.094082,3.36566666
66911,LOVES TRAVEL STOP #343,"I-20 & I-59, EXIT 165",Toomsuba,MS,32.429583,-88.489225,3.009
66912,LOVES TRAVEL STOP #335,"I-15, EXIT 62 & SR-130",Cedar City,UT,37.689544,-113.074513,3.677
66912,LOVES TRAVEL STOPS #335,"I-15, EXIT 62 & SR-130",Cedar City,UT,37.689544,-113.074513,3.649
66914,FLYING J TRAVEL PLAZA #683,"I-95, EXIT 106",Kenly,NC,35.607742,-78.138227,3.709
66915,CIRCLE K #2723716,"I-81, EXIT 84",Max Meadows,VA,36.91708,-80.921391,3.46233333
66918,MINIT MART #647,"I-39, EXIT 35 & SR-17",Wenona,IL,41.054846,-89.041637,3.549
66918,MINIT MART #647,"I-39, EXIT 35 & SR-17",Wenona,IL,41.054846,-89.041637,3.499
66920,7-ELEVEN #35562,"I-85, EXIT 32",Charlotte,NC,35.2269,-80.8433,3.379
66921,LOVES TRAVEL STOP #338,"I-95/SR-405, EXIT 90 & SR-144",Richmond Hill,GA,31.896152,-81.294026,3.364
66922,LOVES TRAVEL STOPS #339,"I-20, EXIT 115 & FM-1882",Odessa,TX,31.8465,-102.3663,3.549
66922,LOVES TRAVEL STOP #339,"I-20, EXIT 115 & FM-1882",Odessa,TX,31.8465,-102.3663,3.549
66923,LOVES TRAVEL STOP #765,"I-85, EXIT 147",Commerce,GA,34.2216,-83.3874,3.21066666
66925,FLYING J TRAVEL PLAZA #714,"I-77, EXIT 73",Rock Hill,SC,34.915068,-81.012904,3.399
66927,PILOT TRAVEL CENTER #41,I-64 EXIT 113 SE QUAD,Mount Sterling                          ,KY,38.054822,-83.938774,3.759
66927,PILOT TRAVEL CENTERS #41,I-64 EXIT 113 SE QUAD,Mount Sterling                          ,KY,38.054822,-83.938774,3.769
66928,FLYING J TRAVEL PLAZA #730,"I-35/US-83, EXIT 13",Laredo,TX,27.515538,-99.498579,3.599
66929,FLYING J TRAVEL PLAZA #642,"I-255,  EXIT 17",East Saint Louis                        ,IL,38.631538,-90.138066,3.599
66929,FLYING J TRAVEL PLAZA #642,"I-255,  EXIT 17",East Saint Louis                        ,IL,38.631538,-90.138066,3.499
66929,FLYING J TRAVEL PLAZA #642,"I-255,  EXIT 17",East Saint Louis                        ,IL,38.631538,-90.138066,3.389
66929,FLYING J TRAVEL PLAZA #642,"I-255,  EXIT 17",East Saint Louis                        ,IL,38.631538,-90.138066,3.699
66931,CASEYS #3896,"I-380, EXIT 35",Center Point,IA,42.189844,-91.775764,3.449
66932,CIRCLE K #4701444,US-34 & SR-164,Monmouth,IL,40.910702,-90.644828,3.449
66932,CIRCLE K #4701444,US-34 & SR-164,Monmouth,IL,40.910702,-90.644828,3.399
66935,FRANCIS CREEK TRAVEL PLAZA,SR-41,Francis Creek,WI,44.199964,-87.720007,3.384
66937,LOVES TRAVEL STOP #341,"I-44, EXIT 189",Rolla,MO,37.948527,-91.760348,3.30066666
66939,KWIK TRIP #416,SR-172 & CR-GV,De Pere,WI,44.438779,-88.080613,3.39066666
66941,PILOT TRAVEL CENTERS #367,"I-30, EXIT 87 & 88",Caddo Mills,TX,33.068267,-96.239093,3.169
66942,MAVERIK COUNTRY STORE #612,"I-15, EXIT 362",Brigham City,UT,41.507921,-112.015177,3.449
66944,LOVES TRAVEL STOPS #316,"I-95, EXIT 273 & US-1",Ormond Beach,FL,29.2855,-81.0561,3.489
66944,LOVES TRAVEL STOP #316,"I-95, EXIT 273 & US-1",Ormond Beach,FL,29.2855,-81.0561,3.477
66945,PILOT TRAVEL CENTERS #159,"I-64, EXIT 211",Providence Forge,VA,37.425907,-77.071117,3.899
66948,CIRCLE K #4707618,"I-481, EXIT 8 & CR-82",East Syracuse,NY,43.073359,-76.05578,3.799
66951,BERKLYS TRAVEL CENTER #3,US-377/US-87,Brady,TX,31.128304,-99.3372,3.61566666
66953,LOVES TRAVEL STOP #355,"I-65, EXIT 16",Memphis,IN,38.464181,-85.777501,3.949
66954,LOVES TRAVEL STOP #344,I-240 EXIT 21 & US-78/SR-4,Memphis,TN,35.0337,-89.9343,3.249
66955,LOVES TRAVEL STOP #349,"I-8, EXIT 3",Yuma,AZ,32.701507,-114.642362,3.50233333
66956,LOVES TRAVEL STOP #348,"I-69/I-24, EXIT 27 & US-62",Calvert City,KY,37.014741,-88.381115,3.689
66957,LOVES TRAVEL STOP #346,I-65 EXIT 46 & SR-99,Columbia,TN,35.615577,-87.038032,3.789
66959,PILOT TRAVEL CENTERS #388,"I-20 & I-59, EXIT 151",Meridian,MS,32.357441,-88.655973,2.979
66961,CIRCLE K #2707020,"I-4, EXIT 32 & US-98/SR-700/SR-35",Lakeland,FL,28.038134,-81.939153,3.414
66962,PILOT TRAVEL CENTERS #242,"I-74, EXIT 109",Shelbyville,IN,39.50434,-85.787515,3.999
66962,PILOT TRAVEL CENTER #242,"I-74, EXIT 109",Shelbyville,IN,39.50434,-85.787515,3.999
66963,SPARTA TRAVEL CENTER,"I-90, EXIT 28",Sparta,WI,43.954045,-90.814566,3.179
66964,PILOT TRAVEL CENTERS #239,US-30/US-23,Upper Sandusky,OH,40.824876,-83.297711,3.899
66965,EATONTON TRAVEL CENTER,US-441/US/129/SR-24,Eatonton,GA,33.312723,-83.36277,3.249
66966,LOVES TRAVEL STOP #352,I-71 EXIT 65,Jeffersonville,OH,39.65896,-83.56873,3.42233333
66968,FLYING J TRAVEL PLAZA #675,US-136 & SR-27,Wayland,MO,40.442574,-91.607864,3.30566666
66972,PETRO STOPPING CENTER #339,"I-90, EXIT 272",Spokane,WA,47.666485,-117.436527,3.999
66972,PETRO STOPPING CENTER #339,"I-90, EXIT 272",Spokane,WA,47.666485,-117.436527,3.959
66987,LOVES TRAVEL STOP #354,"US-78 & I-20, EXIT 172",Thomson,GA,33.477363,-82.494204,3.849
66993,PILOT TRAVEL CENTERS #198,US-30 & US-31,Plymouth,IN,41.333897,-86.324087,3.869
66993,PILOT TRAVEL CENTER #198,US-30 & US-31,Plymouth,IN,41.333897,-86.324087,3.859
66994,PILOT TRAVEL CENTERS #303,US-24/US-6 & SR-108,Napoleon                                ,OH,41.390969,-84.143271,3.71066666
66995,PILOT TRAVEL CENTERS #322,"I-86, EXIT 37",Bath,NY,42.345451,-77.323255,4.499
66997,LOVES TRAVEL STOP #289,"I-20, EXIT 49 & SR-531",Minden,LA,32.632281,-93.288587,3.149
67008,TA ST LOUIS EAST TRAVEL CENTER,"I-55, EXIT 18",Troy,IL,38.724275,-89.870848,3.439
67008,TA ST LOUIS EAST TRAVEL CENTER,"I-55, EXIT 18",Troy,IL,38.724275,-89.870848,3.619
67008,TA ST LOUIS EAST TRAVEL CENTER,"I-55, EXIT 18",Troy,IL,38.724275,-89.870848,3.629
67008,TA ST LOUIS EAST TRAVEL CENTER,"I-55, EXIT 18",Troy,IL,38.724275,-89.870848,3.439
67008,TA ST LOUIS EAST TRAVEL CENTER,"I-55, EXIT 18",Troy,IL,38.724275,-89.870848,3.489
67008,TA ST LOUIS EAST TRAVEL CENTER,"I-55, EXIT 18",Troy,IL,38.724275,-89.870848,3.379
67009,PILOT TRAVEL CENTERS #407,"I-35, EXIT 194",Clear Lake,IA,43.140607,-93.384978,3.659
67009,PILOT TRAVEL CENTER #407,"I-35, EXIT 194",Clear Lake,IA,43.140607,-93.384978,3.659
67030,LOVES TRAVEL STOP #337,"I-90 & I-35, EXIT 11",Albert Lea,MN,43.653678,-93.370672,4.089
67034,LOVES TRAVEL STOP #356,"I-75, EXIT 167",North Baltimore,OH,41.186703,-83.680581,3.34733333
67037,LOVES TRAVEL STOP #332,I-71 EXIT 204,Burbank,OH,40.963725,-81.995753,3.689
67038,PILOT TRAVEL CENTERS #260,US-82/SR-520 & SR-300,Albany,GA,31.567783,-84.161923,3.799
67038,PILOT TRAVEL CENTER #260,US-82/SR-520 & SR-300,Albany,GA,31.567783,-84.161923,3.799
67039,ROAD RANGER #145,"I-44, EXIT 275",Fenton,MO,38.501489,-90.468299,3.359
67040,FLYING J TRAVEL PLAZA #603,US-431/SR-210 & US-231/SR-1,Dothan,AL,31.202888,-85.418036,3.999
67041,CIRCLE K #4707040,"I-95, EXIT 133 & US-201",Skowhegan,ME,44.777212,-69.697571,3.72566666
67044,PILOT TRAVEL CENTER #1212,"I-10, EXIT 45",Salome,AZ,33.748141,-113.571459,3.959
67044,PILOT #1212,"I-10, EXIT 45",Salome,AZ,33.748141,-113.571459,3.959
67047,Circle K #2746490,"I-90, EXIT 332",Mitchell,SD,43.710921,-98.027026,3.064
67051,PILOT TRAVEL CENTERS #208,"I-44, EXIT 257",Pacific                                 ,MO,38.492168,-90.747968,3.324
67053,TA LAREDO TRAVEL CENTER,"I-35/US-83, EXIT 13",Laredo,TX,27.515538,-99.498579,3.649
67054,LOVES TRAVEL STOPS #436,"I-80, EXIT 118",Salt Lake City,UT,40.755851,-111.896657,3.649
67054,LOVES TRAVEL STOP #436,"I-80, EXIT 118",Salt Lake City,UT,40.755851,-111.896657,3.777
67055,FLYING J TRAVEL PLAZA #641,I-15,Mccammon,ID,42.63362,-112.175758,3.749
67056,Arco,US-2 & US-59,Erskine,MN,47.661817,-96.012173,3.399
67057,PILOT TRAVEL CENTERS #146,"I-90, EXIT 12",Castleton On Hudson,NY,42.538243,-73.709529,3.999
67058,PILOT TRAVEL CENTERS #368,"I-72, EXIT 144",Decatur                                 ,IL,39.827137,-88.925984,3.599
67058,PILOT TRAVEL CENTER #368,"I-72, EXIT 144",Decatur                                 ,IL,39.827137,-88.925984,3.559
67058,PILOT TRAVEL CENTER #368,"I-72, EXIT 144",Decatur                                 ,IL,39.827137,-88.925984,3.459
67058,PILOT TRAVEL CENTERS #368,"I-72, EXIT 144",Decatur                                 ,IL,39.827137,-88.925984,3.499
67060,PILOT TRAVEL CENTERS #151,"I-5, EXIT 99NE",Olympia,WA,47.012906,-122.876311,4.599
67063,PILOT TRAVEL CENTERS #330,"I-35, EXIT 184 SW",New Braunfels,TX,29.694733,-98.113041,3.399
67064,LOVES TRAVEL STOP #385,"I-40, EXIT 101 & US-281",Hinton,OK,35.4675,-98.331348,3.38566666
67065,TA GREENWOOD TRAVEL CENTER,"I-20, EXIT 5 & US-79",Greenwood,LA,32.424025,-93.969252,3.16566666
67066,LOVES TRAVEL STOP #361,"I-80, EXIT 168",Newton,IA,41.699173,-93.045456,3.76233333
67067,LOVES TRAVEL STOP #377,"I-76/US-6, EXIT 31 & SR-52",Hudson,CO,40.060555,-104.653208,3.459
67069,FLYING J FUEL STOP #621,"I-70, EXIT 359 & US-24",Limon,CO,39.263889,-103.691667,3.899
67069,FLYING J TRAVEL PLAZA #621,"I-70, EXIT 359 & US-24",Limon,CO,39.263889,-103.691667,3.874
67070,CASEYS #4225,"SR-155N, EXIT 26-A",Nashville,TN,36.167028,-86.778441,3.06233333
67071,FAS MART #5154,"I-270, EXIT 3 & SR-3",Hartford,IL,38.829852,-90.074533,3.299
67071,FAS MART #5154,"I-270, EXIT 3 & SR-3",Hartford,IL,38.829852,-90.074533,3.279
67073,PILOT TRAVEL CENTERS #81,"I-79, EXIT 99",Portersville,PA,40.948651,-80.172965,4.259
67075,CM FOREST GOLD,SR-16,Amite,LA,30.718208,-90.570493,3.399
67076,CASH MAGIC LUCKY MAGNOLIA,SR-63/SR-16,Denham Springs,LA,30.5821,-90.9341,3.399
67077,CASH MAGIC BROUSSARD SOUTH,US-90,Broussard,LA,30.12189,-91.950171,3.399
67078,CASH MAGIC SILVER FOX,SR-63/SR-16,Denham Springs,LA,30.5821,-90.9341,3.399
67081,LOVES TRAVEL STOP #376,"I-85/SR-403, EXIT 28 & SR-54/SR-100",Hogansville,GA,33.164382,-84.930856,3.689
67082,PILOT TRAVEL CENTERS #179,"I-81, EXIT 5-B",Hagerstown,MD,39.632022,-77.737215,3.959
67085,PILOT TRAVEL CENTERS #210,"I-287, EXIT 66 & SR-17",Mahwah,NJ,41.074473,-74.155974,3.899
67086,SPEEDWAY #7945,SR-24,Swansboro,NC,34.699066,-77.135013,3.699
67087,SPEEDWAY #8189,"I-40, EXIT 408 & SR-210 & US-117",Rocky Point,NC,34.434418,-77.923448,3.60566666
67088,PILOT #4580,"I-26, EXIT 82",Prosperity,SC,34.183243,-81.532353,3.42566666
67090,LOVES TRAVEL STOP #373,US-69 & PLATTER RD,Calera,OK,33.928872,-96.410205,3.229
67091,SPEEDWAY #7903,SR-211,Raeford,NC,34.989009,-79.22276,3.699
67092,SPEEDWAY #8288,US-64 & SR-149,Plymouth,NC,35.850826,-76.743148,3.20733333
67094,SPEEDWAY #7943,US-64/SR-49 & US-220,Asheboro,NC,35.693496,-79.819678,3.54233333
67095,SPEEDWAY #8297,US-17 & US-17 BYP,Chocowinity,NC,35.481409,-77.086801,3.13233333
67096,SPEEDWAY #6997,I-95/US-301,Fayetteville,NC,35.05099,-78.842255,3.39566666
67097,SPEEDWAY #8298,SR-11/SR-55,Kinston,NC,35.278333,-77.585969,3.353
67101,SPEEDWAY #7974,US-601 & SR-24/SR-27,Midland,NC,35.247724,-80.531853,3.429
67103,SPEEDWAY #8225,US-13/US-17 & US-64,Williamston,NC,35.660154,-77.048344,3.849
67106,PILOT TRAVEL CENTER #4656,"I-295, EXIT 3-A & US-460",Disputanta,VA,37.148268,-77.273172,3.57233333
67107,SPEEDWAY/7fleet #4595,US-501 & SR-544,Conway,SC,33.873066,-79.055712,3.089
67108,SPEEDWAY/7fleet #4594,SR-90,Longs,SC,33.906408,-78.793359,3.309
67109,SPEEDWAY #4676,US-13/SR-32,Suffolk,VA,36.866823,-76.559811,3.799
67113,COLUMBUS WEST TRAVEL CENTER,"US-151, EXIT 118",Columbus,WI,43.331494,-89.027089,3.119
67114,SPEEDWAY #1415,"I-57, EXIT 306 & US-45/US-52",Kankakee,IL,41.116582,-87.869607,3.379
67114,SPEEDWAY #1415,"I-57, EXIT 306 & US-45/US-52",Kankakee,IL,41.116582,-87.869607,3.339
67115,CIRCLE K #3912,"I-24/SR-27, EXIT 155 & SR-28",Jasper,TN,35.066603,-85.614737,2.889
67117,MCCLURE OIL #65,US-31 & SR-38,Cicero                                  ,IN,40.126781,-86.024844,3.889
67118,ABELS QUIK SHOP #20,US-36 & CR-437,Hannibal,MO,39.70636,-91.38387,3.06566666
67119,EASTWAY TRUCKSTOP,SR-80,Somerset,KY,37.073853,-84.604362,3.599
67120,LOVES TRAVEL STOP #379,"I-10 & CR 255, EXIT 262 SW",Lee,FL,30.397863,-83.284392,3.789
67121,BETTY BEAVERS TRUCKSTOP,"I-88, EXIT 12 & CR-48",Otego                                   ,NY,42.41333,-75.207883,3.819
67122,WORKMANS TRAVEL CENTER,"I-540, EXIT 24 & SR-282",Alma,AR,35.500043,-94.207337,3.37233333
67125,LOVES TRAVEL STOP #370,I-80 EXIT 234,Hubbard,OH,41.162401,-80.576192,3.46566666
67126,PILOT TRAVEL CENTERS #366,"I-40, EXIT 85 CHRISTMASVILLE RD",Jackson,TN,35.610222,-88.814011,3.509
67127,LOVES TRAVEL STOP #381,"I-65, EXIT 322 & CR-55",Falkville,AL,34.347653,-86.913086,3.849
67129,PILOT TRAVEL CENTER #920,"I-70, EXIT 54",Colby,KS,39.383038,-101.044169,3.634
67129,PILOT TRAVEL CENTERS #920,"I-70, EXIT 54",Colby,KS,39.383038,-101.044169,3.649
67130,Pilot Travel Centers #473,"I-55, EXIT 248 & US-6",Channahon                               ,IL,41.434664,-88.213786,3.499
67130,Pilot Travel Centers #473,"I-55, EXIT 248 & US-6",Channahon                               ,IL,41.434664,-88.213786,3.359
67130,Pilot Travel Center #473,"I-55, EXIT 248 & US-6",Channahon                               ,IL,41.434664,-88.213786,3.459
67130,Pilot Travel Center #473,"I-55, EXIT 248 & US-6",Channahon                               ,IL,41.434664,-88.213786,3.599
67130,Pilot Travel Centers #473,"I-55, EXIT 248 & US-6",Channahon                               ,IL,41.434664,-88.213786,3.399
67130,Pilot Travel Center #473,"I-55, EXIT 248 & US-6",Channahon                               ,IL,41.434664,-88.213786,3.399
67133,LOVES TRAVEL STOP #365,I-80 EXIT 352,Wells,NV,41.129798,-114.532752,3.71566666
67137,PILOT TRAVEL CENTERS #485,"I-80, EXIT 173",Winnemucca                              ,NV,40.966418,-117.746693,3.77066666
67138,Kum N Go #0561,US-65 & SR-744,Springfield,MO,37.2152,-93.295,2.899
67139,LOVES TRAVEL STOP #383,I-71 EXIT 55 & SR-1039,Sparta,KY,38.725582,-84.881334,3.749
67140,Maverik Country Store #5069,I-35 EXIT 133,Ellsworth,IA,42.30086,-93.548979,3.09566666
67141,KUM & GO #0022,"I-80, EXIT 182 & SR-146",Grinnell,IA,41.742081,-92.734432,3.19733333
67143,ALL AMERICAN STORES #7,US-30,Fort Wayne,IN,41.0716,-85.1367,3.559
67149,HOOPS TRAVEL CENTER,I-39 & SR-21,Coloma,WI,44.027462,-89.494332,3.18233333
67150,Maverik Country Store #5119,"US-30, EXIT 150",Ames,IA,42.029859,-93.639398,3.08233333
67151,CASEYS #2523,"SR-163, EXIT 29 & SR-14",Monroe,IA,41.535619,-93.072551,3.199
67155,PILOT TRAVEL CENTER #1219,"I-70, EXIT 61",Vandalia,IL,38.94391,-89.104116,3.699
67155,PILOT TRAVEL CENTER #1219,"I-70, EXIT 61",Vandalia,IL,38.94391,-89.104116,3.759
67155,PILOT #1219,"I-70, EXIT 61",Vandalia,IL,38.94391,-89.104116,3.699
67158,GOLDEN GATE AUTO TRUCK PLAZA,"I-80 , EXIT 32",Sparks,NV,39.547254,-119.755588,3.539
67160,LOVES TRAVEL STOPS #378,"I-77, EXIT 132 ",Ripley,WV,38.809042,-81.701987,3.589
67160,LOVES TRAVEL STOP #378,"I-77, EXIT 132 ",Ripley,WV,38.809042,-81.701987,3.621
67162,PILOT TRAVEL CENTERS #495,"I-80 , EXIT 201",Brooklyn,IA,41.732147,-92.428462,3.78566666
67162,PILOT TRAVEL CENTER #495,"I-80 , EXIT 201",Brooklyn,IA,41.732147,-92.428462,3.699
67163,LOVES TRAVEL STOP #358,"I-78, EXIT 23",Hamburg,PA,40.548799,-75.987361,3.85733333
67164,FLYING J TRAVEL PLAZA #510,"I-15 , EXIT 188",Scipio,UT,39.245,-112.103333,3.689
67165,SOMERSET TRAVEL CENTER,"I-76 , EXIT 110",Somerset,PA,40.024813,-79.080814,4.219
67166,Circle K #4705726,US-33,Carroll,OH,39.795743,-82.708358,3.24566666
67167,LOVES TRAVEL STOP #372,"I-84, EXIT 374",Ontario,OR,44.04156,-116.978268,3.689
67168,LOVES TRAVEL STOP #455,"I-70, EXIT 145",Ellis,KS,38.947128,-99.52851,3.623
67168,LOVES TRAVEL STOPS #455,"I-70, EXIT 145",Ellis,KS,38.947128,-99.52851,3.689
67169,JD ORANGEBURG,US-301/US-601/SR-4,Orangeburg,SC,33.502545,-80.859282,3.34233333
67170,FAST TRACK #410,"I-10, EXIT 258",Madison                                 ,FL,30.480209,-83.406678,3.749
67174,KWIK STAR #419,"US-218, EXIT 218",Charles City,IA,43.068327,-92.676062,3.539
67175,KWIK STAR #428,SR-9,Cresco,IA,43.363007,-92.125954,3.524
67178,KWIK STAR #701,US-63,Denver,IA,42.673137,-92.341701,3.499
67182,KWIK STAR #817,US-52 & SR-24,Calmar,IA,43.197402,-91.912579,3.579
67185,KWIK TRIP #385,SR-19/SR-3,Northfield,MN,44.458724,-93.166826,3.499
67186,KWIK TRIP #424,SR-15 & CR-26,Fairmont,MN,43.637592,-94.45095,3.399
67192,KWIK TRIP #464,US-63,Rochester,MN,44.049572,-92.48962,3.54066666
67193,KWIK TRIP #609,SR-16 & SR-43,Rushford,MN,43.821626,-91.75365,3.499
67195,KWIK TRIP #646,US-169 & CR-53,Blue Earth,MN,43.639426,-94.092379,3.324
67196,KWIK TRIP #753,US-14 & SR-42,Eyota,MN,44.004294,-92.244068,3.61566666
67200,KWIK TRIP #319,SR-13,Spencer,WI,44.739148,-90.311406,3.47566666
67202,KWIK TRIP #328,US-53 & SR-95,Blair,WI,44.296843,-91.223501,3.23733333
67204,KWIK TRIP #337,SR-65,New Richmond,WI,45.159819,-92.551333,3.499
67206,KWIK TRIP #352,US-53,Chippewa Falls,WI,44.932202,-91.384376,3.40733333
67207,KWIK TRIP #354,SR-26,Watertown,WI,43.194722,-88.728889,3.37233333
67208,KWIK TRIP #363,US-14 & CR-O,Richland Center,WI,43.362714,-90.391378,3.389
67209,KWIK TRIP #386,SR-64,Merrill,WI,45.180924,-89.690696,3.499
67211,KWIK TRIP #392,SR-49/SR-23,Ripon,WI,43.845402,-88.842433,3.39066666
67219,KWIK TRIP #455,US-8 & SR-27,Ladysmith,WI,45.471941,-91.108804,3.27233333
67220,KWIK TRIP #456,"US-18/151, EXIT 79 & CR-PB",Verona,WI,42.999913,-89.552247,3.579
67221,KWIK TRIP #457,"I-41/US-41, EXIT 116 & SR-44/SR-91",Oshkosh,WI,44.021962,-88.543635,3.29066666
67223,KWIK TRIP #476,"US-53, EXIT 140",Rice Lake,WI,45.510466,-91.733544,3.43233333
67226,KWIK TRIP #494,US-53 & SR-35,Onalaska,WI,43.897392,-91.231419,3.33566666
67229,KWIK TRIP #740,SR-15,Hortonville,WI,44.327306,-88.62813,3.509
67230,KWIK TRIP #750,US-14/US-61/SR-35,La Crosse,WI,43.798938,-91.217494,3.299
67233,KWIK TRIP #807,US-10,Brillion,WI,44.17792,-88.083337,3.36566666
67234,KWIK TRIP #847,SR-33 & SR-82/SR-80,Wonewoc,WI,43.62848,-90.239357,3.499
67235,FLYING J TRAVEL PLAZA #507,I-35,Jarrell,TX,30.748406,-97.600833,3.22066666
67237,OUTPOST TRAVEL CENTER,US-79 & CR-111,Minden,LA,32.632281,-93.288587,3.13233333
67239,RELAY STATION,SR-1,Shreveport,LA,32.503743,-93.748696,3.13233333
67241,RELAY STATION 3,SR-175,Frierson,LA,32.244968,-93.691488,3.259
67242,SPEEDWAY #6940,"I-77, EXIT 85 & SR-268",Elkin,NC,36.28723,-80.855365,2.859
67243,LOVES TRAVEL STOP #386,"I-40, EXIT 9 & SR-95",Lake Havasu City,AZ,34.492879,-114.308083,3.92233333
67245,SPEEDWAY #4582,US-378,Conway,SC,33.873066,-79.055712,3.089
67246,SPEEDWAY #7941,US-17 & SR-24,Jacksonville,NC,34.737456,-77.462815,3.32566666
67247,CIRCLE K #4707512,"I-93, EXIT 47",Methuen,MA,42.728019,-71.181031,3.799
67248,SPEEDWAY #6962,"I-40, EXIT 303",Garner,NC,35.681254,-78.597527,2.92066666
67255,LOVES TRAVEL STOP #393,"I-55, EXIT 13",Mccomb,MS,31.221594,-90.432449,3.239
67262,PILOT TRAVEL CENTERS #497,"I-20, EXIT 165",Lincoln,AL,33.605913,-86.111152,3.199
67262,PILOT TRAVEL CENTER #497,"I-20, EXIT 165",Lincoln,AL,33.605913,-86.111152,3.109
67264,CIRCLE K #4707016,US-1,Princeton,ME,45.213091,-67.600826,3.88233333
67265,CIRCLE K #4707048,US-2,Lincoln,ME,45.350832,-68.507693,3.73233333
67269,ONVO TRAVEL PLAZA - GOULDSBORO,"I-380, EXIT 13 & SR-507",Gouldsboro,PA,41.2448,-75.503653,3.58566666
67271,KWIK TRIP #330,US-169 & SR-25,Belle Plaine,MN,44.613852,-93.760394,3.379
67272,PILOT TRAVEL CENTER #922- TOWN PUMP,US-2 & SR-40,Columbia Falls                          ,MT,48.353394,-114.178394,3.649
67273,LOVES TRAVEL STOP #396,I-26 EXIT 76,Newberry,SC,34.284661,-81.615741,3.41566666
67274,KWIK STAR #790,"US-20, EXIT 275 & SR-13",Manchester,IA,42.483418,-91.449001,3.56233333
67275,KWIK TRIP #481,US-61,Red Wing                                ,MN,44.552779,-92.548559,3.324
67279,LOVES TRAVEL STOP #391,"I-74, EXIT 123",Saint Paul,IN,39.427747,-85.599374,3.989
67281,PARKERS SURRENCY #208,US-341/SR-27 & SR-121,Surrency,GA,31.648931,-82.198218,3.58566666
67282,RUTTERS #65,"I-81, EXIT 14 & US-11",Chambersburg,PA,39.931318,-77.657928,4.399
67283,PILOT #4597,"I-40, EXIT 258/SR-53",Gordonsville,TN,36.184317,-86.000818,3.24566666
67284,LOVES TRAVEL STOP #390,"I-80, EXIT 179",North Platte,NE,41.132595,-100.774631,3.45566666
67285,CASEY'S #4504,"I-35, EXIT 159 & CR-C47",Dows,IA,42.661026,-93.505801,3.299
67292,LOVES TRAVEL STOP #304,"I-59, EXIT 174",Steele,AL,33.941679,-86.228929,3.989
67293,KWIK TRIP #367,SR-33/CR-A,Fox Lake,WI,43.581507,-88.904081,3.24566666
67294,MAPLEFIELDS,"I-87, EXIT 42/SR-11",Champlain,NY,44.977292,-73.446603,3.799
67296,LOVES TRAVEL STOP #340,"I-15, EXIT 64 & US-93",Las Vegas,NV,36.172082,-115.122366,3.689
67297,BAR-B,I-20 EXIT 370 & FM-919,Gordon                                  ,TX,32.547828,-98.363211,2.93233333
67298,SPEEDWAY #5360,US-42,London,OH,39.900074,-83.443899,3.099
67302,KUM & GO #0187,"I-90, EXIT 87",Sherburn,MN,43.661089,-94.726877,3.18733333
67303,KUM & GO #0615,"I-29, EXIT 15",Elk Point,SD,42.738219,-96.686954,3.07233333
67304,JACKRABBIT JUNCTION,"SR-60, EXIT 51 & CR-A22",Sibley                                  ,IA,43.406929,-95.7424,3.26566666
67305,RELAY STATION,"I-20, EXIT 3",Bethany,LA,32.366179,-94.003394,3.12233333
67306,150 QUICK STOP,US-150/SR-605,Bardstown,KY,37.80835,-85.461343,3.17233333
67307,CMS FUELING CENTER,I-69 EXIT 153 AT MILE 153,Lapeer                                  ,MI,43.057879,-83.333153,3.899
67308,FUEL STAR,SR-48,New Orleans,LA,29.963071,-90.160953,3.279
67311,HOLIDAY STATIONSTORE #2746409,US-53 & CR-13,Duluth,MN,47.094431,-91.846731,3.499
67312,RHODES 101 STOP #790,"I-55, EXIT 91",Scott City                              ,MO,37.20771,-89.518081,3.424
67313,Majors 660 Diboll Truck Plaza,US-59,Diboll                                  ,TX,31.195028,-94.772911,2.83233333
67316,LOVES TRAVEL STOP #302,US-287 & US-412,Boise City,OK,36.728328,-102.535519,3.40233333
67321,LOVES TRAVEL STOP #388,"I-55, EXIT 246 & SR-35",Batesville,MS,34.331651,-89.91418,3.46066666
67322,LOVES TRAVEL STOP #398,"US-78, EXIT 81 & SR-178",Tupelo,MS,34.253834,-88.720853,3.88233333
67323,PUMP & PANTRY #13,US-281/SR-92,Saint Paul,NE,41.224212,-98.443987,3.30733333
67329,LOVES TRAVEL STOP #387,"I-85, EXIT 4",Fair Play,SC,34.577548,-82.999874,3.21233333
67331,LOVES TRAVEL STOP #227,"I-20 /I-59, EXIT 100 & SR-216",Mc Calla,AL,33.284546,-87.102379,3.159
67333,PILOT #880,"I-84, EXIT 1",Montague,NJ,41.302259,-74.753956,3.999
67334,KWIK TRIP #338,US-51,Plover,WI,44.450673,-89.542805,3.299
67335,TOP STOP MARKET,"I-24, EXIT 111",Manchester,TN,35.481667,-86.088611,3.01566666
67336,LOVES TRAVEL STOPS #342,"I-37, EXIT 72 & US-281",Three Rivers,TX,28.475646,-98.178162,3.089
67336,LOVES TRAVEL STOP #342,"I-37, EXIT 72 & US-281",Three Rivers,TX,28.475646,-98.178162,3.169
67337,KWIK TRIP #422,"I-94, EXIT 322",Oak Creek,WI,42.88916,-87.902661,3.744
67338,HUTCH'S #114,US-81,Enid,OK,36.402842,-97.862257,2.999
67340,MCCLURE,I-74 EXIT  34,Crawfordsville                          ,IN,40.032524,-86.907424,3.61566666
67341,CASEYS #3898,"US-151, EXIT 49 & CR-E34",Anamosa,IA,42.107763,-91.285115,3.359
67342,One9 #1414,"I-81, EXIT 128",Elliston,VA,37.212651,-80.249658,3.24233333
67343,EAGLE EXPRESS,US-41,Peshtigo,WI,45.045778,-87.729795,3.399
67344,DODGE CITY SHELL,"I-65, EXIT 299",Hanceville,AL,34.051569,-86.784844,3.95233333
67345,STEELE SERVICE STATION,"I-59, EXIT 174",Steele,AL,33.941679,-86.228929,3.889
67348,LOVES TRAVEL STOP #389,I-90 EXIT 241,Conneaut,OH,41.934479,-80.580257,3.849
67350,DE PERE SUPER STORE,US-41,De Pere,WI,44.438779,-88.080613,3.25566666
67356,PRIDE CONVENIENCE STORE,"I-91, EXIT 8 & US-20",Springfield,MA,42.106,-72.5977,3.559
67357,LOVES TRAVEL STOP #353,"I-29, EXIT 62",Fargo,ND,46.900878,-96.793577,3.52566666
67358,KWIK TRIP #453,SR-35/SR-65,River Falls,WI,44.85501,-92.631275,3.44733333
67359,SAGE HILL TRAVEL CENTER,"I-15, EXIT 89 & US-91",Blackfoot                               ,ID,43.194327,-112.361545,3.569
67360,BP,"I-95/SR-405, EXIT 49 & SR-251",Darien                                  ,GA,31.382574,-81.431175,3.539
67361,SUMNER TRUCK STOP,SR-167,Sumner,WA,47.203333,-122.239167,4.299
67362,TA Glenrio,"I-40, Exit 369 & SR-392",San Jon,NM,35.119848,-103.284599,3.899
67364,KWIK TRIP #373,"I-94, EXIT 295",Waukesha,WI,42.999304,-88.219559,3.45733333
67365,KWIK TRIP #491,US-151,Manitowoc,WI,44.097122,-87.682303,3.38233333
67366,KWIK TRIP #499,"I-43, EXIT 57",New Berlin,WI,42.97397,-88.155274,3.49066666
67367,KWIK TRIP #757,US-14/US-61/SR-27,Viroqua,WI,43.54419,-90.893865,3.359
67368,KWIK TRIP #653,"I-39, EXIT 87 & US-51/SR-16",Portage,WI,43.550145,-89.47139,3.274
67369,KENOSHA TRAVEL PLAZA,"I-94, EXIT 340/US-41 & SR-142",Kenosha,WI,42.605228,-87.829945,3.719
67370,CIRCLE M #43,US-441/US-23/SR-15,Rabun Gap                               ,GA,34.957552,-83.390122,3.549
67371,PARAMOUNT TRAVEL PLAZA,"I-30, EXIT 46 & SR-19",Prescott,AR,33.804029,-93.372544,3.379
67380,MILLERS TRAVEL CENTER,"I-80, EXIT 1",Wendover,UT,40.597396,-113.993573,3.599
67381,ENMARKET #875,US-78 & US-21,Branchville,SC,33.262802,-80.805931,3.26566666
67382,CORNER PANTRY TRAVEL PLAZA,SR-79 & SR-40,Hermosa,SD,43.818845,-103.20596,3.299
67383,FRIENDSHIP FOOD MART #96,SR-101/SR- 2,Sandusky,OH,41.434878,-82.70633,3.529
67391,SHOEMAKERS SHELL TRAVEL CENTER,I-80 EXIT 395 AT MILE 395,Lincoln,NE,40.8169,-96.7103,3.349
67393,LOVES TRAVEL STOP #280,"I-10, EXIT 114",Buckeye,AZ,33.38896,-112.607728,3.569
67394,Circle K #2745133,US-23 & SR-38,Waycross,GA,31.219686,-82.364512,3.399
67395,KUM & GO #0267,"I-80, EXIT 267 & SR 38",Tipton,IA,41.756276,-91.136163,2.98233333
67396,Q C MART,US-61 & CR-E63,Welton,IA,41.907472,-90.606785,3.699
67397,EXPRESS LANE #51,I-80 EXIT 93 ROUTE 71,Ottawa                                  ,IL,41.352619,-88.841589,3.899
67397,EXPRESS LANE #51,I-80 EXIT 93 ROUTE 71,Ottawa                                  ,IL,41.352619,-88.841589,3.599
67398,CASEYS #3998,SR-13 & HWY-C,Lowry City                              ,MO,38.140443,-93.711352,3.249
67400,SPEEDWAY #3547,I-75 & 696,Lima,OH,40.764066,-84.097296,3.499
67401,QUIKTRIP #973,"I-45, EXIT 272",Hutchins,TX,32.639586,-96.707021,2.88233333
67402,TA EXPRESS HOT SPRINGS,US-395/US-18 & SR-79,Hot Springs,SD,43.422308,-103.476555,3.299
67404,Meskwaki Travel Plaza,HIGHWAY 30 E,Tama,IA,41.961642,-92.580049,3.234
67405,ANTELOPE TRUCK STOP,"I-80, EXIT 386",Burns                                   ,WY,41.200297,-104.315521,3.199
67406,GETGO #3701,"I-99, EXIT 23",East Freedom                            ,PA,40.328197,-78.447519,4.099
67408,STOCKTON TRAVEL CENTER,US-20/SR-78,Stockton                                ,IL,42.349224,-90.020185,3.599
67409,XTRA MART #7025,SR-146,Sutton,MA,42.140586,-71.748416,3.649
67410,STRIPES #40532,US-83 & US-277,Carrizo Springs,TX,28.52779,-99.863513,3.349
67411,LOVES TRAVEL STOP #226,"I-25, EXIT 104",Pueblo,CO,38.287876,-104.584828,3.619
67414,PILOT TRAVEL CENTERS #590,"I-94, EXIT 100",Alexandria,MN,45.881747,-95.381994,3.46566666
67416,CASEYS #4025,US-61/SR-92,Muscatine                               ,IA,41.430378,-91.050928,3.299
67417,QUIKTRIP #444,"I-10 EXIT, 139",Phoenix,AZ,33.451,-112.0685,3.369
67418,KUM & GO #0080,"US-218/SR-27, EXIT 80 & SR-22",Riverside,IA,41.475792,-91.57414,3.09733333
67419,LOVES TRAVEL STOP #359,"I-75, EXIT 283",Cartersville,GA,34.186975,-84.820401,3.55566666
67420,LOVES TRAVEL STOP #369,I-40 EXIT 163 & SR-48,Dickson,TN,36.076014,-87.399532,3.17566666
67421,LOVES TRAVEL STOP #375,US-79/SR-6 & FM-485,Hearne,TX,30.86686,-96.584256,3.489
67422,KUM & GO #0137,"I-80, EXIT 237",Tiffin,IA,41.705833,-91.662778,3.099
67423,FIRELAKE GRAND TRAVEL PLAZA,"I-40, EXIT 178 & SR-102",Shawnee,OK,35.34907,-96.931321,2.899
67424,FLORIDA 595 TRUCK STOP,"I-595/SR-84, EXIT 9 & US-441",Fort Lauderdale,FL,26.121561,-80.128778,3.769
67425,LITTLEFIELD EXPRESS #15,"US-67, EXIT 55 & SR-258",Bald Knob,AR,35.311331,-91.550197,3.309
67426,Spearville Truck Stop,"I-56, 126 RD",Spearville                              ,KS,37.823473,-99.737041,3.46566666
67427,CASEYS #2907,I-57 & I-62,Charleston,MO,36.921341,-89.334207,3.044
67428,CONOCO,"I-95, EXIT 12",Carteret                                ,NJ,40.582278,-74.231345,3.499
67429,7-ELEVEN #40396,"NJTP, EXIT 8A",Monroe Township,NJ,40.342475,-74.433568,3.559
67431,SPARKYS ONE STOP #32,I-30 & CR 33,Carroll,IA,42.071972,-94.866664,3.23233333
67432,PILOT TRAVEL CENTERS #471,US-27 & US-17,Haines City,FL,28.095073,-81.614712,3.559
67432,PILOT TRAVEL CENTER #471,US-27 & US-17,Haines City,FL,28.095073,-81.614712,3.569
67434,SHELL FOOD MART,"I-35, EXIT 54",Cameron,MO,39.730892,-94.243723,2.99066666
67435,7 ELEVEN #40122,I-95 MM2,Newark,DE,39.634869,-75.699339,3.459
67436,7-ELEVEN #40069,"I-81, EXIT 29",Shippensburg,PA,40.051359,-77.519477,3.42233333
67437,CANDIA FIRST STOP,"SR-101, EXIT 3",Candia                                  ,NH,43.058514,-71.304857,3.899
67438,LOVES TRAVEL STOP #363,"I-75, EXIT 358 & SR-326",Ocala,FL,29.1981,-82.0974,3.353
67438,LOVES TRAVEL STOPS #363,"I-75, EXIT 358 & SR-326",Ocala,FL,29.1981,-82.0974,3.329
67439,LOVES TRAVEL STOPS #380,US-287/SR-114,Rhome,TX,33.054045,-97.481688,3.089
67439,LOVES TRAVEL STOP #380,US-287/SR-114,Rhome,TX,33.054045,-97.481688,3.161
67440,PILOT TRAVEL CENTERS #503,"I-79, EXIT 146 & CR-77",Morgantown,WV,39.6368,-80.018,4.059
67442,PILOT #4598,I-75 EXIT 56,Niota,TN,35.581924,-84.57215,3.599
67443,PILOT #4599,"I-24, EXIT 135",Monteagle,TN,35.240172,-85.822795,3.33566666
67612,FLYING J TRAVEL PLAZA #914- TOWN PUMP,"I-90, EXIT 96 & US-93/SR-200",Missoula,MT,46.856274,-114.025207,3.609
67613,KWIK STAR #490,"US-20, EXIT 225 & SR-27/SR-58",Cedar Falls,IA,42.524071,-92.449725,3.524
67614,KWIK TRIP #622,US-14 & CR-5,Byron,MN,44.037333,-92.630753,3.574
67615,KWIK TRIP #844,US-63,Lake City,MN,44.430493,-92.283778,3.549
67616,KWIK TRIP #887,"US-41, EXIT 139 & SR-15",Appleton,WI,44.277325,-88.397649,3.30233333
67617,Twice Daily Convenience Store #8046,"I-24, EXIT 31 & SR-249",Joelton,TN,36.328974,-86.916306,3.349
67618,7-ELEVEN #40441,I-80 MM 21E,West Unity,OH,41.575645,-84.442066,3.66233333
67619,7-ELEVEN #40442,"I-80, MM 21W",West Unity,OH,41.575645,-84.442066,3.66233333
67620,LOVES TRAVEL STOP #452,"I-35, EXIT 70",Pauls Valley,OK,34.738506,-97.219501,3.649
67621,FLYING J TRAVEL PLAZA #925- TOWN PUMP,"I-15, EXIT 277",Great Falls,MT,47.509812,-111.273397,3.63566666
67622,LOVES TRAVEL STOP #454,"I-5/US-12, EXIT 72",Chehalis,WA,46.638193,-122.965764,4.589
67623,LOVES TRAVEL STOP #301,"I-90, EXIT 2",Post Falls,ID,47.720475,-116.935349,3.74566666
67624,LOVES TRAVEL STOP #300,I-70 EXIT 304,Bennett,CO,39.725398,-104.427284,3.32566666
67625,LOVES TRAVEL STOP #453,"I-10, EXIT 130 & US-231",Cottondale,FL,30.800359,-85.384672,3.553
67625,LOVES TRAVEL STOPS #453,"I-10, EXIT 130 & US-231",Cottondale,FL,30.800359,-85.384672,3.589
67626,KWIK TRIP #316,SR-15 N/SR-22 E,Hutchinson,MN,44.894554,-94.384691,3.279
67627,PILOT #4556,"I-75, EXIT 329",Wildwood,FL,28.845353,-82.03473,3.22566666
67627,PILOT TRAVEL CENTER #4556,"I-75, EXIT 329",Wildwood,FL,28.845353,-82.03473,3.319
67628,LOVES TRAVEL STOP #394,"I-65,EXIT 230",Demotte,IN,41.171319,-87.249129,3.51233333
67629,KWIK TRIP #681,"I-94, EXIT 205",Saint Michael,MN,45.206409,-93.659253,3.29733333
67630,KWIK TRIP #630,US-151/SR-32/SR-57,Chilton,WI,44.024242,-88.182689,3.36566666
67634,54 TRUCK STOP,US-54,Mullinville                             ,KS,37.571608,-99.46388,3.46566666
67635,LOVES TRAVEL STOP #456,I-280 EXIT 1B,Perrysburg,OH,41.542926,-83.592727,3.76066666
67636,LOVES TRAVEL STOPS #258,"I-35, EXIT 183",Ottawa,KS,38.614247,-95.274519,3.239
67636,LOVES TRAVEL STOP #258,"I-35, EXIT 183",Ottawa,KS,38.614247,-95.274519,3.263
67637,Power Gas & Truck Stop,US-1/US-9/US-46 & SR-5,Palisades Park                          ,NJ,40.846238,-73.995436,3.219
67641,DANIEL BOONE TRAVEL CENTER,US-23 /US-421/US-58 & SR-871,Duffield,VA,36.704402,-82.80651,3.55733333
67642,GO MART FOOD STORE #103,SR-16 & CR 50/39,Ellenboro                               ,WV,39.282364,-81.060382,3.699
67643,QUALITY MART #62,I-77 EXIT 82,Jonesville,NC,36.228571,-80.787029,2.859
67644,PARKERS #31 (DISCOUNT AVAILABLE),US-80/SR-26 & US-280,Ellabell,GA,32.127304,-81.498302,3.03233333
67645,CIRCLE K #2721416,US-441 & SR-20,Gainesville,FL,29.645029,-82.310046,3.899
67647,BUCHS TRUCK STOP,SR-7,Steubenville                            ,OH,40.370638,-80.66115,3.69233333
67650,VIRGINIA FAST STOP,SR-78 & SR-125,Virginia,IL,39.945475,-90.212681,3.759
67651,SIMMONS,US-60/SR-21,Ellsinore,MO,36.945263,-90.74853,3.424
67652,ON THE GO TRAVEL CENTER,"I-435, EXIT 8",Kansas City,KS,39.115733,-94.627139,3.999
67655,CIRCLE K #2706627,"I-10, EXIT 261",Slidell,LA,30.278411,-89.771192,3.189
67656,KWIK TRIP #888,US-10/US-49 & SR-54,Waupaca,WI,44.348101,-89.110143,3.45733333
67657,KWIK TRIP #463,US-52/SR-60,Zumbrota,MN,44.303179,-92.671863,3.524
67658,MIRABITO #41,I-81 EXIT 13,Tully                                   ,NY,42.806977,-76.13936,4.299
67664,CEFCO #16,SR-171,Godley,TX,32.428174,-97.534865,2.98233333
67665,ALL STAR,US-75 N,Sabetha                                 ,KS,39.89929,-95.811271,3.499
67666,5 STAR TRUCK STOP,"I-44, EXIT 137",Oklahoma City,OK,35.3337,-97.4922,2.879
67668,ADVENTURE TRUCK PLAZA,SR-3185 & SR-3107,Thibodaux,LA,29.799213,-90.809605,3.399
67669,ONE9 #1271,SR-86,Thermal,CA,33.543418,-116.11584,4.299
67669,CHEVRON DBA ONE9 #1271,SR-86,Thermal,CA,33.543418,-116.11584,4.259
67676,VALERO,"I-530/US-65, EXIT 34 & SR-365",White Hall,AR,34.257001,-92.089718,3.16566666
67677,BIGGAS TRUCK STOP,US-190/SR-6 & FM-2818,Bryan,TX,30.632698,-96.36616,3.199
67678,7-ELEVEN #40301,I-90/I-80,Genoa,OH,41.530005,-83.358984,3.66233333
67682,CASEYS #2739,1323 E MAIN ST,Beloit,KS,39.45446,-98.111714,3.359
67683,CASEYS #2734,"I-80, EXIT 222",Cozad,NE,40.861934,-99.992091,3.03233333
67684,CASEYS #2490,"I-35, EXIT 124 & US-69",Story City,IA,42.183487,-93.598811,3.06233333
67685,CASEYS #2792,"I-380/US-218, EXIT 13",Cedar Rapids,IA,41.9743,-91.655382,3.499
67686,CASEYS #2956,"I-315/US-81, EXIT 40",Hesston,KS,38.135951,-97.449458,3.199
67690,CEFCO #64,ST RT 14,Mexia,TX,31.678386,-96.495186,3.099
67695,MOREHEAD TRUCKSTOP,"I-64, EXIT 133 & SR- 801",Morehead,KY,38.199047,-83.443645,3.599
67697,FLORENCE TRAVEL PLAZA,"I-95, EXIT 150",Timmonsville                            ,SC,34.101241,-79.937845,3.999
67698,FRONTIER TRAVEL CENTER,US-12 & US-85,Bowman,ND,46.173316,-103.401965,3.53233333
67699,GAP FARMS TRAVEL CENTER,"I-20, EXIT 69 & SR-151",Arcadia                                 ,LA,32.555643,-92.924529,3.249
67701,MARATHON,"I-94, EXIT 331",Casselton,ND,46.899195,-97.213821,3.31566666
67702,SPEEDWAY #6539,US-41/SR-45 & SR-52,Land O Lakes,FL,28.2682,-82.465,3.49566666
67703,SPEEDWAY #6880,CR-611,Clearwater,FL,27.9799,-82.7806,3.37733333
67705,CITGO,US-1,North Brunswick,NJ,40.453767,-74.482285,3.18566666
67706,SPEEDWAY #3495,US-1/9,Elizabeth,NJ,40.67169,-74.204335,3.599
67707,SPEEDWAY #3503,"I-95, EXIT 13 & I-278/US-1/US-9",Linden,NJ,40.635366,-74.255567,3.429
67711,HOUMA COTEAU TRAVEL PLAZA,I-90/SR-20,Houma                                   ,LA,29.59433,-90.754808,3.06233333
67712,CASEYS #3810,"I-29, EXIT 132 & US-14",Volga,SD,44.322354,-96.925148,3.279
67715,HUTCH'S #109,"I-40, EXIT 38",Elk City                                ,OK,35.410359,-99.421086,2.969
67716,HWY 19 SCALE,"SR-19/I-35, EXIT 66",Gaylord                                 ,MN,44.546298,-94.195543,3.46566666
67718,SUNSTOP #622,SR-52 & SR-167,Hartford,AL,31.08598,-85.719204,3.599
67720,REFUEL #1046,"I-20, EXIT 116 & US-15",Bishopville,SC,34.224101,-80.274988,3.309
67721,J AND D COUNTRYSIDE MARTHON,SR-76 & SR-173,Poplar Grove                            ,IL,42.359365,-88.842774,3.499
67723,JET FOOD STORE #80,US-221/SR-135 & SR-206,Douglas                                 ,GA,31.497287,-82.846468,3.45733333
67724,LOVES TRAVEL STOP #458,"I-44, EXIT 88",Strafford,MO,37.279718,-93.10663,3.37233333
67726,SPEEDWAY #7909,"US-264, EXIT 73",Greenville,NC,35.6594,-77.3974,3.13233333
67727,SPEEDWAY #7907,US-264 & SR-33,Greenville,NC,35.6594,-77.3974,2.944
67728,SPEEDWAY #7905,SR-43 & SR-118,Vanceboro,NC,35.306255,-77.171618,3.37566666
67729,SPEEDWAY #6981,US-301 BYP,Rocky Mount,NC,35.94265,-77.760816,3.43233333
67732,Quik Pik,US-275 & SR-9,West Point,NE,41.84503,-96.731763,3.21566666
67734,TROTTER TRUCK PLAZA,ST 11,Ord,NE,41.596187,-98.941783,3.299
67735,Fast Fuel,US-81/SR-3,Kingfisher,OK,35.863613,-97.947293,3.19066666
67736,SPEEDWAY #9855,I-10 EXIT 49,Fabens,TX,31.502222,-106.158056,3.23566666
67738,SUPER JACK TRUCK STOP,US-84,Brookhaven,MS,31.58581,-90.451995,3.11566666
67739,STRIPES #40819,SR-359,Orange Grove,TX,27.948659,-97.983835,3.06566666
67742,STRIPES 7FLEET #42514,"I-20, EXIT 138",Midland,TX,31.989636,-102.06261,3.459
67743,STRIPES 7FLEET #42506,US-380 & US-277,Haskell,TX,33.157993,-99.730923,3.539
67744,STRIPES #40715,SR-107,La Villa,TX,26.298333,-97.928333,3.169
67745,STRIPES #40628,"I-2, EXIT 134 & US-83",Mission,TX,26.24153,-98.342647,3.259
67746,STRIPES #40598,I-2/US-83,Mission,TX,26.24153,-98.342647,2.869
67747,STRIPES 7FLEET #42424,US-87/US-190,Brady,TX,31.128304,-99.3372,3.599
67748,STRIPES 7FLEET #42428,"I-20 EXIT, 115",Odessa,TX,31.8465,-102.3663,3.069
67749,STRIPES 7FLEET #42436,I-20 EXIT 134,Midland,TX,31.989636,-102.06261,3.06566666
67750,STRIPES #40729,FM-511 & FM-802,Brownsville,TX,25.933743,-97.517413,2.999
67753,STRIPES #40892,SR-359 & SR-16,Hebbronville,TX,27.2997,-98.682888,3.28566666
67754,Refuel #185,US-220,Stokesdale,NC,36.255217,-79.970528,3.699
67755,BLUE WATER #12,"I-526, EXIT 23",Charleston,SC,32.962223,-79.86533,3.23233333
67757,KEITH'S SUPERSTORE,"I-59, I-20, EXIT 160",Meridian,MS,32.357441,-88.655973,3.049
67758,CLARKS PUMP N SHOP #47,SR-10/SR-9,Vanceburg,KY,38.551511,-83.355448,3.599
67762,CEFCO #2008,US-83/US-62 & US-287,Childress,TX,34.428124,-100.21017,2.91566666
67763,SHELL,US-72,Mount Pleasant,MS,34.9364,-89.5321,3.399
67764,NINNEKAH TRUCK STOP,US-277/US-81 & SR-19,Ninnekah,OK,34.91435,-97.933277,3.229
67766,STOP IN Food Store #8143,US-221/US-460 & SR-607,Montvale,VA,37.40696,-79.717462,3.36566666
67768,SHELL,US-60 & SR-657,Lewisport,KY,37.909016,-86.895712,3.499
67771,DUCK THRU FOOD STORE #26,"I-95, EXIT 154 & SR-308 & SR-11/SR-42",Lewiston Woodville                      ,NC,36.134416,-77.206631,3.399
67772,STEVES SHELL,"I-55, EXIT 42",Brookhaven                              ,MS,31.58581,-90.451995,3.199
67774,7-ELEVEN #39329,I-278/US-1,Linden,NJ,40.635366,-74.255567,3.37566666
67777,CIRCLE K #2721270,"I-95, EXIT 358B, SR-105",Jacksonville,FL,30.3163,-81.4175,3.34233333
67779,REATA PETROLEUM,I-76 & BARLOW RD,Fort Morgan                             ,CO,40.254084,-103.803119,3.439
67782,SAMS MART #45,"I-40, EXIT 24 & SR-209",Waynesville,NC,35.488611,-82.988889,3.599
67783,RUTTERS #4,US-30 & SR-1016/2011,Wrightsville                            ,PA,39.996559,-76.526971,3.989
67784,HAVANA CONVENIENCE,US-136,Havana                                  ,IL,40.295995,-90.04952,3.799
67787,PWI #109,"I-20, EXIT 126",Midland,TX,31.989636,-102.06261,2.999
67789,BEAR RIVER VALLEY CO OP,SR-13/SR-83,Corinne                                 ,UT,41.544986,-112.151388,3.419
67791,KINGSPORT TRUCK STOP,"I-81, EXIT 63",Kingsport,TN,36.552766,-82.554034,3.899
67792,CUBBYS #113,US-20/US-275,Oneill                                  ,NE,42.485733,-98.645565,3.22566666
67793,PILOT TRAVEL CENTER #131,"I-35, EXIT 34",Osceola                                 ,IA,41.029503,-93.771236,3.459
67793,PILOT TRAVEL CENTERS #131,"I-35, EXIT 34",Osceola                                 ,IA,41.029503,-93.771236,3.439
67794,ROAD RANGER #181,"I-55, EXIT 90",Springfield,IL,39.80004,-89.649531,3.299
67794,ROAD RANGER #181,"I-55, EXIT 90",Springfield,IL,39.80004,-89.649531,3.399
67794,ROAD RANGER #181,"I-55, EXIT 90",Springfield,IL,39.80004,-89.649531,3.409
67795,ROAD RANGER #263,"I-80, EXIT 93",Ottawa,IL,41.352619,-88.841589,3.219
67795,ROAD RANGER #263,"I-80, EXIT 93",Ottawa,IL,41.352619,-88.841589,3.239
67795,ROAD RANGER #263,"I-80, EXIT 93",Ottawa,IL,41.352619,-88.841589,3.399
67795,ROAD RANGER #263,"I-80, EXIT 93",Ottawa,IL,41.352619,-88.841589,3.339
67797,CHEVRON,US-71 & SR-179,Coushatta                               ,LA,32.050099,-93.315644,3.15566666
67798,SUNSTOP #631,SR-231/SR-53 & SR-123,Ozark,AL,31.439069,-85.643629,3.599
67801,SUNOCO,"I-275, EXIT 42/SR-747",Cincinnati                              ,OH,39.091293,-84.277383,3.099
67804,SUNSTOP #616,US-84/SR-134 & CR-1,Daleville,AL,31.281091,-85.730473,3.399
67806,84 QUICK STOP,I-84,Brookhaven                              ,MS,31.58581,-90.451995,3.149
67811,QUICK FUEL #5301,SR-360,Grand Prairie,TX,32.76488,-97.01121,3.024
67813,LEROY TRUCK PLAZA,"I-74, EXIT 149",Le Roy,IL,40.346781,-88.759813,3.479
67815,LOVES TRAVEL STOP #254,"I-70, EXIT 59 & SR-39",Mooresville,IN,39.591469,-86.364173,3.929
67818,LOVES TRAVEL STOP #457,"I-30/US-67/US-70, EXIT 128",Little Rock,AR,34.748342,-92.281939,3.24233333
67819,BREW #31,US-71/US-18,Spencer,IA,43.145107,-95.14569,3.46566666
67820,CIRCLE K #2723487,US-17 & SR-211,Supply,NC,33.962504,-78.296089,3.289
67821,FAS MART #5261,SR-9 & SR-57,Tollesboro,KY,38.572332,-83.560458,3.35233333
67822,SPINX #178 (DISCOUNT AVAILABLE),"I-385, EXIT 42 & I-85, EXIT 51B & US-25",Travelers Rest,SC,35.003929,-82.427179,3.19233333
67823,FLASH MARKET #17032,"I-555/US-63, EXIT 29 & SR-69",Trumann,AR,35.668914,-90.518738,3.40733333
67824,CIRCLE K #2723641,US-231/SR-87/SR-10/SR-53 & CR-21,Troy,AL,31.7567,-85.9993,3.799
67826,VALLEN MART,US-14,Volga,SD,44.322354,-96.925148,3.319
67827,GAS N GO,US-280/SR-27 & SR-520,Richland                                ,GA,32.084578,-84.666724,3.199
67829,KWIK TRIP #721,SR-19 & SR-73,Marshall,WI,43.163639,-89.075331,3.49733333
67832,Sprint Mart #45,US-278/US-45,Tupelo,MS,34.253834,-88.720853,3.189
67833,PETES #05,US-59 & US-400,Parsons,KS,37.338888,-95.269288,3.299
67835,CIRCLE K #2723782,"I-40, EXIT 38 & US-421",Greensboro,NC,36.0726,-79.792,3.08233333
67837,PILOT TRAVEL CENTER #1054,US-183 & SR-21,Buda,TX,30.091758,-97.853422,3.41566666
67839,EL TIGRE FOOD STORE #13,SR-336,Hidalgo                                 ,TX,26.102832,-98.253641,3.21566666
67841,CIRCLE K #2723844,US-15/US-501/US-1,Sanford,NC,35.464148,-79.176446,3.049
67842,CIRCLE K #4707627,"I-81, EXIT 48",Watertown,NY,43.974258,-75.912212,4.099
67844,UNCLE WILLIES #1288,US-13,Felton,DE,39.022538,-75.582906,3.219
67846,CEDAR RIVER PLAZA,SR-35,Stephenson,MI,45.416594,-87.62579,3.419
67847,E Z PICKENS,"US-20, EXIT 275 & SR-13",Manchester,IA,42.483418,-91.449001,3.579
67848,JEMISON EXXON,"I-65, EXIT 219 & CR-42",Jemison,AL,32.980539,-86.718052,3.299
67849,KUM & GO #0379,US-412/ US-63 & SR-25,Black Rock,AR,36.114874,-91.117629,3.199
67850,SMILEYS FUEL CITY,"I-64/I-81, EXIT 205 & SR-206",Raphine,VA,37.937353,-79.221903,3.539
67854,CircleK #2709341,US-411,Chatsworth,GA,34.758929,-84.794293,3.499
67855,FAS MART #5262,"I-64, EXIT 94 & SR-1958/SR-2888",Winchester,KY,37.987161,-84.178894,2.90733333
67859,PILOT #1135,US-281,Falfurrias,TX,27.22416,-98.140844,3.459
67860,SHELL,"I-55, EXIT 227 & SR-32",Oakland,MS,34.075552,-89.887748,2.999
67861,CASEYS #4308,US-34,Chariton                                ,IA,41.022638,-93.30419,3.539
67862,SUNOCO TRUCK STOP,"I-70, EXIT 123 & SR-3",Spiceland,IN,39.827078,-85.445043,3.399
67865,PILOT TRAVEL CENTER #897,"I-95, EXIT 12B, INTERSECTION OF SR-826 & 817",Opa Locka,FL,25.909662,-80.247004,3.699
67865,PILOT TRAVEL CENTERS #897,"I-95, EXIT 12B, INTERSECTION OF SR-826 & 817",Opa Locka,FL,25.909662,-80.247004,3.699
67866,QUICK DRAW TRAVEL PLAZA,"I-20, EXIT 49 & SR-531",Minden                                  ,LA,32.632281,-93.288587,3.01233333
67868,CHEVRON,SR-19,Huntsville                              ,TX,30.7947,-95.5337,2.979
67871,BASIN MARKET #107,US-40,Vernal,UT,40.440613,-109.546883,3.599
67872,SMOKIES,US-45,Okolona                                 ,MS,33.989015,-88.759843,3.099
67874,RUTTERS #56,"I-83, EXIT 39A & SR-114",New Cumberland                          ,PA,40.215105,-76.868909,3.899
67875,EXXON TIGER MART,"US-67/US-167, EXIT 28 & US-64",Beebe,AR,35.093743,-91.907449,3.299
67876,KUM & GO #0880,"US-412, EXIT 36",Stillwater,OK,36.104349,-97.060868,2.954
67877,CIRCLE K #4703701,I-24 EXIT 70,Smyrna,TN,35.965611,-86.504818,3.03233333
67879,Strike,US-287/96/69 & SR-347,Beaumont,TX,30.068805,-94.103896,3.499
67883,CASH MAGIC HOLLYWOOD,US-90,Berwick,LA,29.698786,-91.205662,3.399
67884,ROADRUNNER FUELS,US-550/SR-544,Aztec,NM,36.820499,-108.010982,3.77566666
67886,MAVERIK #5200,"I-70 BUSINESS, EXIT 25, CR-24",De Beque,CO,39.311764,-108.230405,3.44233333
67887,AIRLINE CHEVRON,US-61,Kenner                                  ,LA,29.991203,-90.247901,3.099
67890,KUM & GO #0449,US-60/US-71,Neosho,MO,36.870634,-94.386218,3.05566666
67892,TURRELL FUEL STOP,"I-55, EXIT 21",Turrell                                 ,AR,35.296936,-90.262979,3.46566666
67894,CIRCLE K #2705098,US-27 & SR-44,Leesburg,FL,28.807965,-81.885772,3.57233333
67897,KENT KWIK #273,SR-302 & SR-18,Kermit,TX,31.85496,-103.091269,3.039
67900,SPRINT FOODS #725,"I-520, EXIT 16/SR-28",Beech Island                            ,SC,33.427222,-81.891111,3.349
67906,ON THE GO,SR-239,Prescott,KS,38.071802,-94.700841,3.199
67908,CIRCLE K #2744062,"I-25, EXIT 74",Colorado City,CO,37.945278,-104.834722,3.349
67910,G FUEL,US-40 & SR-140,Penns Grove,NJ,39.717938,-75.465623,3.399
67917,STRIPES 7FLEET #42510,"I-10, EXIT 256/US-285",Fort Stockton,TX,30.890785,-102.879942,3.379
67918,DELAWARE TRUCK STOP,"I-80, EXIT 4C/US-46",Delaware,NJ,40.892778,-75.065,3.079
67922,EXXON,"I-20, EXIT 44 & US-371 & US-80/US-79",Minden,LA,32.632281,-93.288587,3.399
67923,MONROE CENTER BP OASIS,"I-39, EXIT 111/US-51 & SR-72",Monroe Center                           ,IL,42.10501,-89.016946,3.599
67924,KUM & GO #0026,"I-90, EXIT 26",Adrian,MN,43.619683,-95.927261,3.19066666
67925,CHEVRON,US-61,Baton Rouge                             ,LA,30.450731,-91.186954,3.899
67927,STONES TRUCK STOP,"I-29, EXIT 77/US-212",Watertown,SD,44.904295,-97.123977,3.38233333
67929,Circle K,SR-574,Plant City,FL,28.0168,-82.1289,3.32566666
67930,CIRCLE K #2721426,US-98/SR-30A & SR-368,Panama City,FL,30.160624,-85.649403,3.29066666
67931,Forks 1&23,US-1/US-23/SR-4 & SR-19,Alma                                    ,GA,31.546525,-82.4633,3.599
67932,SPRINT MART #4144,US-82/US-45/SR-12 & SR-182,Columbus                                ,MS,33.537699,-88.426194,3.01566666
67933,SUNOCO,SR-50 & SR-471,Webster,FL,28.577492,-82.092975,3.33566666
67934,WHISPERING PINES,SR-10,Greensburg                              ,LA,30.864693,-90.725561,3.099
67935,CIRCLE K #2707610,"I-10, EXIT 26",Milton,FL,30.660413,-87.047278,3.23233333
67938,TEXACO,"I-84, EXIT 376",Tremonton,UT,41.701564,-112.181293,3.45566666
67939,DELTA FUEL,"I-80, EXIT 242 & SR-339",Mifflinville,PA,41.023473,-76.292396,3.36566666
67940,MARTIN GENERAL STORE,US-22,Ebensburg                               ,PA,40.480105,-78.726294,3.524
67941,FIESTA MART #21,"I-40, EXIT 278",Warner,OK,35.494546,-95.306434,3.639
67943,LOVES TRAVEL STOP #459,"I-65, EXIT 133 & SR-267",Whitestown,IN,40.00002,-86.350716,3.62233333
67949,7-ELEVEN #36835,"I-85, EXIT 32",Pelzer,SC,34.646063,-82.467334,3.18233333
67952,CIRCLE K #2707682,"I-75, EXIT 164 & US-17/SR-35",Punta Gorda,FL,26.915163,-82.053166,3.399
67957,CITGO,US-27,Hialeah,FL,25.905,-80.3049,3.47233333
67965,DIAMOND #7,"I-65, EXIT 69",Brewton,AL,31.118926,-87.067325,3.399
67968,WHITESBURG BP,US-27/SR-16,Whitesburg                              ,GA,33.511093,-84.925426,3.699
67974,TALL TIMBERS TRUCKSTOP,"I-10, EXIT 23 & SR-108",Sulphur                                 ,LA,30.219001,-93.363911,3.83233333
67976,KWIK TRIP #587,US-141 & SR-22,Lena,WI,44.940494,-88.054308,3.28233333
67977,KUM & GO #4127,"I-29, EXIT 127",Sloan,IA,42.242726,-96.230634,3.109
67994,Pure,US-82/SR-520/SR-135,Willacoochee,GA,31.345481,-83.044931,3.46566666
67997,CIRCLE K #2745137,"I-75/SR-401, EXIT 149 & SR-49",Byron,GA,32.647384,-83.762244,3.199
68002,CO RETAIL VENTURE DB,US-34 & SR-59,Yuma,CO,40.130063,-102.707174,3.449
68005,WESSON,"I-84, EXIT 22, SR-8, EXIT 22",Waterbury,CT,41.558,-73.0519,4.179
68007,Highland oil,US-412,Hardy,AR,36.322746,-91.411027,3.269
68008,FAST LANE #3,US-64 & US-49,Mc Crory,AR,35.247292,-91.179327,3.399
68009,CIRCLE K #2741779,"US-270, EXIT 2",Hot Springs National Park,AR,34.501475,-93.026024,3.369
68012,ROYAL FARMS #120,US-13/CR-16,Greenwood                               ,DE,38.817519,-75.593547,3.259
68016,Chevron #386730,"I-10, EXIT 139",Phoenix                                 ,AZ,33.451,-112.0685,3.299
68017,TEXACO,SR-89,Prescott,AZ,34.629909,-113.022459,3.739
68019,PAC PRIDE CARDLOCK,CR-25/CR-826,Miami,FL,25.779,-80.1982,3.479
68020,EXXON,"I-10, EXIT 335/SR-121",Macclenny,FL,30.273671,-82.132475,3.499
68026,MINIT MART #600627,"I-57, EXIT 312",Kankakee,IL,41.116582,-87.869607,3.449
68029,MAPCO #3502,SR-151,Ringgold,GA,34.92052,-85.154908,3.09233333
68030,FIVE STAR EXPRESS,"I-520/SR-415, EXIT 16 & SR-28",Augusta,GA,33.511692,-82.099505,3.499
68031,ORCHARD STOP BP,US-30,Montgomery                              ,IL,41.717742,-88.331965,3.649
68031,ORCHARD STOP BP,US-30,Montgomery                              ,IL,41.717742,-88.331965,3.549
68033,CIRCLE K #2703175,"I-520/SR-415, EXIT 9 & SR-56",Augusta,GA,33.511692,-82.099505,3.28233333
68036,MOBIL,"I-95, EXIT 60",Salisbury,MA,42.850678,-70.858822,3.599
68040,MISHAWAKA ROAD FLEET SITE,SR-19 & CR-20,Elkhart                                 ,IN,41.710083,-85.972949,3.689
68043,CARROLL MOTOR FUELS,US-40,Middle River,MD,39.340098,-76.415255,3.139
68048,CASEYS #3961,SR-3 & SR-143,Marcus,IA,42.819959,-95.803431,3.299
68052,CUBBYS #302,SR-39 & SR-175,Odebolt,IA,42.309514,-95.25005,3.31566666
68053,KJ TRAVEL CENTER,"US-20, EXIT 310",Idaho Falls,ID,43.517679,-111.990626,3.40733333
68055,Gallops,US-20,Michigan City,IN,41.698031,-86.869899,3.399
68062,FARMERS UNION OIL,US-83,Wilton                                  ,ND,47.170853,-100.794385,3.899
68065,Caseys #4450,US-160,Ulysses                                 ,KS,37.579174,-101.348846,3.399
68067,PUMP & PANTRY #2,US-30 & US-281,Grand Island,NE,40.921858,-98.341062,3.30733333
68068,ELGIN ONE STOP,SR-14 & SR-70,Elgin,NE,41.973239,-98.075082,3.13733333
68070,PAULS TRUCK STOP,US-171,Leesville                               ,LA,31.144292,-93.223957,3.449
68072,FAMILY FARE #834 (DISCOUNT AVAILABLE),"US-131, EXIT 175",Byron Center,MI,42.801614,-85.713602,3.739
68073,BIG BATS 2,US-20,Chadron,NE,42.819268,-102.995331,3.699
68076,JENNINGS TRUCKSTOP,"I-10, EXIT 65",Jennings,LA,30.22011,-92.657405,2.999
68079,NORTH FORK TRUCK STOP,US-12/CR-103,White Pigeon,MI,41.792891,-85.67501,3.559
68079,NORTH FORK TRUCK STOP,US-12/CR-103,White Pigeon,MI,41.792891,-85.67501,3.599
68080,SAMMYS TRUCK AUTO PLAZA,"I-49, EXIT 53",Bunkie                                  ,LA,30.949284,-92.182582,3.399
68081,SHELL,SR-308 & SR-654,Mathews                                 ,LA,29.681982,-90.494914,3.459
68091,ALLTOWN MARKETS,"SR-101, EXIT 2",Auburn,NH,42.992529,-71.344892,3.799
68093,MARATHON,US-223/CR-52,Adrian,MI,41.900516,-84.044556,3.599
68095,ALEXS MARKET AND GRILL,"I-75, EXIT 101",Holly                                   ,MI,42.790494,-83.612737,4.699
68100,REFINED MARKETERS,"I-96, EXIT 31A/US-131, EXIT 88",Grand Rapids                            ,MI,42.9704,-85.6738,3.739
68102,SUNOCO,ST 17,Carlstadt                               ,NJ,40.840298,-74.092498,3.16233333
68107,SPEEDWAY #4500,"I-35, EXIT 171/CR-11",Pine City,MN,45.832273,-92.982604,3.549
68110,CIRCLE K #4705573,SR-82,Grafton,OH,41.28537,-82.043098,3.749
68112,QUICK FUEL #3138,"I-35, EXIT 98/CR-26",Saint Paul,MN,44.902691,-93.096435,3.61733333
68113,CIRCLE K #4705571,ST 2,Holland,OH,41.622629,-83.725712,3.549
68114,BP,US-130,Burlington                              ,NJ,40.068015,-74.845353,3.14566666
68116,Circle K #2746335,"I-35, EXIT 22",Minneapolis,MN,45.049582,-93.246095,3.799
68122,CENEX,SR-11/SR-310,Roseau                                  ,MN,48.826809,-95.756709,3.499
68124,CIRCLE K #4705587,SR-585 & SR-57,Rittman,OH,40.968381,-81.782599,3.659
68129,CULVERS HAWKINS,"US-59/I-29, EXIT 43",Saint Joseph,MO,39.768755,-94.838488,3.199
68133,CASEYS #4256,US-71/SR-175,Joplin                                  ,MO,37.096858,-94.505144,3.069
68140,CROSSROADS RATON TRUCK STOP,"I-25/US-85, EXIT 451 & US-87",Raton,NM,36.895187,-104.434881,3.499
68147,Regal Truck Stop,SR 30,New Albany,MS,34.485051,-89.003058,3.249
68148,CIRCLE K #2723389,US-49,Gulfport,MS,30.382556,-89.097618,2.944
68151,KUM & GO #0498,SR-125,Rogersville,MO,37.131047,-93.096449,3.05233333
68154,LOVES TRAVEL STOP #395,"I-57, EXIT 308",Kankakee,IL,41.116582,-87.869607,3.379
68154,LOVES TRAVEL STOP #395,"I-57, EXIT 308",Kankakee,IL,41.116582,-87.869607,3.449
68154,LOVES TRAVEL STOP #395,"I-57, EXIT 308",Kankakee,IL,41.116582,-87.869607,3.489
68154,LOVES TRAVEL STOP #395,"I-57, EXIT 308",Kankakee,IL,41.116582,-87.869607,3.429
68154,LOVES TRAVEL STOP #395,"I-57, EXIT 308",Kankakee,IL,41.116582,-87.869607,3.549
68155,SHEETZ #181,"I-80, EXIT 158 & SR-220",Bellefonte,PA,40.909377,-77.7642,3.729
68156,A PLUS MINI MARKET,"I-95, EXIT 26",Philadelphia                            ,PA,39.864998,-75.275196,3.999
68157,RAJS MINI MART,US-1/SR-29,Morrisville,PA,40.212064,-74.822153,3.899
68158,SUNOCO,"I-78, EXIT 29A/SR-61",Shoemakersville,PA,40.495495,-75.960313,3.639
68161,KWIK FILL #390,SR-15 & TABER RD,Blossburg,PA,41.669771,-77.079711,3.684
68165,GOLDEN GATE Fallon,US-50,Fallon,NV,39.470254,-118.786112,3.549
68167,CIRCLE K #4707628,SR-90 & SR-5,Montezuma,NY,43.01,-76.703611,3.999
68169,GOLDEN GATE GOLDEN VALLEY,"US-395, EXIT 73",Reno,NV,39.526812,-119.811275,3.949
68174,MIRABITO #42,"I-81, EXIT 7",Castle Creek,NY,42.256805,-75.908746,3.999
68177,ONVO TRAVEL PLAZA - MIFFLINVILLE,"I-80, EXIT 242/CR-339",Mifflinville,PA,41.023473,-76.292396,3.36566666
68178,CIRCLE K #2723748,"I-20, EXIT 48",Pearl,MS,32.276837,-90.102714,3.389
68179,WEST PAK A POK,SR-8,Houston                                 ,MS,33.902554,-88.967005,3.399
68180,One9 #1374,"I-81, EXIT 143, SR-924",Hazleton,PA,40.962107,-75.978193,3.86233333
68185,CITGO,US-22/SR-72,Jonestown                               ,PA,40.43607,-76.503842,3.749
68188,ONVO TRAVEL PLAZA - GIBSON,"I-81, EXIT 219 & SR-848",New Milford,PA,41.866409,-75.717113,3.589
68189,EAGLE EXXON,US-27/SR-29,Dayton,TN,35.500186,-85.013455,3.399
68191,MARTIN GENERAL STORE # 207,SR-865/I-99 EXIT 41,Altoona                                 ,PA,40.520945,-78.408901,3.539
68196,CATDADDY MARKET,SR-33,Tazewell,TN,36.471012,-83.555219,3.299
68211,CEFCO #2005,"I-40, EXIT 73",Amarillo,TX,35.203238,-101.842052,2.869
68212,CIRCLE K #2723415,"I-26, EXIT 16",Spartanburg,SC,34.935211,-81.965377,3.099
68213,CADOO MILLS,"I-30/US-67, EXIT 87 & FM-1903",Caddo Mills,TX,33.068267,-96.239093,2.80066666
68215,COWBOY TRAVEL PLAZA,"I-10, EXIT 833",Hamshire,TX,29.866769,-94.318739,2.899
68217,CIRCLE K #2723881,US-701 & US-501,Conway,SC,33.873066,-79.055712,3.184
68225,OASIS TRUCK STOP,US-60 & US-83,Canadian,TX,35.885906,-100.353875,3.299
68227,QUARLES #4914,"I-64 EXIT 297, US-13",Chesapeake,VA,36.735246,-76.23843,3.52566666
68234,CIRCLE K #2723705,"I-81, EXIT 80 & SR-121",Wytheville,VA,36.940669,-81.094082,3.26566666
68235,JOLLEY #113,"I-91, EXIT 28",Derby,VT,44.950182,-72.137555,3.539
68236,TEX BEST #506,"I-35, EXIT 84",Dilley                                  ,TX,28.678201,-99.174684,3.099
68243,PILOT EXPRESS #1173,"I-5, EXIT 135",Tacoma,WA,47.2764,-122.7583,4.599
68245,STRIPES #40705,US-77/SR-374,Combes,TX,26.248333,-97.733611,2.91233333
68253,KENT KWIK #262,"CR-18/I-20, EXIT 80",Monahans,TX,31.581294,-102.900273,2.859
68256,EXTRA MILE TRUCK STOP,I-30 EXIT 208,Hooks,TX,33.477542,-94.269188,2.81733333
68257,LOVES TRAVEL STOP #292,"I-55, EXIT 220",Dwight,IL,41.088701,-88.415884,3.589
68257,LOVES TRAVEL STOP #292,"I-55, EXIT 220",Dwight,IL,41.088701,-88.415884,3.389
68257,LOVES TRAVEL STOP #292,"I-55, EXIT 220",Dwight,IL,41.088701,-88.415884,3.489
68257,LOVES TRAVEL STOP #292,"I-55, EXIT 220",Dwight,IL,41.088701,-88.415884,3.349
68257,LOVES TRAVEL STOP #292,"I-55, EXIT 220",Dwight,IL,41.088701,-88.415884,3.449
68258,CIRCLE K #2741536,SR-83/CR-1015,Weslaco,TX,26.169444,-97.988714,3.03566666
68260,ALVARADO MARKET STATION,"I-35W, EXIT 26A & US-67",Alvarado,TX,32.439499,-97.212971,2.844
68261,STRIPES #2294,US-83 & FM-1120,Leakey,TX,29.768951,-99.747913,2.949
68266,FREDS FUEL AND FOOD #2,"I-57, EXIT 283 & US-24",Gilman,IL,40.767987,-87.993336,3.189
68266,FREDS FUEL AND FOOD #2,"I-57, EXIT 283 & US-24",Gilman,IL,40.767987,-87.993336,3.269
68266,FREDS FUEL AND FOOD #2,"I-57, EXIT 283 & US-24",Gilman,IL,40.767987,-87.993336,3.049
68268,SPEED SMART,"I-10, EXIT 114",Buckeye,AZ,33.38896,-112.607728,3.37233333
68270,MPC #2,US-67 & CR-A,Fredericktown,MO,37.543716,-90.310527,2.99066666
68271,PHOENIX #308,ST 210,Rocky Point                             ,NC,34.434418,-77.923448,3.619
68273,CHISUM TRAVEL CENTER,US-70/US-54,Tularosa,NM,33.065049,-106.010789,2.999
68274,CEFCO #6,SR-6 & SR-7,Marlin,TX,31.303592,-96.888942,2.999
68276,KWIK STAR #895,US-18/US-63 EXIT 204,New Hampton,IA,43.056015,-92.313136,3.449
68277,WHITE OAK STATION #15,US-65,Harrison,AR,36.241707,-93.106162,3.599
68279,MACS MARKET #101,ST 22A,Fair Haven                              ,VT,43.62345,-73.270068,3.599
68282,SUNSTOP #612,US-84,Andalusia,AL,31.297142,-86.490468,3.48566666
68290,WALTON TRUCK STOP,US-78/SR-10 & SR-83,Monroe                                  ,GA,33.808141,-83.707221,3.999
68292,GAS N GO,US-280/US-19,Americus,GA,32.0881,-84.2362,3.299
68294,BP,"I-74, EXIT 51",Galesburg,IL,40.952138,-90.369807,3.499
68298,MR FUEL #719,"I-80, EXIT 6",Gary,IN,41.593333,-87.346389,3.56566666
68301,LOVES TRAVEL STOP #463,I-10 EXIT 604,Seguin,TX,29.561316,-97.962801,3.179
68302,FLYING J #493,I-95 EXIT 77,Saint George,SC,33.184532,-80.573246,3.519
68303,KWIK TRIP #351,SR-13 & SR-64,Medford,WI,45.151185,-90.350306,3.40066666
68306,BIG D #018,SR-387 & SR-59,Gillette,WY,44.282009,-105.497442,3.459
68307,EXPRESSWAY LUVERNE,"I-90, EXIT 12",Luverne,MN,43.661366,-96.221562,3.239
68308,PINECONE TRAVEL PLAZA,"I-94, EXIT 267",Johnson Creek,WI,43.075051,-88.783602,3.219
68311,SUN DO KWIK SHOP,SR-242,Evergreen                               ,NC,34.375234,-78.884638,3.159
68314,Refuel #313,US-183 & SR-29,Liberty Hill                            ,TX,30.662953,-97.931598,2.909
68315,SHELL,"I-40, EXIT 200 & SR-99",Seminole,OK,35.224444,-96.670278,2.859
68316,CIRCLE K #2723622,"I-75, EXIT 345",Ringgold,GA,34.92052,-85.154908,3.07566666
68318,NINOS TRUCK PLAZA,"I-10, EXIT 151",Port Allen,LA,30.471983,-91.254088,3.039
68319,HOLIDAY STATIONSTORE #2746484,US-61 & US-10,Hastings,MN,44.718932,-92.862566,3.569
68321,Big's #304,"I-35, EXIT 141",Moore,TX,29.035377,-98.987403,2.999
68323,TRAINER MART,"I-10, EXIT 593",Marion,TX,29.56835,-98.151709,2.999
68328,TONKAWA TRAVEL CENTER,"I-35, EXIT 214 & US-60",Tonkawa,OK,36.68062,-97.30634,3.099
68330,SHREES TRUCK STOP,"I-90, EXIT 149 & SR-281",George                                  ,WA,47.079167,-119.854722,3.709
68330,SHREES TRUCK STOP,"I-90, EXIT 149 & SR-281",George                                  ,WA,47.079167,-119.854722,3.569
68330,SHREES TRUCK STOP,"I-90, EXIT 149 & SR-281",George                                  ,WA,47.079167,-119.854722,3.739
68330,SHREES TRUCK STOP,"I-90, EXIT 149 & SR-281",George                                  ,WA,47.079167,-119.854722,3.759
68332,CIRCLE K #2701526,"I-40, EXIT 208",Colfax,NC,36.100272,-80.010276,2.95733333
68333,GO MART FOOD STORE #106,US-250/US-219/SR-92/SR-55,Elkins                                  ,WV,38.925304,-79.847115,3.499
68335,PILOT #481,"I-75, EXIT 20",Mc Donald,TN,35.086902,-84.989198,3.599
68337,SPEEDWAY #1426,US-30 & SR-51,Merrillville,IN,41.4957,-87.350932,3.88566666
68339,LOVES TRAVEL STOP #464,"I-10, EXIT 523 & US-87",Comfort,TX,29.979072,-98.843772,3.21233333
68343,HUTCH'S #119,I-40 EXIT 40,Elk City,OK,35.410359,-99.421086,2.969
68347,ENERGY EXPRESS TRAVEL CENTER,I-70 EXIT 247,Saint Louis,MO,38.642574,-90.324189,2.909
68348,HOT SPOT #6007,"I-85, EXIT 80",Spartanburg                             ,SC,34.935211,-81.965377,3.089
68349,SAPP BROS TRAVEL CENTER,"US-75, EXIT 116",Le Mars,IA,42.79623,-96.170386,3.269
68350,JOAQUIN QUICK STOP,US-84,Joaquin,TX,31.943989,-94.060833,3.43233333
68354,LEERJAK TRAVEL CENTER,US-60,Ellsinore,MO,36.945263,-90.74853,3.409
68359,LOVES TRAVEL STOP #466,"I-78, EXIT 65",Jasper,AL,33.871672,-87.249144,3.55566666
68360,A PLUS MINI MARKET,"I-95, EXIT 19",Philadelphia                            ,PA,39.864998,-75.275196,4.049
68361,DUCK THRU FOOD STORE #34,US-158 & US-17,Elizabeth City                          ,NC,36.3019,-76.2236,3.499
68362,RUTTERS #5,US-30 & SR-997,Fayetteville,PA,39.906543,-77.53096,3.859
68364,Maplefields,"I-89, EXIT 19",Saint Albans                            ,VT,44.811138,-73.089025,3.539
68365,7-ELEVEN #36834,SR-72,Abbeville,SC,34.18186,-82.378452,3.619
68366,MARATHON,US-68/SR-80,Russellville,KY,36.853074,-86.888708,3.199
68367,LOVES TRAVEL STOP #447,"I-10 E, EXIT 0",Anthony,TX,31.990718,-106.597625,3.449
68368,AKAL TRAVEL CENTER,I-80 EX 360,Waco,NE,40.919826,-97.453352,2.799
68369,WORKMANS TRAVEL CENTER,"I-40 EXIT, 35 & SR-23",Ozark,AR,35.524645,-93.837423,3.29733333
68370,GULF EXPRESS DIESEL AND GAS,"I-295, EXIT 4 & SR-14",Johnston                                ,RI,41.826431,-71.497646,3.799
68372,SPEEDWAY #8062,SR-26/CR-00,Kokomo,IN,40.49884,-86.145273,3.799
68375,PILOT #491,"I-81, EXIT 251 & US-11",Harrisonburg,VA,38.448864,-78.871438,3.659
68377,PILOT #4568,I-20 EXIT 11,Graniteville,SC,33.563016,-81.814686,3.39233333
68378,PILOT TRAVEL CENTERS #596,I-69 EXIT 196,Smiths Creek,MI,42.922072,-82.574516,3.959
68381,Fast Stop Travel Centers #2241,US-26 S & SR-39,Blackfoot,ID,43.194327,-112.361545,3.999
68382,QUIKTRIP #766,US-29 & SR-316,Dacula,GA,33.988611,-83.898056,3.32066666
68383,AYERCO 32,US-61 & SR-P,Canton,MO,40.143695,-91.547987,3.01566666
68386,KWIK TRIP #884,US-45 & SR-22,Clintonville,WI,44.636442,-88.742999,3.559
68389,WEBERS OF PLYMOUTH,SR-57 N/CR-PP E,Plymouth,WI,43.75258,-87.977906,3.499
68394,CHEVRON,"I-84, EXIT 343/CR-104",Ogden,UT,41.2443,-112.0072,3.44233333
68396,TOOT N TOTUM #44,SR-287 E/CR-335 N,Amarillo,TX,35.203238,-101.842052,3.04233333
68403,RUTTERS #16,"I-83, EXIT 10 & SR-214",York,PA,39.963539,-76.726887,4.199
68405,PILOT TRAVEL CENTER #1028,"I-45, EXIT 178/US-79 N",Buffalo,TX,31.457151,-96.058516,3.549
68406,TOOT N TOTUM #114,US-385/US-54,Dalhart,TX,36.073183,-102.517658,3.199
68411,PAWNEE TRAVEL PLAZA,US-412 & SR-18,Pawnee                                  ,OK,36.336197,-96.79227,3.044
68416,STRIPES 7FLEET #42515,US-87 N,Lamesa,TX,32.736677,-101.956914,3.099
68417,7-ELEVEN #42072,"I-20, EXIT 599/SR-281",Longview                                ,TX,32.526854,-94.72328,3.20733333
68419,ROAD RANGERS #270,"I-35, EXIT 114/SR-462",Moore,TX,29.035377,-98.987403,3.169
68420,SHELBINA Phillips 66,US-36 & SR-15,Shelbina,MO,39.694718,-92.03706,3.099
68421,STRIPES,US-77,Refugio,TX,28.316944,-97.276665,3.074
68423,GOLDEN GATE TRUCKSTOP,"I-80, EXIT 106 & SR-398",Lovelock,NV,40.1819,-118.468915,3.649
68424,MAVERICK TRAVEL CENTER,"I-20, EXIT 386/US-281",Santo                                   ,TX,32.597935,-98.179675,3.099
68428,STRIPES #40519,US-90/CR-1023,Uvalde,TX,29.217238,-99.793074,3.359
68432,PAPA ROCK,US-79/SR-76,Clarksville,TN,36.522014,-87.348997,3.199
68434,Circle K #2741789,"I-30, EXIT 98 & US-270",Malvern,AR,34.355715,-92.829162,3.439
68440,EXPRESS GAS,"I-40, EXIT 2A/US-51",Memphis                                 ,TN,35.0337,-89.9343,2.979
68441,QUIKTRIP #1106,US-76,Anderson,SC,34.526051,-82.630436,2.959
68444,Sunoco,US-30,Roebling,NJ,40.115352,-74.777224,3.159
68446,J J OIL #07,US-160,Ulysses,KS,37.579174,-101.348846,3.399
68447,JUMPIN JACKS 419,SR-161,Rockport                                ,IN,37.885803,-87.07701,3.999
68451,CASEYS #3439,US-63,Lime Springs,IA,43.45563,-92.273324,3.56566666
68453,Marathon,US-82/US-27,Cuthbert,GA,31.771111,-84.789444,3.699
68458,SPEEDWAY #6278,"I-96, EXIT 16",Coopersville,MI,43.06013,-85.951722,3.599
68458,SPEEDWAY #6278,"I-96, EXIT 16",Coopersville,MI,43.06013,-85.951722,3.499
68462,CHEVRON,SR-24 & SR-660,Houma                                   ,LA,29.59433,-90.754808,3.099
68463,SPANISH LAKE TRUCK AND CASINO PLAZA,SR-182,New Iberia,LA,30.001027,-91.819959,3.329
68465,LOVES TRAVEL STOP #470,"I-75, EXIT 451",Jasper,FL,30.502914,-82.932186,3.32733333
68466,KWIK TRIP #462,SR-11 & SR-83,Burlington,WI,42.666034,-88.274886,3.274
68468,SHELL,SR-193/SR-163 & CR-26,Theodore,AL,30.544374,-88.180748,3.039
68469,8 MILE STORE,"US-64/I-40, EXIT 127",Conway,AR,35.084199,-92.423574,3.399
68471,B LINE SHELL,SR-710,Jupiter                                 ,FL,26.933938,-80.120091,3.95733333
68476,CREEK TRAVEL PLAZA,"I-65, EXIT 54",Atmore,AL,31.057245,-87.487347,3.13566666
68480,KUM & GO #0414,US-212/SR-265,Springdale,AR,36.183521,-94.176216,3.14233333
68493,FAST TRACK 427,"I-10, EXIT 225/US-19",Lamont,FL,30.365341,-83.900266,3.739
68494,LOVES TRAVEL STOPS #469,"I-85, EXIT 15 & US-1",South Hill,VA,36.712388,-78.153388,3.949
68494,LOVES TRAVEL STOP #469,"I-85, EXIT 15 & US-1",South Hill,VA,36.712388,-78.153388,3.949
68497,JACKSONS FOOD STORE #30,"I-86, EXIT 61",Pocatello                               ,ID,42.887592,-112.438142,3.459
68499,DUBOIS TRAVEL STOP,I-15 & MAIN,Dubois                                  ,ID,44.185769,-112.325852,4.299
68506,WARRIOR RIDGE,US-22 & SR-3035,Ashland,PA,40.773231,-76.342972,3.699
68511,PWI #675,I-10/US-85/US-180 EXIT 155 & SR-227,Vado,NM,32.115,-106.663333,2.949
68512,BP,US-29/SR-154,Palmetto                                ,GA,33.524195,-84.678999,3.249
68518,CHEVRON,SR-243,Gordon                                  ,GA,32.909212,-83.320416,3.359
68520,SPEED GAS,SR-56,Rosenhayn                               ,NJ,39.478056,-75.131667,3.459
68522,MINIT MART #600632,"I-474, EXIT 9 & SR-29",Pekin,IL,40.567435,-89.624332,3.739
68524,Coastal Fuel,US-421,Wilmington                              ,NC,34.225304,-77.937856,3.399
68531,CASEYS #2845,"SR-150, I-380, EXIT 41",Urbana,IA,42.224167,-91.874167,3.449
68533,MACH ONE FOOD SHOP #17,US-45/US-50,Flora,IL,38.670337,-88.49186,3.899
68534,BG FOOD MART,US-31,Bowling Green,KY,37.007874,-86.455891,3.05733333
68535,CASEYS #3295,SR-35 & SR-27,Prairie Du Chien,WI,43.042649,-91.119305,3.499
68541,DUCK THRU #3,SR-11 & SR-561,Ahoskie,NC,36.295737,-76.996632,3.56233333
68542,EXCELL FUELS,SR-5,Buffalo,NY,42.896659,-78.884575,3.999
68549,GOOD 2 GO #212,US-310/SR 789,Lovell,WY,44.833637,-108.414107,3.657
68552,HUCKS FOOD & FUEL #368,"US-41, EXIT 44/SR-281",Madisonville,KY,37.325551,-87.495326,3.399
68556,MONICARLO FUEL STOP,US-61 & SR-54,Garyville                               ,LA,30.05352,-90.620113,3.199
68559,KUM & GO #0779,"I-35, EXIT 92 & US-136",Bethany,MO,40.260055,-94.018863,2.95566666
68562,CHEVRON,SR-3235,Galliano                                ,LA,29.431125,-90.298054,3.499
68572,FOOD N FUN #17,US-90 & SR-83 & CR-605,New Iberia                              ,LA,30.001027,-91.819959,3.067
68574,SPRING STREET SERVICE STATION,US-1/US-9,Elizabeth                               ,NJ,40.67169,-74.204335,3.099
68581,CHEVRON #308195,"I-82, EXIT 58/US-12 & SR-223",Granger,WA,46.348045,-120.181848,4.499
68581,CHEVRON #308195,"I-82, EXIT 58/US-12 & SR-223",Granger,WA,46.348045,-120.181848,4.329
68588,SHELL,"US-202, EXIT 16",Orange,MA,42.591231,-72.305867,3.649
68592,Sprint Food #742,US-25/SR-121,North Augusta                           ,SC,33.517766,-81.934794,3.159
68593,ONE9 #1285,"I-20, EXIT 386 & US-281",Santo,TX,32.597935,-98.179675,2.924
68594,CIRCLE K #2723796,SR-S-8-33 & SR-S-8-119,Charleston,SC,32.962223,-79.86533,3.199
68595,SUPER LUCKY LOUIES,US-190/SR-1,Port Allen                              ,LA,30.471983,-91.254088,3.03233333
68596,FLASH MARKET SHELL,US-63,Koshkonong,MO,36.605553,-91.630411,3.499
68598,7-ELEVEN #41032,US-84 & US-259,Mount Enterprise,TX,31.9125,-94.623505,3.349
68602,NEW DIXIE MART #19,"I-95, EXIT150",Whitakers,NC,36.075797,-77.716743,3.339
68606,SAMS MART #95,SR-49,Harrisburg                              ,NC,35.324731,-80.659401,3.799
68613,SHEETZ #236,SR-441 & SR-772,Marietta,PA,40.066442,-76.564527,3.389
68618,MINER TOWNE MART,206 R-11,Shullsburg,WI,42.57856,-90.226619,3.399
68621,CIRCLE K #2723367,"I-77, EXIT 8 & SR-148",Fancy Gap,VA,36.663972,-80.69075,3.29066666
68622,PILOT #474,"I-79, EXIT 67 & SR-19",Sutton,WV,38.673855,-80.681072,3.86566666
68623,FLYING J TRAVEL PLAZA #304,"I-469, EXIT 19 & US-30",New Haven,IN,41.069856,-85.01173,3.859
68623,FLYING J #304,"I-469, EXIT 19 & US-30",New Haven,IN,41.069856,-85.01173,3.859
68624,PILOT #586,"I-10, EXIT 69 & SR-63",Moss Point                              ,MS,30.411389,-88.534444,3.459
68625,FLYING J #470 HUDSON,"I-94, EXIT 10 & US-65",Roberts,WI,44.987356,-92.559773,3.559
68626,BECKS EXPRESS MART #14,SR-26,Princeton,IL,41.362934,-89.427017,3.249
68630,DOWNSTREAM Q STORE,US-166/US-400,Joplin,MO,37.096858,-94.505144,3.199
68642,EXXON SANDY RIDGE MART,"I-40/US-421, EXIT 208",Colfax,NC,36.100272,-80.010276,3.099
68643,SHELL,"I-95, EXIT 58 & US-13",Wade,NC,35.160559,-78.724929,3.199
68644,SUPERPUMPER #32,US-2,Minot,ND,48.22914,-101.298476,3.599
68650,MARATHON,"I-75, EXIT 8",Cincinnati                              ,OH,39.091293,-84.277383,3.899
68653,KWIK TRIP #679,"I-43, EXIT 128 & SR-42",Sheboygan,WI,43.740981,-87.724667,3.21566666
68656,TA Express Williston,US-2 & US-85,Williston                               ,ND,48.167924,-103.631699,3.44733333
68659,KWIK TRIP #659,"US-52, EXIT 56 & CR-22",Rochester,MN,44.049572,-92.48962,3.549
68663,LOVES TRAVEL STOP #474,US-85/US-2 & CR-6,Williston,ND,48.167924,-103.631699,3.519
68665,BIG D 14,"I-90, EXIT 46/US-14/SR-79",Piedmont                                ,SD,44.228744,-103.368818,3.13733333
68671,CASEYS #2969,US-81 & RD F,Fairmont,NE,40.6404,-97.58729,3.28233333
68672,24 NORTH MOBIL,"I-495, EXIT 7A & SR-24, EXIT 14B",Bridgewater,MA,41.977341,-70.97234,3.699
68674,TEXACO,US-290 & SR-696,Elgin                                   ,TX,30.323136,-97.373748,3.099
68684,Rebecca Plantation Truck Plaza,"US-90, EXIT 200 & SR-311",Schriever                               ,LA,29.712276,-90.851341,2.999
68685,QUICK FUEL #2403,"I-29/I-35/SR-71, EXIT 5B",Kansas City,MO,39.163189,-94.569882,3.344
68689,CHEVRON,"I-10, EXIT 59 & SR-395",Roanoke                                 ,LA,30.318167,-92.686973,3.609
68690,MARATHON,US-30 & SR-30,Mansfield,OH,40.7633,-82.5138,3.499
68691,BYRNE DAIRY #43,"I-81, EXIT 36 & SR-13",Pulaski,NY,43.55617,-76.125231,4.099
68692,DANDY MINI MART #57,SR-14,Horseheads,NY,42.180493,-76.834539,3.899
68693,SUPER STOPS,SR-70 & SR-308,Belle Rose,LA,30.025955,-91.044351,3.499
68696,STRIPES #40800,FM-351 & US-181,Beeville,TX,28.422246,-97.761571,3.01566666
68697,STRIPES #40915,"I-35, EXIT 8 & SR-20 & FM-1472",Laredo,TX,27.515538,-99.498579,2.979
68698,GAS N WASH,"I-80, EXIT 145 & SR-84",Mokena,IL,41.53421,-87.891121,3.499
68699,ORGANIC CONNECTION MOBIL,SR-997,Homestead,FL,25.476639,-80.483853,3.344
68701,SPEEDWAY #1421,US-45 & CR-74,Frankfort,IL,41.509361,-87.824774,3.399
68701,SPEEDWAY #1421,US-45 & CR-74,Frankfort,IL,41.509361,-87.824774,3.359
68701,SPEEDWAY #1421,US-45 & CR-74,Frankfort,IL,41.509361,-87.824774,3.299
68701,SPEEDWAY #1421,US-45 & CR-74,Frankfort,IL,41.509361,-87.824774,3.369
68702,QUIKTRIP #1120,"I-85, EXIT 90 & SR-105",Gaffney,SC,35.061508,-81.649061,3.19066666
68708,LOVES TRAVEL STOP #476,"I-80, EXIT 292 & SR-130",Davenport,IA,41.5218,-90.5743,3.86233333
68716,ALLTOWN MARKETS #833,I-95 EXIT 41,Milford,CT,41.217466,-73.054948,3.599
68722,Pilot #140,US-40/US-191,Roosevelt,UT,40.310229,-110.010782,3.759
68730,KENT KWIK #315,SR-158 & FM-1788,Midland,TX,31.989636,-102.06261,3.43733333
68734,LOVES TRAVEL STOP #478,"I-15, EXIT 113",Idaho Falls,ID,43.517679,-111.990626,3.75566666
68737,KWIK TRIP #691,"I-39, EXIT 161",Stevens Point,WI,44.521221,-89.558764,3.559
68738,CASEYS #2316,US-136/SR-5 & SR-5,Unionville,MO,40.481464,-92.995094,3.214
68740,Certified Oil #400352,US-20 & SR-510 & SR-101,Clyde,OH,41.302397,-82.991849,3.379
68741,COUNTY LINE TRUCK STOP,SR-22,Dickinson,ND,46.887289,-102.787595,3.53233333
68742,ARTESIA #401,SR-82 & SR-285,Artesia,NM,32.838355,-104.407401,3.439
68796,MR FUEL #731,"I-70, EXIT 123 & SR-3",Spiceland,IN,39.827078,-85.445043,3.699
68797,SPEEDWAY #1412,SR-43,Frankfort,IL,41.509361,-87.824774,3.359
68798,PILOT DEALER #1179,SR-189,Nogales,AZ,31.376969,-110.943508,4.249
68798,PILOT #1179,SR-189,Nogales,AZ,31.376969,-110.943508,4.249
68799,SHELL FOOD MART # 25,"I-20, EXIT 77 & SR-13",Morton,MS,32.436105,-89.551222,3.199
68801,7-ELEVEN #40574,US-281,Blanco,TX,30.087359,-98.410663,3.399
68803,SHELL,"I-45, EXIT 152",Madisonville                            ,TX,30.953335,-95.909094,3.18233333
68806,SHELL,US-90,Westwego                                ,LA,29.914386,-90.181305,3.06566666
68808,SPEEDWAY #4574,US-701,Loris,SC,34.055756,-78.916096,3.269
68813,SPEEDWAY #8741,"I-96, EXIT 86 & SR-100",Eagle,MI,42.826306,-84.758971,3.789
68814,TA HOLBROOK,"I-40/US-180, EXIT 283",Holbrook,AZ,34.908451,-110.143412,3.65566666
68815,LOVES TRAVEL STOP #471,"I-35, EXIT 127 & FM-471",Natalia,TX,29.211669,-98.855158,3.203
68815,LOVES TRAVEL STOPS #471,"I-35, EXIT 127 & FM-471",Natalia,TX,29.211669,-98.855158,3.289
68821,Joe's Kwik Mart #473,CR-139,Lancaster,NY,42.901681,-78.663085,3.799
68821,Joe's Kwik Mart #473,CR-139,Lancaster,NY,42.901681,-78.663085,3.659
68822,CASEYS #3919,"I-35/US-50, EXIT 148 & SR-131",Lebo,KS,38.416085,-95.822174,3.089
68823,FRIENDS FOOD MART,SR-13,Mansfield                               ,OH,40.7633,-82.5138,4.199
68824,EXPRESSWAY,SR-60 & CR-9,Heron Lake,MN,43.79788,-95.326736,3.299
68825,ALLTOWN MARKETS #832,"I-95, EXIT 40",Milford,CT,41.217466,-73.054948,3.599
68826,HIGHWAY SERVICE,US-44,Seekonk                                 ,MA,41.837835,-71.322406,3.319
68828,CIRCLE K #2721540,US-78 & SR-15,New Albany,MS,34.485051,-89.003058,3.759
68831,KWIK TRIP #896,SR-65 & CR-J,Minneapolis,MN,45.049582,-93.246095,3.599
68835,SPEEDWAY #7954,US-258/SR-24,Richlands,NC,34.862426,-77.586305,3.324
68836,Corner Market #160,US-60,Pampa,TX,35.538043,-100.957885,3.399
68839,CHOCTAW TRAVEL PLAZA #641,US-69/SR-43,Stringtown,OK,34.467597,-96.000245,3.159
68840,LOVES TRAVEL STOP #475,"I-20/US-84, EXIT 242 & FM-142",Sweetwater,TX,32.472589,-100.397908,3.189
68841,PILOT TRAVEL CENTER #575,"I-95, EXIT 1",Saint Marys,GA,30.773467,-81.565211,3.599
68841,PILOT TRAVEL CENTERS #575,"I-95, EXIT 1",Saint Marys,GA,30.773467,-81.565211,3.599
68843,PILOT #467,"I-37, EXIT 125",San Antonio                             ,TX,29.468525,-98.526352,3.399
68844,FLYING J #553,"I-10, EXIT 259",Fort Stockton                           ,TX,30.890785,-102.879942,3.659
68845,PILOT TRAVEL CENTER #4651,"I-95, EXIT 4",Skippers,VA,36.579685,-77.543663,3.799
68847,CIRCLE K #2741553,US-190/US-183 & US-281,Lampasas                                ,TX,31.067957,-98.183361,2.759
68848,CIRCLE K #2741328,"I-35, EXIT 328 & FM-2063",Hewitt                                  ,TX,31.458166,-97.196556,2.86566666
68849,Circle K #2706632,US-80/SR-8 & CR-480,Selma,AL,32.419719,-87.024527,3.699
68850,SPRINT MART #67,US-84/US-425,Vidalia,LA,31.578222,-91.469471,3.08233333
68856,KWIK N EZ #1,"I-40, EXIT 265",Checotah                                ,OK,35.435786,-95.535038,2.909
68860,PETRO STOP #394,"I-35, EXIT 101 & FM-140",Pearsall,TX,28.892317,-99.094361,3.53566666
68861,KWIK TRIP #733,SR-76/SR-44,Caledonia,MN,43.622079,-91.483657,3.49066666
68864,QUICK FUEL #3190,"I-75, EXIT 68",Dayton,OH,39.765396,-84.099802,3.67733333
68865,QUICK FUEL #3192,"I-275, EXIT 42B & SR-747",Cincinnati,OH,39.091293,-84.277383,3.25233333
68868,PUMP & PANTRY #14,SR-92/SR-2,Broken Bow,NE,41.412586,-99.635452,3.299
68869,PUMP & PANTRY #4,SR-2 & SR-11,Cairo,NE,41.000183,-98.616538,3.32733333
68873,ONVO TRAVEL PLAZA - MOUNTAIN COBB,"I-84, EXIT 8",Lake Ariel,PA,41.439476,-75.431257,3.58566666
68874,QUIKTRIP #492,"I-10, EXIT 114 & SR-85",Buckeye,AZ,33.38896,-112.607728,3.369
68875,SHEETZ #512,"I-40, EXIT 203 & SR-66",Kernersville,NC,36.116534,-80.083115,2.844
68882,CAPITAL FUELS MYTON,US-40/191,Myton,UT,40.194049,-110.048056,3.50233333
68883,CBH TRAVEL CENTER,US-85,Belle Fourche                           ,SD,44.672281,-103.839601,3.299
68885,FLYING J #488,"I-35, EXIT 69",Cotulla,TX,28.439837,-99.232818,3.599
68886,BEBO'S,SR-38,Kentwood                                ,LA,30.889215,-90.472829,3.01566666
68888,Express Lane,"US-80, EXIT 33 & US-6/SR-78",Annawan,IL,41.398022,-89.912949,3.299
68888,Express Lane,"US-80, EXIT 33 & US-6/SR-78",Annawan,IL,41.398022,-89.912949,3.399
68890,Circle K #2741795,"I-430, EXIT 12 & SR-100",Maumelle,AR,34.849085,-92.405892,3.18566666
68891,LOVES TRAVEL STOP #480,I-40 EXIT 364,Lenoir City,TN,35.810391,-84.266501,3.439
68892,OLIVE EXXON,US-31,Holland,MI,42.7875,-86.108889,3.799
68893,J & H FAMILY STORE,"I-96, EXIT 52 & SR-50",Lowell,MI,42.95497,-85.365305,3.789
68894,ROCKFORD MOBIL MART,"US-131, EXIT 97",Rockford                                ,MI,43.115217,-85.513606,3.599
68894,ROCKFORD MOBIL MART,"US-131, EXIT 97",Rockford                                ,MI,43.115217,-85.513606,3.299
68895,J & H FAMILY STORE #103,"I-196, EXIT 62",Hudsonville,MI,42.874805,-85.8751,3.399
68897,TA CARYVILLE,"I-75, EXIT 141",Pioneer,TN,36.469465,-84.290672,3.00733333
68899,XTRAMART,SR-9,Westborough,MA,42.283,-71.6015,3.649
68900,DUCK THRU #41,US-17/SR-37,Hertford                                ,NC,36.177058,-76.424299,3.599
68901,SPEEDWAY #1224,"SR-741 & I-71, EXIT 25",Mason,OH,39.335741,-84.314935,3.159
68902,CASEYS #3062,SR-281 & SR-160,Medicine Lodge,KS,37.284452,-98.584785,3.114
68903,BIG D KWIK SHOP,SR-59,Gillette,WY,44.282009,-105.497442,3.379
68907,QUIKTRIP #943,"I-35E, EXIT 405 & US-77",Waxahachie,TX,32.380796,-96.837398,2.89566666
68908,SPEEDWAY #1804,"I-270, EXIT 32 & I-71, EXIT 116",Columbus,OH,40.1444,-82.9789,3.69233333
68912,Chisholm Corner #13,"SR-19 & I-35, EXIT 72",Pauls Valley,OK,34.738506,-97.219501,3.089
68913,CASEYS #3263,"I-90, EXIT 43 & SR-60",Worthington,MN,43.628626,-95.605907,3.14233333
68915,PUMP & PANTRY #53,US-20,Jackson,NE,42.452877,-96.574335,3.41233333
68916,YESWAY #1075,"I-20, EXIT 278",Tye,TX,32.447728,-99.868434,2.87566666
68919,GULF MART 5150,"I-90 E, MM 117",Natick                                  ,MA,42.287476,-71.35741,4.06566666
68921,GAS N GO,US-341/SR-7 & SR-96/SR-49,Fort Valley,GA,32.54956,-83.888727,3.18233333
68923,STRIPES 7FLEET #42509,US-67 & SR-137,Big Lake,TX,31.240592,-101.478776,3.599
68924,KWIK TRIP #326,"I-90, EXIT 171 & US-51 & US-14",Janesville,WI,42.691542,-89.033124,3.374
68925,KWIK TRIP #874,"I-35, EXIT 132 & US-8",Chisago City,MN,45.361144,-92.892134,3.32733333
68926,KWIK TRIP #872,SR-26,Jefferson,WI,43.000557,-88.807765,3.38233333
68927,MARATHON,US-19 & SR-80,Rosedale                                ,VA,36.973981,-81.888793,3.749
68928,PILOT TRAVEL CENTER #475,"I-40, EXIT 196 & SR-41",Moriarty,NM,34.988878,-106.060871,3.244
68929,SPEEDWAY #6953,"I-74/US-311, EXIT 65",High Point,NC,35.959313,-80.011673,3.529
68930,PILOT #4569,"I-95, EXIT 5",Hardeeville,SC,32.263512,-81.066865,3.37566666
68933,RUTTERS #23,US-30 & SR-462,Mountville,PA,40.042742,-76.427694,3.979
68935,JACKSONS FOOD STORES #144,I-84 & SR-55,Nampa                                   ,ID,43.58342,-116.584818,3.899
68936,AMOCO,US-421/SR-11 & SR-53,Burgaw,NC,34.548679,-77.940317,3.599
68937,LANTZ CORNERS MINI MART #255,US-6 & US-219,Kane                                    ,PA,41.661861,-78.797778,3.71566666
68938,TOOT N TOTUM #23,SR-136/207 & SR-152,Borger,TX,35.664299,-101.403245,3.01566666
68941,ALLTOWN MARKETS #2743,"US-3, EXIT 28",North Billerica,MA,42.575694,-71.290217,3.68233333
68946,FLYING J #97,"I-75, EXIT 64",Vandalia,OH,39.888273,-84.202266,3.35233333
68947,PILOT TRAVEL CENTER #593,"I-10, EXIT 268",Tucson,AZ,32.213873,-110.969445,3.30233333
68949,JOES KWIK MARTS #475,US-15 & SR-20,Orange,VA,38.233937,-78.091224,3.33233333
68950,KWIK TRIP #608,US-52 & SR-30,Chatfield,MN,43.836201,-92.157351,3.48233333
68951,KWIK TRIP #313,US-10 & SR-73,Neillsville,WI,44.549429,-90.611197,3.339
68952,MAVERIK COUNTRY STORE #425,"I-84, EXIT 376, US-30/US-95",Fruitland,ID,44.002658,-116.914259,3.36566666
68956,SPEEDWAY #4533,"US-18/US-12, EXIT 146",Madison,WI,43.073,-89.3817,3.599
68957,TA EXPRESS #6259,US-85/SR-200,Alexander,ND,47.843517,-103.63961,3.52566666
68959,SPEEDWAY #5215,"I-70, EXIT 66 & SR-54",South Vienna,OH,39.94732,-83.615704,3.159
68960,MAVERIK COUNTRY STORE #484,"I-15/84, EXIT 343 & SR-126",Ogden,UT,41.2443,-112.0072,3.39233333
68964,JIFFY TRIP #201,US-64/SR-58,Cherokee                                ,OK,36.756376,-98.359375,3.269
68969,MAVERIK COUNTRY STORE #474,"I-80, EXIT 115, CR-154",Salt Lake City,UT,40.755851,-111.896657,3.389
68971,FLYING J #580,"I-20, EXIT 121",Odessa,TX,31.8465,-102.3663,3.56566666
68972,SUNOCO CLARA BARTON PLAZA #7005,NJTP MM 5 SB,Penns Grove,NJ,39.717938,-75.465623,3.899
68974,STRIPES #40801,US-181 & SR-123 & CR-347,Karnes City,TX,28.882757,-97.90707,3.174
68976,MAVERIK COUNTRY STORE #453,"I-80, EXIT 223 & SR-305",Battle Mountain,NV,40.621985,-116.955439,3.389
68977,MAVERIK COUNTRY STORE #444,US-491 & US-666,Monticello,UT,37.921709,-109.315289,3.489
68978,MAVERIK COUNTRY STORE #287,"I-84, EXIT 36 & US-30",Nampa,ID,43.58342,-116.584818,3.38566666
68979,MAVERIK COUNTRY STORE #478,"I-40, EXIT 286 & SR-77",Holbrook,AZ,34.908451,-110.143412,3.224
68981,PETRO-CARD 24 #910450,US-63 & US-36,Macon                                   ,MO,39.748089,-92.462163,3.239
68982,SHELL,US-23,Grand Blanc                             ,MI,42.928163,-83.626414,3.799
68985,LOVES TRAVEL STOP #500,"I-35, EXIT 106",Eagleville,MO,40.491197,-93.995058,3.789
68987,STRIPES #40535,I-35,Cotulla,TX,28.439837,-99.232818,3.339
68988,7-ELEVEN #40547,US-281 & SR-29,Burnet,TX,30.776597,-98.26424,2.95733333
68989,QUARLES #4907,SR-166,Norfolk,VA,36.8466,-76.2855,3.809
68990,LOVES TRAVEL STOP #490,"I-24, EXIT 158",Jasper,TN,35.066603,-85.614737,3.25233333
68991,LOVES TRAVEL STOP #514,"I-90/US-395, EXIT 221 & SR-261",Ritzville,WA,47.131528,-118.395812,3.959
68991,LOVES TRAVEL STOP #514,"I-90/US-395, EXIT 221 & SR-261",Ritzville,WA,47.131528,-118.395812,4.049
68991,LOVES TRAVEL STOP #514,"I-90/US-395, EXIT 221 & SR-261",Ritzville,WA,47.131528,-118.395812,3.989
68991,LOVES TRAVEL STOP #514,"I-90/US-395, EXIT 221 & SR-261",Ritzville,WA,47.131528,-118.395812,3.919
68991,LOVES TRAVEL STOPS #514,"I-90/US-395, EXIT 221 & SR-261",Ritzville,WA,47.131528,-118.395812,4.019
68992,SHORT STOP #24,US-24,Saint Marys,KS,39.198674,-96.068277,2.96733333
68993,SHORT STOP #22,SR-15,Clay Center,KS,39.384354,-97.127793,2.97233333
68994,SHORT STOP #25,US-36 & SR-15,Washington,KS,39.82234,-97.048368,2.90233333
68995,ALLTOWN MARKETS #839,"I-95, EXIT 10",Darien,CT,41.076759,-73.485254,3.83233333
68996,BLU / DRIVEN FUELS,"I-15, EXIT 113",Idaho Falls,ID,43.517679,-111.990626,3.479
69002,KWIK TRIP #863,US-10,Stevens Point,WI,44.521221,-89.558764,3.584
69004,Maplefields,HWY 9 N & ROUTE 22,Ticonderoga,NY,43.846302,-73.442592,3.749
69005,SPEEDWAY #1017,"I-70, EXIT 186 & SR-285",Lore City,OH,40.045854,-81.447853,3.23233333
69006,PILOT #449,"I-70, EXIT 208",Belmont                                 ,OH,40.03202,-81.006564,3.539
69007,SPEEDWAY #7136,US-41 & US-70,Nashville,TN,36.167028,-86.778441,3.24233333
69008,SPEEDWAY #7137,SR-42 & SR-111,Cookeville,TN,36.174261,-85.49531,3.07733333
69009,PILOT #1140,US-287,Rhome,TX,33.054045,-97.481688,3.17566666
69010,PILOT TRAVEL CENTER #1023,US-69 & US-59/SR-287,Lufkin,TX,31.336004,-94.734185,3.659
69013,SPEEDWAY #7124,US-231/SR-10,Lebanon,TN,36.209792,-86.302367,3.024
69014,SPEEDWAY #4100,"I-94, EXIT 308 & US-41",Milwaukee,WI,43.0343,-87.9151,3.599
69015,Joe's Kwik Mart,"I-75, EXIT 7 & US-11 & US-64",Chattanooga,TN,35.0455,-85.3081,3.149
69016,SPEEDWAY #7606,"I-75, EXIT 25",Corbin,KY,36.934429,-84.10208,3.519
69017,SHELL,US-71 & SR-511,Bossier City,LA,32.544924,-93.703826,2.999
69021,SWEET CRUDE TRAVEL CENTER,HWY 85 & SR 200,Grassy Butte,ND,47.443072,-103.294433,3.64066666
69027,SPINX #134 (DISCOUNT AVAILABLE),SR-55 & 418,Simpsonville                            ,SC,34.736944,-82.254444,3.06566666
69028,LOVES TRAVEL STOP #427,"I-75, EXIT 51",Dayton,OH,39.765396,-84.099802,3.319
69029,LOVES TRAVEL STOP #461,"I-70, EXIT 246A",Saint Louis,MO,38.642574,-90.324189,3.114
69030,LOVES TRAVEL STOP #424,"I-20, EXIT 51",Lexington,SC,33.981389,-81.236389,3.40733333
69031,LOVES TRAVEL STOP #492,"I-20, EXIT 42 & US-285",Pecos,TX,31.414384,-103.508129,3.455
69031,LOVES TRAVEL STOPS #492,"I-20, EXIT 42 & US-285",Pecos,TX,31.414384,-103.508129,3.449
69036,REFUEL #1038,US-15 & SR-151,Hartsville,SC,34.375616,-80.084237,3.36566666
69037,CIRCLE K #2723192,US-64 & US-421,Siler City,NC,35.735392,-79.456624,2.949
69038,REFUEL #1028,US-421/US-52 & US-15,Society Hill,SC,34.451161,-79.886494,3.399
69041,SPEEDWAY #7960,US-258/US-13,Farmville,NC,35.580606,-77.579303,2.899
69042,Joes Kwik Mart #7012,US-17/701,Georgetown,SC,33.430776,-79.323459,2.999
69043,KWIK TRIP #204,"US-51, EXIT 188",Wausau,WI,44.963433,-89.633955,3.33233333
69045,TA BRUNSWICK #6258,"I-95, EXIT 29",Brunswick,GA,31.169652,-81.493045,3.46066666
69046,SPEEDWAY #6303,"I-96, EXIT 4 & US-31",Muskegon,MI,43.232589,-86.249191,3.299
69046,SPEEDWAY #6303,"I-96, EXIT 4 & US-31",Muskegon,MI,43.232589,-86.249191,3.319
69046,SPEEDWAY #6303,"I-96, EXIT 4 & US-31",Muskegon,MI,43.232589,-86.249191,3.359
69046,SPEEDWAY #6303,"I-96, EXIT 4 & US-31",Muskegon,MI,43.232589,-86.249191,3.379
69046,SPEEDWAY #6303,"I-96, EXIT 4 & US-31",Muskegon,MI,43.232589,-86.249191,3.279
69047,SPEEDWAY #7461,I-294 & SR-50/SR-31,Alsip,IL,41.6723,-87.7339,3.219
69048,QUICK FUEL #2104,"I-74, EXIT 11",Indianapolis,IN,39.938417,-86.13894,3.66233333
69049,CIRCLE K #2741787,"I-440, EXIT 7 & US-165",North Little Rock,AR,34.766974,-92.265376,3.369
69051,PILOT TRAVEL CENTER #1225,"I-64, EXIT 23 & SR-4",Mascoutah,IL,38.490278,-89.793056,3.799
69051,PILOT TRAVEL CENTER #1225,"I-64, EXIT 23 & SR-4",Mascoutah,IL,38.490278,-89.793056,3.859
69051,PILOT #1225,"I-64, EXIT 23 & SR-4",Mascoutah,IL,38.490278,-89.793056,3.859
69052,PILOT DEALER #1193,US-93,Wikieup,AZ,34.703333,-113.610556,3.839
69052,PILOT #1193,US-93,Wikieup,AZ,34.703333,-113.610556,3.899
69053,PILOT #1192,US-60,Wittmann,AZ,33.726425,-112.446578,4.899
69053,PILOT DEALER #1192,US-60,Wittmann,AZ,33.726425,-112.446578,4.899
69055,PILOT DEALER #1058,US-301 & SR-200,Waldo,FL,29.787096,-82.160791,3.799
69055,PILOT TRAVEL CENTER #1058,US-301 & SR-200,Waldo,FL,29.787096,-82.160791,3.799
69057,MACH ONE FOOD SHOP #18,US-45/SR-15,Fairfield,IL,38.378214,-88.359323,3.759
69057,MACH ONE FOOD SHOP #18,US-45/SR-15,Fairfield,IL,38.378214,-88.359323,3.729
69058,FOOD N FUEL,SR-53,Joliet,IL,41.527154,-88.08241,3.599
69058,FOOD N FUEL,SR-53,Joliet,IL,41.527154,-88.08241,3.499
69059,LOVES TRAVEL STOP #530,"I-20, EXIT 147",Moody,AL,33.584132,-86.51557,3.17566666
69061,SPINX #125 (DISCOUNT AVAILABLE),US-25 & SR-331,Piedmont,SC,34.724433,-82.470216,3.06566666
69064,DUCK THRU #7,US-258,Rich Square                             ,NC,36.277256,-77.296947,3.699
69067,AP FUEL STOP,"I-75, EXIT 120",Lima                                    ,OH,40.764066,-84.097296,3.08066666
69069,SPINX #179 (DISCOUNT AVAILABLE),SR-291,Greenville                              ,SC,34.847165,-82.406049,3.799
69073,LOVES TRAVEL CENTER #518,"I-15, EXIT 260 & SR-77",Springville,UT,40.162528,-111.598664,3.689
69073,LOVES TRAVEL STOP #518,"I-15, EXIT 260 & SR-77",Springville,UT,40.162528,-111.598664,3.809
69076,A PLUS MINI MARKET,"I-95, MM 82",Aberdeen,MD,39.510886,-76.18054,3.83233333
69077,FLYING J #554,"I-37, EXIT 56",George West,TX,28.320388,-98.116159,3.199
69078,PILOT #559,"I-20, EXIT 178",Big Spring,TX,32.241767,-101.467517,3.659
69079,Circle K #2746432,SR-2,Stanley,ND,48.319189,-102.392802,3.549
69084,TIGER MART #79,SR-287 & FM-664,Waxahachie,TX,32.380796,-96.837398,2.849
69085,FATDOGS OGALLALA,"US-80, EXIT 126 & US-26/SR-61",Ogallala,NE,41.127505,-101.710742,3.014
69088,SPEEDWAY #3478,US-9 & SR-184,Perth Amboy,NJ,40.517551,-74.275427,3.419
69091,SPEEDWAY #6670,US-36/SR-67,Indianapolis,IN,39.938417,-86.13894,3.229
69095,JACKSONS FOOD STORE #23,"SR-395, EXIT 78",Reno                                    ,NV,39.526812,-119.811275,3.999
69096,SPEEDWAY #2907,US-62 & SR-18,Hermitage,PA,41.232601,-80.45303,3.93733333
69097,CIRCLE K #2741192,"I-30, EXIT 42B & SR-180",Dallas                                  ,TX,32.996848,-96.792113,2.899
69098,CIRCLE K #2741318,SR-285 & CR-160,Dripping Springs                        ,TX,30.226768,-98.102947,3.049
69099,LOVES TRAVEL STOP #523,"I-10, EXIT 92",Rayne,LA,30.204508,-92.248592,3.149
69100,DADS NORTH YELLOWSTONE,US-26,Idaho Falls,ID,43.517679,-111.990626,3.599
69101,BROMPTON VALERO,"I-20, EXIT 147 WEST",Moody,AL,33.584132,-86.51557,3.12233333
69102,CIRCLE K #4701445,"I-57, EXIT 250 & US-36",Rantoul,IL,40.310742,-88.146179,3.599
69102,CIRCLE K #4701445,"I-57, EXIT 250 & US-36",Rantoul,IL,40.310742,-88.146179,3.799
69103,LOVES TRAVEL STOP #539,US-385 & FM-1910,Andrews,TX,32.320125,-102.540926,3.689
69104,QUIKTRIP #970,SR-12 & SR-180,Dallas,TX,32.996848,-96.792113,2.97566666
69106,SPINX #201,"I-185, EXIT 1A, I-385, EXIT 30",Simpsonville,SC,34.736944,-82.254444,2.96566666
69109,SHEETZ #497,"I-99, EXIT 15 & US-220 (BUSINESS)",Claysburg,PA,40.329243,-78.479658,3.644
69110,SHEETZ #498,US-22/US-119,Blairsville,PA,40.441262,-79.253329,3.52733333
69112,LOVES TRAVEL STOP #529,"I-39, EXIT 54",Oglesby,IL,41.292768,-89.055341,3.489
69112,LOVES TRAVEL STOP #529,"I-39, EXIT 54",Oglesby,IL,41.292768,-89.055341,3.589
69112,LOVES TRAVEL STOP #529,"I-39, EXIT 54",Oglesby,IL,41.292768,-89.055341,3.389
69115,BP,"I-90, EXIT 387/CR-151",Hartford,SD,43.615472,-96.950052,2.97733333
69117,SPEEDWAY #6395,US-24 & SR-64,Waterville,OH,41.502248,-83.733142,3.699
69119,CIRCLE K #2741217,"I-24, EXIT 242 & US-550/SR-24",Bernalillo,NM,35.328506,-106.530873,3.52566666
69122,DOUBLE QUICK #61,US-82,Leland,MS,33.410025,-90.892801,3.299
69123,LATTA TRAVEL STOP,SR-1,Ada,OK,34.780044,-96.69236,3.10733333
69124,LOVES TRAVEL STOP #467,"I-95, EXIT 131 & SR-68",Fort Pierce,FL,27.438233,-80.443963,3.50566666
69125,TA BROOKLYN,"I-80, EXIT 197",Brooklyn,IA,41.732147,-92.428462,3.819
69127,TALL TIMBERS TRUCK STOP,"I-55, EXIT 46 & SR-16",Amite,LA,30.718208,-90.570493,2.999
69128,BEACON & BRIDGE #34,"US-127, EXIT 194 & SR-55",Houghton Lake                           ,MI,44.341327,-84.742175,3.399
69132,PILOT #1001,US-67 & SR-137,Big Lake,TX,31.240592,-101.478776,4.059
69133,PILOT TRAVEL CENTERS #557,US-180 & US-62,Hobbs                                   ,NM,32.72217,-103.137246,3.729
69134,LOVES TRAVEL STOP #486,"I-40 & US-270, EXIT 166",Choctaw,OK,35.471758,-97.272564,3.33733333
69135,SPEEDWAY #8013,"I-70, EXIT 21",Brookville,OH,39.841393,-84.416464,3.34066666
69137,CIRCLE K #2741564,"I-35/US-77, EXIT 338B",Waco                                    ,TX,31.552452,-97.139608,2.889
69139,CIRCLE K #2741545,SR-72 & US-87,Cuero,TX,29.090969,-97.281247,3.099
69141,LOVES TRAVEL STOP #558,US-283 & US-400/US-56,Dodge City,KS,37.756882,-100.024074,3.789
69142,LOVES TRAVEL STOP #517,"I-70, EXIT 26 & US-50/6",Grand Junction,CO,39.078326,-108.545692,3.989
69143,MACH 1 #21,US-45 & SR-34,Harrisburg,IL,37.725661,-88.54404,3.689
69144,STRIPES 7FLEET #42530,SR-71 & SR-16,Llano,TX,30.722533,-98.652727,3.23233333
69145,SPEEDWAY #9561,"I-77, EXIT 132",Ripley,WV,38.809042,-81.701987,3.499
69146,DRUMS FUEL STOP,I-80 EXIT 262,Drums                                   ,PA,41.025525,-75.97676,3.569
69149,BLU STATION- LAMAR AVE,"I-240, EXIT 30",Memphis,TN,35.0337,-89.9343,2.969
69150,BLU STATION,"I-70, EXIT 66 & SR-267",Plainfield,IN,39.716036,-86.395061,3.479
69151,PILOT #592,"I-70, EXIT 26 & US-50",Grand Junction,CO,39.078326,-108.545692,3.999
69151,PILOT TRAVEL CENTER #592,"I-70, EXIT 26 & US-50",Grand Junction,CO,39.078326,-108.545692,3.999
69152,LOVES TRAVEL STOP #557,"US-64/167, EXIT 44 & SR-367",Searcy,AR,35.253512,-91.762931,3.36233333
69153,Pilot Travel Center #1550,"I-65, EXIT 304 & SR-69/CR-437",Cullman,AL,34.176146,-86.829777,3.859
69153,PILOT #1550,"I-65, EXIT 304 & SR-69/CR-437",Cullman,AL,34.176146,-86.829777,3.859
69155,PILOT TRAVEL CENTERS #1004,"I-35, EXIT 214 & US-60",Tonkawa,OK,36.68062,-97.30634,3.59566666
69156,BLU STATION,"I-55, EXIT 5A",Memphis,TN,35.0337,-89.9343,2.969
69159,EXXON,US-15 & SR-49,Lawrenceville,PA,41.978266,-77.11355,3.699
69162,Shell,US-20 & SR-15,Goshen,IN,41.584484,-85.837988,3.549
69163,CUBBYS #406,"I-229, EXIT 9 & SR-115",Sioux Falls,SD,43.488,-96.7343,3.099
69164,CIRCLE K #2741557,US-190 & SR-195 & SR-3470,Killeen,TX,31.117,-97.7261,2.76233333
69165,EL TIPI QUICK STOP,US-283 & SR-15,Shattuck                                ,OK,36.288922,-99.879303,3.23233333
69167,HOBO TRUCK STOP 2,US-50/400 & US-83,Garden City                             ,KS,37.97693,-100.862088,3.399
69168,STRIPES 7FLEET #42470,I-20 EXIT 324 & CR-134,Cisco,TX,32.380043,-98.986507,3.12733333
69169,LAMBOS #5,"I-57, EXIT 212 & SR-36/CR-950",Tuscola,IL,39.799509,-88.281585,3.229
69170,SPEEDWAY #9381,US-50 & SR-14,Parkersburg,WV,39.264433,-81.535412,3.464
69171,KWIK STAR #215,US-61,Davenport,IA,41.5218,-90.5743,3.649
69172,KWIK TRIP #210,"US-53, EXIT 90",Eau Claire,WI,44.783972,-91.487686,3.40733333
69173,KWIK TRIP #231,US-61 & SR-310,Boscobel,WI,43.139327,-90.706101,3.474
69174,KWIK TRIP #860,SR-17,Rhinelander,WI,45.646718,-89.409285,3.45233333
69175,KWIK TRIP #854,US-212 & CR-33,Norwood Young America                   ,MN,44.766786,-93.930067,3.674
69176,FLYING J TRAVEL PLAZA #1015- TOWN PUMP,SR-200/SR-16 & CR-123,Sidney,MT,47.713017,-104.163445,3.384
69177,LOVES TRAVEL STOP #426,"I-80, EXIT 34",Shelby,IA,41.533898,-95.446888,3.649
69178,LOVES TRAVEL STOP #495,"I-75, EXIT 143 & CR-78",North Fort Myers,FL,26.678138,-81.909632,3.789
69182,XtraMart #1513,"I-87, EXIT 10 & US-9",Clifton Park,NY,42.849865,-73.785094,3.899
69183,SPEEDWAY #7611,"I-71, EXIT 65 & SR-435",Jeffersonville,OH,39.65896,-83.56873,3.229
69185,LOVES TRAVEL STOP #560,US-258 & US-58,Franklin,VA,36.678625,-76.939108,3.889
69185,LOVES TRAVEL STOPS #560,US-258 & US-58,Franklin,VA,36.678625,-76.939108,3.889
69186,LOVES TRAVEL STOP #551,US-20 & CR-127,Angola,IN,41.656321,-85.019803,3.889
69187,LOVES TRAVEL STOP #559,US-82 & US-49,Indianola,MS,33.449075,-90.654144,3.31566666
69188,PILOT TRAVEL CENTER #1013-TOWN PUMP,"I-90, EXIT 298",Belgrade                                ,MT,45.780126,-111.143927,3.63066666
69189,LOVES TRAVEL STOP #542,"I-10, EXIT 261/US-67 & I-10 BUS",Fort Stockton,TX,30.890785,-102.879942,3.649
69190,LOVES TRAVEL STOP #561,"I-10, EXIT 70 & US-90 & SR-285",Defuniak Springs,FL,30.751783,-86.138006,3.609
69193,Certified Oil #400305,SR-2 & SR-7,New Martinsville,WV,39.658798,-80.856541,3.31733333
69194,CHESAPEAKE HOUSE SUNOCO,"I-95, EXIT 97",North East,MD,39.604535,-75.953805,3.83233333
69200,BECKS EXPRESS MART #22,"I-55, EXIT 126",Lincoln,IL,40.14508,-89.368376,3.299
69201,CASEYS #3654,SR-210,Brainerd,MN,46.357219,-94.201873,3.44566666
69203,SPEEDWAY #1414,US-45,Mokena,IL,41.53421,-87.891121,3.339
69207,CIRCLE K #2705988,"I-10, EXIT 209A & US-90/SR-10",Tallahassee,FL,30.428563,-84.259337,3.619
69211,KWIK TRIP #213,"I-35/US-61, EXIT 139 & CR-19",Stacy,MN,45.398056,-92.987222,3.37733333
69213,Circle K #2741498,SR-72 & SR-16,Tilden                                  ,TX,28.419755,-98.569322,3.199
69214,MAVERIK #5031,"I-70, EXIT 90 & US-24",Rifle,CO,39.549073,-107.789804,3.46233333
69215,GASWAY,US-1,North Brunswick                         ,NJ,40.453767,-74.482285,3.159
69217,Circle K #4705624,"I-76, EXIT 2 & US-224",Seville,OH,41.022731,-81.856199,3.06566666
69218,DANDY MINI MART #58,"I-86, EXIT 41 & US-17/15",Campbell,NY,42.238569,-77.206619,3.899
69218,DANDY MINI MART #58,"I-86, EXIT 41 & US-17/15",Campbell,NY,42.238569,-77.206619,3.999
69220,CIRCLE K #2705097,"I-275, EXIT 2 & US-41",Palmetto,FL,27.521111,-82.5725,3.699
69221,PILOT TRAVEL CENTER #483,"I-80, EXIT 112 & SR-47",Morris,IL,41.367233,-88.417769,3.799
69222,PILOT TRAVEL CENTERS #1003,US-287 & US-283,Childress,TX,34.428124,-100.21017,3.799
69223,LOVES TRAVEL STOP #566,"US-231/CR-53, EXIT 12",Ozark,AL,31.439069,-85.643629,3.989
69226,STRIPES #40812,US-77,Odem,TX,27.940306,-97.583752,3.199
69228,QUIKTRIP #993,"I-20, EXIT 501 & SR-34",Terrell,TX,32.714292,-96.251342,2.87066666
69229,SPEEDWAY #7154,"I-40, EXIT 87 & US-70",Jackson,TN,35.610222,-88.814011,3.399
69230,JOES KWIK MARTS #6013,SR-16 & SR-73,Denver,NC,35.483677,-80.989785,3.189
69233,PILOT TRAVEL CENTER #597,US-23 & US-50,Chillicothe,OH,39.337997,-82.98949,3.799
69234,KWIK TRIP #220,US-53/SR-194,Duluth,MN,47.094431,-91.846731,3.499
69235,KWIK TRIP #203,US-2 & SR-35,Superior,WI,46.701552,-92.091174,3.339
69236,KWIK TRIP #225,SR-54/SR-55,Seymour,WI,44.509096,-88.317243,3.39066666
69237,KWIK TRIP #239,"I-43, EXIT 50 & SR-164",Big Bend,WI,42.888463,-88.212182,3.33233333
69238,KWIK TRIP #242,"US-41, EXIT 97",Fond Du Lac,WI,43.770446,-88.429149,3.34066666
69239,LOVES TRAVEL STOP #580,SR-20/157 & SR-133,Tuscumbia,AL,34.687432,-87.683259,3.849
69245,SPEEDWAY #7946,SR-24,Newport,NC,34.755076,-76.906945,3.699
69250,MAVERIK #5150,"I-25, EXIT 278 & SR-1",Wellington,CO,40.725525,-105.031844,3.199
69252,SPEEDWAY #6977,SR-96,Youngsville,NC,36.007782,-78.441198,2.95233333
69255,THE LANDING,US-82,Greenwood,MS,33.515884,-90.172589,3.199
69257,CATARINA ONE STOP,US-83,Catarina,TX,28.345278,-99.613056,3.024
69258,TEX-BEST #525,"I-37, EXIT 109 & SR-97",Pleasanton,TX,28.992368,-98.483061,3.099
69259,SPEEDWAY #7162,US-74/SR-311,Cleveland,TN,35.131257,-84.875006,3.449
69261,THORNTONS #314,SR-83,Bensenville,IL,41.9536,-87.935,3.449
69261,THORNTONS #314,SR-83,Bensenville,IL,41.9536,-87.935,3.409
69261,THORNTONS #314,SR-83,Bensenville,IL,41.9536,-87.935,3.459
69263,LOVES TRAVEL STOP #564,US-82 & SR-50 & SR-12,Columbus,MS,33.537699,-88.426194,3.249
69288,KWIK STAR #207,"US-61, EXIT 311B & US-30",De Witt,IA,41.826726,-90.523735,3.624
69289,KWIK TRIP #224,"I-35, EXIT 254",Duluth,MN,47.094431,-91.846731,3.499
69290,LOVES TRAVEL STOP #587,"I-41/US-45, EXIT 97",Fond Du Lac,WI,43.770446,-88.429149,3.44566666
69291,LOVES TRAVEL STOP #581,"I-70, EXIT 56 & US-89",Salina,UT,38.956028,-111.881072,3.70566666
69294,KWIK TRIP #317,"I-90, EXIT 28 & SR-16",Sparta,WI,43.954045,-90.814566,3.24233333
69296,KWIK TRIP #234,"I-35, EXIT 239",Cloquet,MN,46.726041,-92.45282,3.319
69297,KWIK TRIP #241,"US-51, EXIT 208 & SR-64",Merrill,WI,45.180924,-89.690696,3.40733333
69299,SPEEDWAY #7912,US-421/SR-16,Wilkesboro,NC,36.135857,-81.157292,3.134
69300,SPEEDWAY #8262,SR-306 & SR-55,Grantsboro,NC,35.122186,-76.884387,3.44066666
69301,SPEEDWAY #6969,US-264 & SR-99,Belhaven,NC,35.520493,-76.623574,3.19733333
69305,ROAD RANGER #268,"I-64, EXIT 130 & SR-1",Grayville,IL,38.262707,-88.003539,3.799
69306,PILOT TRAVEL CENTER #500,"I-75, EXIT 460 & SR-6",Jasper,FL,30.502914,-82.932186,3.369
69307,LOVES TRAVEL STOP #578,I-55 EXIT 30 & SR-140,Hamel,IL,38.878433,-89.872678,3.569
69307,LOVES TRAVEL STOP #578,I-55 EXIT 30 & SR-140,Hamel,IL,38.878433,-89.872678,3.419
69307,LOVES TRAVEL STOP #578,I-55 EXIT 30 & SR-140,Hamel,IL,38.878433,-89.872678,3.429
69307,LOVES TRAVEL STOP #578,I-55 EXIT 30 & SR-140,Hamel,IL,38.878433,-89.872678,3.689
69308,LOVES TRAVEL STOP #535,SR-283,Middletown,PA,40.204086,-76.733127,3.759
69309,PILOT TRAVEL CENTER #1012,"US-218, EXIT 42B & US-34",Mount Pleasant,IA,40.964573,-91.561427,3.56566666
69310,PILOT TRAVEL CENTER #1006,"I-10, EXIT 456 & US-377",Junction,TX,30.47544,-99.74731,3.599
69311,GOLDEN GATE TRUCKSTOP HAWTHORNE,US-95/SR-362,Hawthorne,NV,38.534658,-118.641143,4.079
69312,ONVO TRAVEL PLAZA - DUNCANNON,US-11/15,Duncannon,PA,40.408678,-77.047254,3.55233333
69313,PETERSONS DIESEL FUELING,"I-5, EXIT 156",Seattle,WA,47.611435,-122.330456,4.399
69314,Circle K #4706799,"I-55, EXIT 283 & SR-43",Bridgeview,IL,41.743128,-87.806572,3.919
69315,ROAD RANGER #269,"I-70, EXIT 147 & SR-1",Marshall,IL,39.421999,-87.692261,3.449
69315,ROAD RANGER #269,"I-70, EXIT 147 & SR-1",Marshall,IL,39.421999,-87.692261,3.249
69315,ROAD RANGER #269,"I-70, EXIT 147 & SR-1",Marshall,IL,39.421999,-87.692261,3.309
69318,FUEL ONE,US-9 & SR-35,Avenel,NJ,40.582568,-74.278522,3.37233333
69319,SPEEDWAY #8190,US-117/13 BYP S,Goldsboro,NC,35.382585,-78.015813,3.599
69321,CIRCLE K #2741546,US-90,Gonzales,TX,29.50857,-97.449456,2.87566666
69322,SHELL SERVICE STATION,"I-10, EXIT 828 & SR-73",Winnie,TX,29.815676,-94.339499,3.23233333
69324,CIRCLE K #4707006,"I-95, EXIT 302 & US-1",Houlton,ME,46.11885,-67.863014,3.899
69330,KWIK TRIP #292,"I-43, EXIT 183",Green Bay,WI,44.485313,-88.016868,3.39066666
69333,SPEEDWAY #3578,"US-131, EXIT 64",Wayland,MI,42.664268,-85.619112,3.599
69333,SPEEDWAY #3578,"US-131, EXIT 64",Wayland,MI,42.664268,-85.619112,3.499
69333,SPEEDWAY #3578,"US-131, EXIT 64",Wayland,MI,42.664268,-85.619112,3.699
69336,SPEEDWAY #7148,"I-40, EXIT 232 & SR-109",Lebanon,TN,36.209792,-86.302367,2.92233333
69338,SPEEDWAY #6139,US-30 & SR-13,Pierceton,IN,41.212406,-85.706119,3.729
69339,SPEEDWAY #9383,"I-75, EXIT 29 & SR-63",Monroe,OH,39.441285,-84.365196,3.20233333
69341,CIRCLE K #2741067,"I-410/US-281, EXIT 41",San Antonio,TX,29.468525,-98.526352,2.899
69342,WARREN OIL,"I-90, EXIT 3 & US-41 & SR-912",Hammond,IN,41.609929,-87.507911,3.439
69344,CIRCLE K #2741078,SR-97 & SR-123,Stockdale,TX,29.231907,-97.935082,3.079
69345,RUTTERS #20,"I-76, EXIT 247 & I-283, EXIT 1A",Middletown,PA,40.204086,-76.733127,3.82233333
69346,D AND C FUEL SALES,US-6 & CR-4019,Tunkhannock                             ,PA,41.550687,-75.941043,3.699
69353,SPEEDWAY #2910,"I-79, EXIT 55",Pittsburgh,PA,40.474536,-79.952524,3.909
69354,CIRCLE K #4702411,US-36,Danville,IN,39.762815,-86.534254,3.789
69362,HART MARATHON,US-31,Hart,MI,43.70676,-86.314152,3.499
69362,HART MARATHON,US-31,Hart,MI,43.70676,-86.314152,3.449
69365,Circle K #4703911,SR-109 & SR-52,Portland,TN,36.567306,-86.505923,2.959
69369,SPEEDWAY #2912,SR-65,Baden,PA,40.641595,-80.198471,3.91233333
69374,7-ELEVEN #40558,SR-6 & CR-185,Woodway,TX,31.505074,-97.231062,2.98566666
69377,CIRCLE K #4705628,SR-21 & SR-585,Barberton,OH,41.018589,-81.615314,3.58233333
69379,Kum & Go #0535,US-6 & US-65,Des Moines,IA,41.6005,-93.6088,2.98733333
69380,CASEYS #2967,SR-43 & SR-2,Bennet,NE,40.63822,-96.5134,3.229
69384,KWIK TRIP #209,"US-41, EXIT 148 & SR-55",Kaukauna,WI,44.29561,-88.271692,3.369
69390,MINIT MART #600625,"I-57, EXIT 283 & US-24",Gilman,IL,40.767987,-87.993336,3.399
69390,MINIT MART #600625,"I-57, EXIT 283 & US-24",Gilman,IL,40.767987,-87.993336,3.489
69392,LOVES TRAVEL STOP #600,"I-69, EXIT 214",Pendleton,IN,39.979237,-85.794614,3.57566666
69393,LOVES TRAVEL STOP #594,US-35 & SR-850,Bidwell,OH,38.927647,-82.270092,3.849
69394,SPEEDWAY #3424,"I-75, EXIT 73 & SR-55",Troy,OH,40.037394,-84.203151,3.13566666
69395,SPEEDWAY #3766,US-52,Indianapolis,IN,39.938417,-86.13894,3.599
69396,SPEEDWAY #7158,"I-40, EXIT 320 & SR-98",Crossville,TN,35.944041,-85.017171,3.07233333
69397,SPEEDWAY #7163,"I-40/US-412, EXIT 85",Jackson,TN,35.610222,-88.814011,3.349
69398,SPEEDWAY #7114,"I-75, EXIT 4, SR-153, EXIT 1 & US-64/US-11",Chattanooga,TN,35.0455,-85.3081,3.08233333
69399,SPEEDWAY #7147,"I-75, EXIT 49 & SR-30",Athens,TN,35.457389,-84.604261,3.349
69400,CASEYS #4411,US-641 & SR-58,Benton,KY,36.880649,-88.354773,3.199
69401,CASEYS #3205,"I-29, EXIT 47 & US-275/SR-92",Council Bluffs,IA,41.252954,-95.880992,3.599
69402,SHELL,"I-71, EXIT 151 & SR-95",Mount Gilead,OH,40.538371,-82.806235,3.759
69403,SHORTYS ONE STOP,US-83/12/SR-20,Selby,SD,45.478587,-100.054067,3.089
69405,FLYING J #551,"I-20, EXIT 330 & SR-206",Cisco                                   ,TX,32.380043,-98.986507,3.14233333
69407,Cenex,US-14/CR-812 & US-83,Blunt                                   ,SD,44.502572,-99.946278,3.1015
69410,LOVES TRAVEL STOP #602,"I-90, EXIT 67B",Box Elder,SD,44.119858,-103.068237,3.989
69412,CIRCLE K #4705724,US-127 & CR-144,Paulding,OH,41.141016,-84.572227,3.699
69413,ASAP GENERAL STORE #300,"I-40, EXIT 66 & US-183",Clinton,OK,35.511543,-98.979533,3.149
69414,FLEX MARKET,"I-65 EXIT20, US-31 W EXIT 4",Bowling Green                           ,KY,37.007874,-86.455891,2.999
69416,CIRCLE K #2740541,HWY 90,Roans Prairie,TX,30.486944,-95.986667,3.07233333
69417,LOVLEN FOODS,US-58 & SR-615,Drewryville,VA,36.685433,-77.359098,3.049
69421,CIRCLE K #2741257,"I-10, EXIT 19B",El Paso,TX,31.758411,-106.478311,2.91566666
69423,FAST MARKET #4574,SR-375 & CR-258,El Paso,TX,31.758411,-106.478311,2.90566666
69425,5R TRAVEL CENTER,"I-10, US HWY 180, EXIT 82A",Deming,NM,32.231808,-107.746559,3.049
69426,LOVES TRAVEL STOP #553,"I-40 E, EXIT 163",Williams,AZ,35.249842,-112.190623,3.59566666
69434,CIRCLE K #2741559,US-281 & SR-29,Burnet,TX,30.776597,-98.26424,2.91566666
69436,CIRCLE K #2741077,SR-97 & CR-433,Pleasanton                              ,TX,28.992368,-98.483061,2.949
69437,CountryMark,SR-66,Evansville                              ,IN,37.9746,-87.5674,3.699
69438,LOVES TRAVEL STOP #585,"I-49/US-71, EXIT 27 & SR-86",Neosho,MO,36.870634,-94.386218,3.39733333
69439,LOVES TRAVEL STOP #608,"I-135, EXIT 60 & US-56",Mcpherson,KS,38.373732,-97.654989,3.324
69440,LOVES TRAVEL STOP #592,US-24 & SR-101,Woodburn,IN,41.136102,-84.892871,3.849
69441,LOVES TRAVEL STOP #610,"I-20, EXIT 307 & US-283",Baird,TX,32.391557,-99.37766,3.10733333
69442,Eagle #51,US-83 & FM-1917,Carrizo Springs,TX,28.52779,-99.863513,3.279
69446,SUPER SAVE #4,SR-33 & SR-15,Farmerville,LA,32.753378,-92.317955,3.479
69448,STRIPES #42525,"I-27/US-87, EXIT 2",Lubbock,TX,33.586527,-101.860634,2.95733333
69451,LOVES TRAVEL STOP #603,I-95 EXIT 366 AT PECAN PARK RD,Jacksonville,FL,30.3163,-81.4175,3.399
69452,DANDY MINI MART #5,HWY 6,Towanda,PA,41.763758,-76.464527,3.999
69453,7-ELEVEN #41033,US-69,Woodville,TX,30.775133,-94.425494,3.149
69454,SPEEDWAY #6092,"I-65, EXIT 76A & US-31",Taylorsville,IN,39.295833,-85.950833,3.35733333
69455,SPEEDWAY #4214,"I-45, EXIT 46 & US-100",Milwaukee,WI,43.0343,-87.9151,3.36566666
69458,PEOSTA KWIK STOP,"US-20, EXIT 308",Peosta,IA,42.443535,-90.809372,3.489
69459,LOVES TRAVEL STOP #583,"I-64, EXIT 27 & SR-161",New Baden,IL,38.531485,-89.692232,3.849
69462,LOVES TRAVEL STOP #619,"I-59, EXIT 29 & SR-26",Poplarville,MS,30.852362,-89.564751,3.17566666
69465,MAVERIK COUNTRY STORE #476,US-59,Gillette,WY,44.282009,-105.497442,3.36566666
69467,CIRCLE K #2741547,US-181,Floresville,TX,29.169338,-98.193589,2.99566666
69468,TOOT N TOTUM #100,US-83,Perryton,TX,36.374825,-100.815558,2.999
69469,QUIKTRIP #1110,"I-85, EXIT 60 & US-101",Greer,SC,34.8968,-82.267442,3.08566666
69471,Circle K #2741501,"I-37, EXIT 3A",Corpus Christi                          ,TX,27.794086,-97.402994,3.104
69474,LOVES TRAVEL STOP #577,"I-85, EXIT 22",Shorter,AL,32.383585,-85.91616,3.22066666
69475,GUTHRIE TRAVEL CENTER,I-35 EXT 138C,Guthrie,OK,35.832955,-97.435995,2.96566666
69477,LOVES TRAVEL STOP #621,US-36 & SR-110,Bevier,MO,39.749707,-92.561925,3.439
69480,VAN HOOK TRAVEL CENTER,US-23,New Town                                ,ND,47.977154,-102.485793,3.56233333
69483,LOVES TRAVEL STOP #607,"US-63, EXIT 40 & SR-463",Jonesboro,AR,35.833016,-90.696526,3.439
69484,KWIK TRIP #774,SR-13,Adams,WI,43.896688,-89.821869,3.274
69485,7-ELEVEN #41036,US-96,San Augustine,TX,31.515173,-94.132581,3.159
69486,DUCK THRU FOOD STORE #42,SR-186 & SR-305,Seaboard,NC,36.488552,-77.411306,3.299
69487,CIRCLE K #2742034,"I-35, EXIT 176",Schertz,TX,29.568159,-98.272214,2.794
69489,SPRINT FOODS #728,SR-38,Bennettsville,SC,34.625501,-79.689826,3.399
69492,GOOD 2 GO #418,"I-15, EXIT 273 & US-54 & US-91",Mona,UT,39.838165,-111.848001,3.429
69494,TMI FUEL STOP,SR 1,Port Allen                              ,LA,30.471983,-91.254088,3.06566666
69495,QUIKTRIP #72,US-69 & US-62,Muskogee,OK,35.730661,-95.375491,3.03233333
69496,LOVES TRAVEL STOP #601,"I-70, EXIT 115 & SR-109",Knightstown,IN,39.806029,-85.526148,3.949
69497,MACH ONE FOOD SHOP #10,"I-70 & EXIT 129, SR-49",Casey,IL,39.301716,-87.991306,3.499
69497,MACH ONE FOOD SHOP #10,"I-70 & EXIT 129, SR-49",Casey,IL,39.301716,-87.991306,3.299
69497,MACH ONE FOOD SHOP #10,"I-70 & EXIT 129, SR-49",Casey,IL,39.301716,-87.991306,3.199
69499,HANKS TRUCK STOP,US-39 & US-30,Hanna,IN,41.408767,-86.775922,3.499
69500,ROAD RANGER #271,"I-20, EXIT 108",Odessa,TX,31.8465,-102.3663,3.51566666
69501,VALLEY COUNTRY STORE,"I-84, EXIT 16B & SR-79",Jerome,ID,42.71784,-114.501244,3.43233333
69504,KWIK TRIP #245,SR-42,Plainview,MN,44.16373,-92.162125,3.624
69505,KWIK TRIP #282,"I-43, EXIT 43 & SR-83",Mukwonago,WI,42.882054,-88.345116,3.33733333
69506,KWIK TRIP #290,"I-94/US-41, EXIT 321",Oak Creek,WI,42.88916,-87.902661,3.719
69508,KWIK TRIP #777,SR-49 & CR-F,Berlin,WI,43.976936,-88.949009,3.42566666
69510,CLARK #3121,SR-46 & SR-24,Caro                                    ,MI,43.483272,-83.383469,3.399
69512,LOVES TRAVEL STOP #589,"I-27/US-87, EXIT 8 & FM-2641",Lubbock,TX,33.586527,-101.860634,3.33233333
69513,KWIK TRIP #885,WI-29 EXIT 132,Abbotsford,WI,44.964057,-90.299438,3.45233333
69514,Flying J #1033,"I-20, EXIT 138 & SR-158",Midland,TX,31.989636,-102.06261,3.56566666
69520,SPEEDWAY #2908,SR-51,Perryopolis,PA,40.085724,-79.754384,3.91566666
69521,CASEYS #3319,"US-30, EXIT 158",Nevada,IA,42.018983,-93.446219,2.989
69522,FUEL EXPRESSO 17,"I-35 & EXIT 187, SR-68",Ottawa                                  ,KS,38.614247,-95.274519,3.17233333
69524,CONCORD XTRAMART,"I-93, EXIT 17 & US-4",Concord,NH,43.218525,-71.527734,3.659
69525,DILLEY TRUCK STOP,"I-35 & EXIT 85, FM 117",Dilley,TX,28.678201,-99.174684,3.06566666
69526,STRIPES 7FLEET #42469,"I-20, US-80 EXIT 15A",Santo,TX,32.597935,-98.179675,2.91733333
69527,Exxon,"I-96, EXIT 129",Fowlerville,MI,42.661438,-84.072085,3.749
69528,KWIK STAR #283,"I-380/US-218/SR-27, EXIT 13",Cedar Rapids,IA,41.9743,-91.655382,3.53233333
69530,CIRCLE K #2741030,"I-35, EXIT 160",San Antonio,TX,29.468525,-98.526352,2.999
69531,Kwik Star#223,"I-35, EXIT 194 & US-18/SR-122",Clear Lake,IA,43.140607,-93.384978,3.079
69532,JACKSONS FOOD STORE #147,"I-84, EXIT 27/US-20 & SR-19",Caldwell                                ,ID,43.662719,-116.700038,3.579
69534,CAIRO TRAVEL CENTER,US-84/SR-38,Cairo                                   ,GA,30.9517,-84.2048,3.424
69536,7-ELEVEN #40802,US-87,Nixon,TX,29.301649,-97.752898,3.079
69541,PILOT #1027,US-385 & CR-E,Vega                                    ,TX,35.373212,-102.356572,3.30566666
69542,PILOT #1030,"I-57, EXIT 353",Alsip,IL,41.6723,-87.7339,3.359
69542,PILOT TRAVEL CENTER #1030,"I-57, EXIT 353",Alsip,IL,41.6723,-87.7339,3.459
69542,PILOT TRAVEL CENTER #1030,"I-57, EXIT 353",Alsip,IL,41.6723,-87.7339,3.499
69542,PILOT TRAVEL CENTER #1030,"I-57, EXIT 353",Alsip,IL,41.6723,-87.7339,3.599
69542,PILOT #1030,"I-57, EXIT 353",Alsip,IL,41.6723,-87.7339,3.459
69545,LOVES TRAVEL STOP #628,"I-35E, EXIT 386 & FM-1134",Italy,TX,32.178508,-96.88229,3.10233333
69546,KWIK TRIP #186,"I-35, EXIT 183",Hinckley,MN,46.018876,-92.899333,3.35233333
69547,KWIK TRIP #297,"US-10, WI-441",Menasha,WI,44.211164,-88.417536,3.49066666
69549,KWIK TRIP #178,"I-494, EXIT 64B & SR-156",South Saint Paul,MN,44.888128,-93.046013,3.60733333
69550,KWIK TRIP #273,"I-35, EXIT 251B & SR-23",Duluth,MN,47.094431,-91.846731,3.499
69553,SPEEDWAY #2120,US-30,Oswego,IL,41.684893,-88.345305,3.249
69553,SPEEDWAY #2120,US-30,Oswego,IL,41.684893,-88.345305,3.259
69553,SPEEDWAY #2120,US-30,Oswego,IL,41.684893,-88.345305,3.299
69554,SPEEDWAY #8047,"I-70, EXIT 104 & SR-9",Greenfield,IN,39.790204,-85.814102,3.599
69558,CIRCLE K #2741070,FM-1560,San Antonio,TX,29.468525,-98.526352,2.914
69559,CASEYS #3424,"I-35, EXIT 26 & SR-30",Ellendale                               ,MN,43.882591,-93.319492,3.499
69560,LOVES TRAVEL STOP #614,"I-40, EXIT 149",Albuquerque,NM,35.0936,-106.6423,3.52066666
69561,SPEEDWAY #7156,"I-40/75, EXIT 374 & SR-131",Knoxville,TN,35.9609,-83.9189,3.26566666
69562,SPEEDWAY #8796,"I-496, EXIT 11",Lansing,MI,42.7335,-84.6391,3.699
69563,SPEEDWAY #9651,"I-75, EXIT 104",Lexington,KY,38.017394,-84.485423,3.149
69564,SPEEDWAY #7106,"I-40, EXIT 280 & SR-56",Baxter,TN,36.124917,-85.637766,3.06566666
69565,PILOT #1021,"I-196, EXIT 49",Holland,MI,42.7875,-86.108889,3.999
69565,PILOT #1021,"I-196, EXIT 49",Holland,MI,42.7875,-86.108889,4.099
69566,PILOT TRAVEL CENTER #1024,"I-80, EXIT 132B & SR-53",Joliet,IL,41.527154,-88.08241,3.799
69566,PILOT #1024,"I-80, EXIT 132B & SR-53",Joliet,IL,41.527154,-88.08241,3.799
69567,KWIK TRIP #166,"I-35, EXIT 214",Moose Lake,MN,46.44724,-92.746648,3.319
69568,KWIK TRIP #295,SR-26 & SR-59,Milton,WI,42.779087,-88.953087,3.399
69570,CENEX CONVENIENCE,SR-34 & CR-21,Detroit Lakes,MN,46.834877,-95.800606,3.499
69572,AC & T GARLAND GROH,I-81 EXIT 7B,Hagerstown,MD,39.632022,-77.737215,3.559
69573,AC & T Falling Waters,"I-81, EXIT 23",Falling Waters                          ,WV,39.586473,-77.885152,3.849
69574,LOVES TRAVEL STOP #622,"I-94, EXIT 45 & CR-B",Menomonie,WI,44.87182,-91.92651,3.579
69575,LOVES TRAVEL STOP #537,"I-68, EXIT 46 & US-220/SR-144",Cumberland,MD,39.6504,-78.7574,4.249
69576,PILOT #498,US-69/75 & SR-7,Atoka,OK,34.34451,-96.141827,3.499
69580,GORES TRAVEL PLAZA,US-270/SR-3,Seiling,OK,36.127823,-98.88746,3.149
69581,BYRNE DAIRY #22,"I-81, EXIT 15 & US-20",La Fayette                              ,NY,42.890959,-76.106116,4.299
69584,LOVES TRAVEL STOP #648,US-70,Valliant,OK,34.009056,-95.068625,3.099
69585,LOVES TRAVEL STOP #618,"I-75, EXIT 136 & SR-32",Sadieville,KY,38.390816,-84.538424,3.139
69587,LAMBOS #3,"I-57, EXIT 190A & SR-16",Mattoon,IL,39.480184,-88.376152,3.399
69588,FUEL CITY,"I-30, EXIT 52B & US-80",Mesquite,TX,32.767821,-96.608219,2.96566666
69589,LOVES TRAVEL STOP #604,I-35 EXIT 157 & SR-33,Guthrie,OK,35.832955,-97.435995,3.319
69590,LOVES TRAVEL STOP #654,US-81,Union City,OK,35.391333,-97.93979,3.37566666
69591,REBEL PLUS #841,"I-75, EXIT 116 & CR-865",Bonita Springs,FL,26.3869,-81.733,3.539
69592,SPEEDWAY #6131,"I-465, EXIT 49",Indianapolis,IN,39.938417,-86.13894,3.799
69594,SPEEDWAY #8480,US-30 & CR-36,Plainfield,IL,41.600884,-88.199391,3.279
69594,SPEEDWAY #8480,US-30 & CR-36,Plainfield,IL,41.600884,-88.199391,3.339
69595,SPEEDWAY #7176,US-31/SR-6,Columbia,TN,35.615577,-87.038032,3.359
69596,SPEEDWAY #4250,SR-72,Des Plaines,IL,42.046734,-87.885899,3.289
69596,SPEEDWAY #4250,SR-72,Des Plaines,IL,42.046734,-87.885899,3.499
69597,SPEEDWAY #2918,US-119,Uniontown,PA,39.889733,-79.728216,3.91566666
69598,SPEEDWAY #8133,SR-237,Berea,OH,41.367557,-81.861756,3.499
69599,One9 SPEEDWAY #2917,SR-48 & SR-130,Monroeville,PA,40.429026,-79.762279,3.99233333
69601,LOVES TRAVEL STOP #638,US-54,Texhoma,OK,36.52529,-101.839351,3.509
69605,CASEYS #3305,SR-23 & SR-47,Ogilvie,MN,45.847632,-93.435921,3.371
69607,PANOLA PINES PLAZA,I-59,Carthage,TX,32.154379,-94.352721,3.139
69608,STRIPES,FM 1924,Mission,TX,26.24153,-98.342647,3.099
69611,CUBBYS #2104,CR-131,Shelby                                  ,NE,41.243544,-97.429536,3.399
69612,ROAD RANGER #272,"I-35, EXIT 39 & SR-44",Encinal,TX,28.051329,-99.340902,3.539
69614,RUTTERS #36,US-15 & SR-234,York Springs,PA,40.00839,-77.106136,4.299
69615,LOVES TRAVEL STOP #631,US-275/SR-64,Valley,NE,41.318581,-96.346288,3.34566666
69616,FLYING J #552,"I-71, EXIT 32 & SR-350",Lebanon,OH,39.442047,-84.218754,3.399
69618,LOVES TRAVEL STOP #656,US-50/400,Holcomb,KS,37.993105,-100.989323,3.729
69621,Circle K #2741096,"I-10/US-90, EXIT 591 & FM-1518",Converse                                ,TX,29.517331,-98.321673,2.93566666
69625,RUTTERS #34,US-30 & SR-23,Leola,PA,40.096448,-76.192109,4.199
69626,CASEYS #2860,US-160 & FM-6070,West Plains,MO,36.728418,-91.871681,3.419
69627,STRIPES #40601,US-83 & FM-2360,Rio Grande City,TX,26.394194,-98.810444,2.99566666
69629,SWANTON MOBIL,"I-89, EXIT 21 & SR-78",Swanton,VT,44.916754,-73.121124,3.539
69630,MANSFIELD TRAVEL PLAZA,SR-175 & SR-509,Mansfield,LA,32.023863,-93.698045,3.019
69632,Circle K #2709300,US-72/SR-2,Huntsville,AL,34.726866,-86.567318,2.97733333
69633,ONE9 EXPRESS FUEL,"I-10, EXIT 42 & FM-1110",Clint,TX,31.549418,-106.20383,2.80233333
69636,PETRO WILMINGTON,"I-55, EXIT 240",Wilmington,IL,41.298063,-88.130083,3.399
69636,PETRO WILMINGTON,"I-55, EXIT 240",Wilmington,IL,41.298063,-88.130083,3.499
69636,PETRO WILMINGTON,"I-55, EXIT 240",Wilmington,IL,41.298063,-88.130083,3.449
69636,PETRO WILMINGTON,"I-55, EXIT 240",Wilmington,IL,41.298063,-88.130083,3.539
69637,PILOT #1041,SR-64 & CR-23,Carol Stream,IL,41.9166,-88.1209,3.759
69637,PILOT TRAVEL CENTER #1041,SR-64 & CR-23,Carol Stream,IL,41.9166,-88.1209,3.699
69637,PILOT #1041,SR-64 & CR-23,Carol Stream,IL,41.9166,-88.1209,3.799
69637,PILOT TRAVEL CENTER #1041,SR-64 & CR-23,Carol Stream,IL,41.9166,-88.1209,3.799
69643,Tex-Best #524,SR-44 E,Alice,TX,27.743171,-98.083622,2.899
69646,Arco One9,"I-10, EXIT 19",Quartzsite,AZ,33.5675,-114.2731,3.379
69646,Arco dba One9 #1258,"I-10, EXIT 19",Quartzsite,AZ,33.5675,-114.2731,3.359
69647,SPEEDWAY #6207,SR-25,Batavia,IL,41.848165,-88.309756,3.699
69647,SPEEDWAY #6207,SR-25,Batavia,IL,41.848165,-88.309756,3.599
69648,BP-GIANT OIL #440,"I-71, EXIT 204 & SR-83",Burbank,OH,40.963725,-81.995753,3.23233333
69649,SPEEDWAY #2921,"I-80, EXIT 29 & SR-8",Harrisville,PA,41.163087,-79.979639,3.434
69651,LOVES TRAVEL STOP #074,SR-19 & SR-76,Lindsay,OK,34.821116,-97.599788,3.09066666
69652,LOVES TRAVEL STOP #633,US-30,Plymouth,IN,41.333897,-86.324087,3.849
69653,LOVES TRAVEL STOP #644,"I-70, EXIT 437 & US-385",Burlington,CO,39.310649,-102.258281,3.889
69654,LOVES TRAVEL STOP #636,US-169,Nowata,OK,36.694565,-95.640421,3.399
69657,JIFFY MART,US-7 & SR-22A,Ferrisburgh,VT,44.212822,-73.258575,3.599
69658,Missouri Travel,"I-29, EXIT 75 & US-30",Missouri Valley,IA,41.564399,-95.891346,3.424
69659,QUIKTRIP #1092,"I-77, EXIT 77 & US-21/SR-5",Rock Hill,SC,34.915068,-81.012904,3.134
69662,STRIPES 7FLEET #42472,US-377,Brownwood,TX,31.704658,-98.975164,2.96233333
69663,STRIPES #2484,SR-480 & FM-1021,Eagle Pass,TX,28.702786,-100.48176,3.199
69664,7-ELEVEN #40544,US-281,Lampasas,TX,31.067957,-98.183361,2.91566666
69666,7-ELEVEN #40587,SR-21 & FM-150,Maxwell,TX,29.878628,-97.852852,3.15233333
69668,LOVES TRAVEL STOP #643,"I-55/57, EXIT 66A & US-60",Sikeston,MO,36.891111,-89.58197,3.549
69669,LOVES TRAVEL STOP #623,"I-20/SR-349, EXIT 131",Midland,TX,31.989636,-102.06261,3.55566666
69670,LOVES TRAVEL STOP #611,"I-90, EXIT B3 & SR-22",Canaan,NY,42.413168,-73.415889,3.989
69670,LOVES TRAVEL STOP #611,"I-90, EXIT B3 & SR-22",Canaan,NY,42.413168,-73.415889,3.979
69671,LOVES TRAVEL STOP #655,US-83 & SR-96,Scott City,KS,38.47994,-100.899331,3.63733333
69672,STRIPES 7FLEET #42507,US-285,Pecos,TX,31.414384,-103.508129,3.379
69673,QUIKTRIP #1863,"SEC HWY 114, I-35",Roanoke,TX,32.98639,-97.205346,2.97566666
69674,WEIGLES #64,"I-75, EXIT 122 & SR-61",Clinton,TN,36.08688,-84.189735,2.99566666
69676,SPEEDWAY #8495,"US-19/SR-400, EXIT 12",Alpharetta,GA,34.1048,-84.2949,3.349
69679,LOVES TRAVEL STOP #627,US-27 & SR-54,Davenport,FL,28.22,-81.6205,3.55233333
69680,PILOT #1042,I-55 EXIT 283,Bridgeview,IL,41.743128,-87.806572,3.799
69680,PILOT TRAVEL CENTER #1042,I-55 EXIT 283,Bridgeview,IL,41.743128,-87.806572,3.799
69681,PILOT #1549,"I-20, EXIT168 & SR-77",Lincoln,AL,33.605913,-86.111152,3.199
69681,PILOT TRAVEL CENTER #1549,"I-20, EXIT168 & SR-77",Lincoln,AL,33.605913,-86.111152,3.109
69682,PILOT #1577,"I-75, EXIT 141 & SR-63",Pioneer,TN,36.469465,-84.290672,3.02566666
69683,GOOD TO GO #88,"I-55, EXIT 283",Chicago,IL,41.885847,-87.618123,3.619
69684,KWIK TRIP #140,"SR-29, EXIT 177",Schofield,WI,44.906407,-89.581789,3.424
69686,CASEYS #3472,SR-125 & SR-78,Virginia,IL,39.945475,-90.212681,3.759
69686,CASEYS #3472,SR-125 & SR-78,Virginia,IL,39.945475,-90.212681,3.659
69686,CASEYS #3472,SR-125 & SR-78,Virginia,IL,39.945475,-90.212681,3.799
69687,CASEYS #3470,US-421 & SR-16,Monon,IN,40.861176,-86.863537,3.779
69688,CASEYS #3431,US-150 & SR-54,Farmer City,IL,40.244689,-88.663385,3.339
69693,MAVERIK COUNTRY STORE #527,"US-89, EXIT 405",Ogden,UT,41.2443,-112.0072,3.439
69694,MAVERIK COUNTRY STORE #533,US-91 & SR-101,Wellsville                              ,UT,41.634302,-111.931676,3.444
69695,MAVERIK COUNTRY STORE #488,"I-15/US-89, EXIT 288",Draper,UT,40.504599,-111.88096,3.44566666
69696,MAVERIK COUNTRY STORE #531,"I-80/15, EXIT 305D",Logan,UT,41.747025,-111.822613,3.43066666
69698,KUM & GO #0891,I-44 (EASTBOUND),Vinita,OK,36.633353,-95.138164,3.059
69699,CIRCLE K #2741552,"SR-969, SR-130, EXIT 444",Austin                                  ,TX,30.210692,-97.942749,2.93233333
69701,PUMP & PANTRY #48,US-30 & SR-25,Fremont,NE,41.441637,-96.494468,3.319
69702,SPEEDWAY #7159,"I-40/SR-66, EXIT 412",Dandridge,TN,36.001798,-83.404435,3.259
69703,CIRCLE K #2741831,"I-35, EXIT 8B & SR-20",Laredo,TX,27.515538,-99.498579,2.90233333
69707,SUPER S TRAVEL PLAZA,"I-49, EXIT 241",Ida,LA,32.993393,-93.902186,3.059
69708,TA Express #289,US-59,Nacogdoches,TX,31.618534,-94.651093,3.139
69709,LOVES TRAVEL STOP #626,US-287,Dumas,TX,35.882315,-101.967984,3.41566666
69710,LOVES TRAVEL STOP #625,"I-80, EXIT 59 & SR-17J",Sidney,NE,41.142778,-102.9775,3.47233333
69711,PILOT TRAVEL CENTER #1047,"I-295, EXIT 25",Jacksonville,FL,30.3163,-81.4175,3.384
69711,PILOT #1047,"I-295, EXIT 25",Jacksonville,FL,30.3163,-81.4175,3.359
69712,LOVES TRAVEL STOP #650,"I-84/US-30, EXIT 159",Boardman,OR,45.827165,-119.72057,3.52233333
69713,EAGLE #56,"I-45, Exit 189",Teague,TX,31.632772,-96.27778,3.48233333
69715,CASEYS #2712,SR-8/SR-14,Superior,NE,40.031537,-98.077872,3.36233333
69719,SHEETZ #033,"I-99/US-220, EXIT 41 & SR-865",Altoona,PA,40.520945,-78.408901,3.529
69720,PILOT #1046,US-27 & SR-80,South Bay,FL,26.670126,-80.731214,3.799
69720,PILOT TRAVEL CENTER #1046,US-27 & SR-80,South Bay,FL,26.670126,-80.731214,3.799
69721,MFA,US-36,Brookfield                              ,MO,39.784612,-93.071948,3.249
69723,SPEEDWAY #5036,I-90 & US-20,Hampshire,IL,42.080748,-88.517033,3.369
69727,PETRO-CARD 24 #910880,SR-6/13,Gallatin,MO,39.902486,-93.978748,3.299
69729,MFA OIL,US-63 & HWY E,Queen City,MO,40.415175,-92.566263,3.249
69731,PETRO-CARD 24 #910561,"I-49, EXIT 102A",Nevada                                  ,MO,37.840853,-94.357127,3.349
69732,PETRO-CARD 24 #911043,US-65,Sedalia                                 ,MO,38.696076,-93.232268,3.249
69735,PETRO-CARD 24 #910200,US-65 & BUS US-36,Chillicothe,MO,39.796569,-93.550887,3.289
69740,LOVES TRAVEL STOP #613,"I-81, EXIT 24 & SR-80",Meadowview,VA,36.761175,-81.851205,3.599
69741,LOVES TRAVEL STOP #659,"I-10, EXIT 133B",Tolleson,AZ,33.434686,-112.277444,3.569
69742,LOVES TRAVEL STOP #630,US-412/64,Enid,OK,36.402842,-97.862257,3.78733333
69743,LOVES TRAVEL STOP #647,US-81,Belleville,KS,39.824054,-97.629016,3.81566666
69744,LOVES TRAVEL STOP #632,US-54 & US-83,Liberal,KS,37.043789,-100.92857,3.66566666
69745,PILOT #1070,"I-40/US-54, EXIT 277 & US-84",Santa Rosa,NM,34.933276,-104.682155,3.46233333
69746,Maverik Country Store #5014,I-80 E EXIT 110 & HWY169,De Soto,IA,41.533285,-94.027582,3.099
69747,SUNOCO,I-69 & YS HWY 30,Fort Wayne,IN,41.0716,-85.1367,3.604
69748,SUNOCO,SR-930 E,Fort Wayne                              ,IN,41.0716,-85.1367,3.59733333
69750,CIRCLE K #2704041,"I-35, EXIT 183",New Braunfels,TX,29.694733,-98.113041,2.859
69751,MFA,CR-37,Purdy,MO,36.806917,-93.916376,3.349
69755,PILOT #1082,"I-526, EXIT 19",Charleston,SC,32.962223,-79.86533,3.41566666
69758,MAVERIK COUNTRY STORE #537,I-215 EXIT 21,Salt Lake City                          ,UT,40.755851,-111.896657,3.38233333
69764,MAVERIK COUNTRY STORE #538,I-15 & SR-99,Fillmore,UT,38.980539,-112.331321,3.38733333
69765,7-ELEVEN #40509,I-90/80 EB,Howe,IN,41.728594,-85.472746,3.899
69766,Marathon,"I-75, EXIT 99 & SR-119",Anna,OH,40.405105,-84.210344,3.029
69770,SASSYS TRUCK STOP,"I-86, EXIT 23 & US-219",Limestone,NY,42.063945,-78.631979,3.159
69772,CIRCLE K #2741825,"I-410, EXIT 2 & FM-2536",San Antonio                             ,TX,29.468525,-98.526352,3.099
69780,Bolingbrook Mart,"I-55, EXIT 269",Bolingbrook,IL,41.697605,-88.087315,3.639
69782,BYRNE DAIRY #14,SR-414 & SR-318,Waterloo,NY,42.904515,-76.875498,3.999
69783,SHEETZ #603,"I-78 US-22, EXIT 13 & SR-501",Bethel,PA,40.480834,-76.274209,3.32733333
69784,KWIK TRIP #158,US-10 & SR-23,Saint Cloud,MN,45.552113,-94.128447,3.27733333
69785,LOVES TRAVEL STOP #662,US-287 & SR-285,Quanah,TX,34.29555,-99.749438,3.849
69786,LOVES TRAVEL STOP #671,"I-55, EXIT 63 & US-61",Blytheville,AR,35.934482,-89.922497,3.45566666
69787,LOVES TRAVEL STOP #616,"I-49, EXIT 158",Harrisonville,MO,38.64193,-94.32852,3.429
69788,LOVES TRAVEL STOP #612,"SR-370, EXIT 9 & SR-141",Bridgeton,MO,38.750627,-90.416101,3.12066666
69789,LOVES TRAVEL STOP #620,US-301 & SR-20,Hawthorne,FL,29.573998,-82.105625,3.789
69790,LOVES TRAVEL STOP #641,I-155/US-412 EXIT 13 & SR-78,Dyersburg,TN,36.044447,-89.383644,3.40233333
69791,PILOT #1083,US-287 & US-54,Stratford,TX,36.33349,-101.988568,3.499
69792,FLYING J #1061,"I-44, EXIT 72",Springfield,MO,37.2152,-93.295,3.38233333
69797,KWIK TRIP #149,US-10,Saint Cloud,MN,45.552113,-94.128447,3.21066666
69798,LOVES TRAVEL STOP #060,US-36 & US-283,Norton,KS,39.840706,-99.887832,3.109
69799,MAVERIK COUNTRY STORE #387,"I-40, EXIT 253",Winslow,AZ,35.16078,-110.511382,3.23566666
69800,MAVERIK COUNTRY STORE #502,US-385 & SR-2,Alliance,NE,42.114943,-102.888045,3.259
69801,MAVERIK COUNTRY STORE #409,"I-580, EXIT 41 & SR-531",Carson City,NV,39.150746,-119.745904,3.589
69803,THORNTONS #319,"I-55, EXIT 248 & US-6",Channahon,IL,41.434664,-88.213786,3.249
69803,THORNTONS #319,"I-55, EXIT 248 & US-6",Channahon,IL,41.434664,-88.213786,3.299
69804,KWIK TRIP #184,"I-94, EXIT 293",Pewaukee,WI,43.078777,-88.272922,3.449
69809,KWIK TRIP #162,"I-94, EXIT 202",Elk River,MN,45.313601,-93.5814,3.29733333
69811,Chisholm Corner #16,US-81 & SR-7,Marlow,OK,34.638681,-97.940955,3.01566666
69813,SHEETZ #608,"I-81, EXIT 24 & CR-696",Shippensburg,PA,40.051359,-77.519477,3.28566666
69814,Allsup's #2454,US-87 & SR-163,Sterling City                           ,TX,31.835063,-101.001729,3.224
69815,CENEX ZIP TRIP #75,"I-94/US-12, EXIT 138 & US-59",Miles City,MT,46.407459,-105.833193,3.49733333
69816,STRIPES #42503,"I-27, EXIT 1",Lubbock,TX,33.586527,-101.860634,2.95066666
69817,LOVES TRAVEL STOP #639,"I-20, EXIT 96",Lake,MS,32.345909,-89.341354,3.16233333
69818,LOVES TRAVEL STOP #675,US-75,Okmulgee,OK,35.628805,-95.96967,3.21733333
69819,FLYING J #1086,SR-18 & SR-5,Marion,IN,40.574333,-85.674127,3.489
69819,FLYING J TRAVEL PLAZA #1086,SR-18 & SR-5,Marion,IN,40.574333,-85.674127,3.649
69820,CUBBYS #304,SR-7,Manson                                  ,IA,42.528503,-94.530386,3.299
69821,FUEL CITY HALTOM CITY,"I-35W, EXIT 52B & TX-121",Haltom City,TX,32.808742,-97.270891,2.96566666
69823,LOVES TRAVEL STOP #664,US-41,Terre Haute,IN,39.4667,-87.4068,3.949
69824,LOVES TRAVEL STOP #663,US-190 & LA-103,Port Barre,LA,30.547788,-91.928576,3.124
69825,KWIK TRIP #154,MN-15,Sauk Rapids,MN,45.604032,-94.159088,3.30233333
69826,LOVES TRAVEL STOP #629,I-65 EXIT 108 & SR-76,White House,TN,36.460048,-86.670524,3.159
69827,KWIK TRIP #164,US-12/SR-29,Menomonie,WI,44.87182,-91.92651,3.499
69830,RUTTERS #69,"I-78/US-22, EXIT 29 & SR-61",Hamburg,PA,40.548799,-75.987361,3.86566666
69832,LOVES TRAVEL STOP #595,"I-10, EXIT 28 & SR-49",Gulfport,MS,30.382556,-89.097618,3.144
69833,LOVES TRAVEL STOP #658,US-412,Watts,OK,36.115216,-94.634472,3.34733333
69835,LOVES TRAVEL STOP #653,US-287   ,Eads,CO,38.444141,-102.50536,3.47566666
69837,LOVES TRAVEL STOP #606,"I-94, EXIT 73B & US-6",South Holland,IL,41.597916,-87.593814,3.489
69837,LOVES TRAVEL STOP #606,"I-94, EXIT 73B & US-6",South Holland,IL,41.597916,-87.593814,3.449
69837,LOVES TRAVEL STOP #606,"I-94, EXIT 73B & US-6",South Holland,IL,41.597916,-87.593814,3.329
69837,LOVES TRAVEL STOP #606,"I-94, EXIT 73B & US-6",South Holland,IL,41.597916,-87.593814,3.549
69840,KUM & GO #0370,"I-80, EXIT 439 & SR-370",Gretna,NE,41.134458,-96.245837,2.92066666
69842,KUM & GO #0863,"I-44, EXIT 215 & SR-97",Sapulpa,OK,36.00297,-96.11061,3.23233333
69845,Maverik Country Store #5013,US-40 & SR-13,Craig,CO,40.522351,-107.561458,3.459
69847,KWIK STAR #145,US-52,Guttenberg,IA,42.759443,-91.119015,3.599
69848,KWIK TRIP #173,SR-17,Rhinelander,WI,45.646718,-89.409285,3.45233333
69850,KUM & GO #0539,"I-80 E, & SR-415 EXIT 135",Des Moines,IA,41.6005,-93.6088,3.07233333
69851,SPEEDWAY #3995,I-90,Belvidere,IL,42.259465,-88.850943,3.849
69852,KWIK TRIP #141,SR-61,Two Harbors,MN,47.039364,-91.678264,3.499
69854,LOVES TRAVEL STOP #637,"I-39, EXIT 115 & CR-CS",Poynette,WI,43.401342,-89.418857,3.789
69855,LOVES TRAVEL STOP #670,US-18,Floyd,IA,43.143049,-92.723988,3.649
69856,LOVES TRAVEL STOP #657,"I-77, EXIT 5 & SR-48",Cayce,SC,33.962567,-81.067084,3.39733333
69858,TEX-BEST #528,US-181,Elmendorf                               ,TX,29.230793,-98.371982,2.89233333
69859,BIG BOSS TRAVEL PLAZA,I-12 EXIT 22,Livingston                              ,LA,30.474107,-90.767339,3.16566666
69861,HUCKS FOOD & FUEL #379,"I-57, EXIT 53",Marion,IL,37.725662,-88.929447,3.549
69861,HUCKS FOOD & FUEL #379,"I-57, EXIT 53",Marion,IL,37.725662,-88.929447,2.929
69861,HUCKS FOOD & FUEL #379,"I-57, EXIT 53",Marion,IL,37.725662,-88.929447,2.999
69862,CASEYS #3503,US-69/SR-52,Pleasanton,KS,38.182285,-94.70567,3.199
69863,GOLDEN GATE,I-80 EXIT 352A & US-93,Wells,NV,41.129798,-114.532752,3.41566666
69865,7-ELEVEN #40036,SR-33 & SR-632,Lanexa,VA,37.419391,-76.902684,3.659
69870,CIRCLE K #4705720,"I-280, EXIT 7 & SR-2",Oregon,OH,41.641842,-83.471366,3.609
69871,CIRCLE K #2741595,SR-71 & FM-1209,Bastrop,TX,30.13883,-97.292101,2.954
69873,KWIK TRIP #142,"US-10, EXIT 186 & SR-13",Marshfield,WI,44.6688,-90.1716,3.479
69874,LOVES TRAVEL STOP #687,"I-72, EXIT 64 & US-67",Jacksonville,IL,39.729269,-90.236238,3.589
69874,LOVES TRAVEL STOP #687,"I-72, EXIT 64 & US-67",Jacksonville,IL,39.729269,-90.236238,3.489
69875,LOVES TRAVEL STOP #680,US-81,Norfolk,NE,42.032914,-97.422898,3.31566666
69876,LOVES TRAVEL STOP #684,"I-35, EXIT 133 & SR-175",Ellsworth,IA,42.30086,-93.548979,3.689
69877,LOVES TRAVEL STOP #669,US-61 & SR-19,New London,MO,39.591672,-91.39599,3.23566666
69878,SPEEDWAY #7412,SR-83 & SR-19,Bensenville,IL,41.9536,-87.935,3.379
69879,SPEEDWAY #3700,I-70 EXIT 77,Indianapolis,IN,39.938417,-86.13894,3.319
69880,Speedway #6809,"I-290, EXIT 13A",Franklin Park,IL,41.933878,-87.873423,3.329
69880,Speedway #6809,"I-290, EXIT 13A",Franklin Park,IL,41.933878,-87.873423,3.379
69881,KWIK TRIP #458,SR-55,Buffalo,MN,45.181371,-93.863479,3.549
69882,SPEEDWAY #7103,US-43,Lawrenceburg,TN,35.250668,-87.352582,3.574
69884,AKAL TRAVEL CENTER,"I-40, EXIT 267 & SR-379",Santa Rosa,NM,34.933276,-104.682155,2.879
69885,BELL STORES #146,SR-43 & SR-183,Malvern                                 ,OH,40.684532,-81.18378,3.579
69886,LOVES TRAVEL STOP #676,SR-50,Syracuse,NE,40.661386,-96.182407,3.444
69887,CIRCLE K #2701869,SR-21 & SR-307,Savannah,GA,32.067631,-81.102394,3.11566666
69888,OASIS STOP N GO #17,US-30,Twin Falls,ID,42.556495,-114.469265,3.699
69892,MAVERIK COUNTRY STORE #547,US-26,Casper,WY,42.845763,-106.316571,3.18566666
69893,DOMINO EXPRESS #24,US-412/US-270/US-183/SR-3 & SR-15,Woodward,OK,36.426784,-99.402016,2.999
69894,Circle K #2746446,US-2,Williston,ND,48.167924,-103.631699,4.04233333
69895,Shell,"I-80, EXIT 122",Minooka,IL,41.461516,-88.278596,3.149
69895,Shell,"I-80, EXIT 122",Minooka,IL,41.461516,-88.278596,3.249
69895,Shell,"I-80, EXIT 122",Minooka,IL,41.461516,-88.278596,3.199
69900,LOVES TRAVEL STOP #605,"I-70, EXIT 59 & SR-41",Springfield,OH,39.924167,-83.808889,3.479
69901,KWIK TRIP #638,SR-42,Two Rivers,WI,44.166008,-87.585504,3.39066666
69902,MAVERIK COUNTRY STORE #441,"I-182/US-12, EXIT 9",Pasco,WA,46.249183,-119.104387,4.279
69903,LOVES TRAVEL STOP #642,US-60 & US-385,Hereford,TX,34.837037,-102.40503,3.41566666
69904,LOVES TRAVEL STOP #695,US-54/400,Cunningham,KS,37.666149,-98.39297,3.65733333
69905,KWIK TRIP #105,"I-41, EXIT 157",De Pere,WI,44.438779,-88.080613,3.35233333
69906,LOVES TRAVEL STOP #692,US-169 & SR-39,Chanute,KS,37.674928,-95.456962,3.27566666
69907,STRIPES #41023,SR-358 & FM-665,Corpus Christi,TX,27.794086,-97.402994,3.07066666
69908,LOVES TRAVEL STOP #685,"I-74, EXIT 51",Knoxville,IL,40.910672,-90.287116,3.889
69912,AMPM,"I-10, EXIT 140",Phoenix,AZ,33.451,-112.0685,3.28233333
69913,ROSS FUEL CENTER,US-60/US-67,Poplar Bluff,MO,36.766235,-90.416647,3.49066666
69914,PETRO COLUMBIA,"I-77, EXIT 5 & SR-48",Columbia,SC,34.072613,-81.179617,3.41233333
69915,PETES #16,"I-49/US-71, EXIT 120 & CR-B",Rich Hill,MO,38.09438,-94.363454,3.149
69921,LOVES TRAVEL STOP #688,"I-70, EXIT 119 & SR-130",Greenup,IL,39.239454,-88.144502,3.389
69921,LOVES TRAVEL STOP #688,"I-70, EXIT 119 & SR-130",Greenup,IL,39.239454,-88.144502,3.449
69921,LOVES TRAVEL STOP #688,"I-70, EXIT 119 & SR-130",Greenup,IL,39.239454,-88.144502,3.489
69921,LOVES TRAVEL STOP #688,"I-70, EXIT 119 & SR-130",Greenup,IL,39.239454,-88.144502,3.349
69921,LOVES TRAVEL STOP #688,"I-70, EXIT 119 & SR-130",Greenup,IL,39.239454,-88.144502,3.289
69922,LOVES TRAVEL STOP #686,"I-84/I-15, EXIT 363",Brigham City,UT,41.507921,-112.015177,3.75566666
69923,Circle K #2741821,FM 471 & SR 211,San Antonio                             ,TX,29.468525,-98.526352,3.03233333
69926,TONKAWA TRADING POST,"I-35, EXIT 214 & US-60",Tonkawa,OK,36.68062,-97.30634,2.999
69927,LOVES TRAVEL STOP #682,"I-81, EXIT 10A",Hagerstown,MD,39.632022,-77.737215,3.949
69928,KUM & GO #1837,SR-51,Broken Arrow,OK,35.990812,-95.814332,3.05233333
69929,PETES #14,US-69/SR 7,Fort Scott,KS,37.834159,-94.704221,3.199
69930,CONCORDE TRAVEL CENTER,"I-65, EXIT 219 & CR-42",Jemison                                 ,AL,32.980539,-86.718052,3.299
69931,SHELL,"I-565, EXIT 7 & CR-127",Madison,AL,34.6578,-86.8056,3.349
69932,CIRCLE K #2741847,SR-16,San Antonio,TX,29.468525,-98.526352,3.07233333
69933,Flyers #3202,"I-17, EXIT 201",Phoenix,AZ,33.451,-112.0685,3.369
69934,KWIK TRIP #135,SR-35 N,Superior,WI,46.701552,-92.091174,3.499
69935,KWIK TRIP #586,"I-41, EXIT 45",Butler,WI,43.105405,-88.071043,3.474
69936,LOVES TRAVEL STOP #683,US-27,Moore Haven,FL,26.832749,-81.218776,3.789
69937,MAVERIK COUNTRY STORE #385,"I-15, EXIT 119",Idaho Falls,ID,43.517679,-111.990626,3.42566666
69938,MAVERIK COUNTRY STORE #388,US-60 & SR-77,Show Low                                ,AZ,34.060117,-110.054633,3.229
69939,MAVERIK COUNTRY STORE #377,"I-15, EXIT 244 & US-6",Santaquin,UT,39.980356,-111.793819,3.40233333
69940,SAPP BROS TRAVEL CENTER,"I-49, EXIT 157",Harrisonville,MO,38.64193,-94.32852,3.40233333
69941,QUIKTRIP #949,"I-20 E, EXIT 406",Weatherford,TX,32.8435,-97.7047,2.91733333
69943,ASAP GENERAL STORE #313,US-81,Duncan,OK,34.507277,-97.940322,3.13233333
69944,TRUCK WORLD,"I-76, EXIT 57",North Jackson,OH,41.088044,-80.86225,3.259
69945,BP,"I-465, EXIT 49",Indianapolis,IN,39.938417,-86.13894,3.799
69946,KUM & GO #0119,"I-35, EXIT 214 & SR-105",Northwood,IA,43.450604,-93.241943,3.11566666
69947,THORNTONS #607,I-24 EXIT 62 & SR-171,Antioch,TN,36.06,-86.672222,2.899
69948,CIRCLE T,US-190/SR-21,Bryan,TX,30.632698,-96.36616,3.459
69949,THE CROSSING TRAVEL MARK,US-83 & SR-153,Winters,TX,31.962028,-99.955114,3.04066666
69952,HUTCH'S #120,"I-40, EXIT 25",Sayre,OK,35.304722,-99.642928,2.984
69954,Exxon,"I-80, EXIT 27A & US-46",Budd Lake,NJ,40.873108,-74.742552,3.119
69955,QUIKTRIP #1044,"I-85, EXIT 63 & SR-2180",Kannapolis,NC,35.502016,-80.635875,3.154
69957,LOVES TRAVE STOP #698,"I-75/SR-401, EXIT 153",Macon,GA,32.84386,-83.598686,3.369
69958,LOVES TRAVEL STOP #693,US-30/23 & SR-199,Upper Sandusky,OH,40.824876,-83.297711,3.889
69959,BISCUIT HILL TRAVEL PLAZA,"I-40, EXIT 192",Shawnee,OK,35.34907,-96.931321,2.909
69960,PILOT CENTER #1014- TOWN PUMP,"I-94, EXIT 213 & SR-16",Glendive,MT,47.100813,-104.728716,3.419
69962,LUFKIN TRAVEL PLAZA,US-59 & CR-819,Lufkin,TX,31.336004,-94.734185,2.81566666
69963,7 CLANS RED ROCK GASINO,US-177,Red Rock,OK,36.474754,-97.164021,3.089
69964,SHEETZ #621,"I-77 & US-70, Exit 49A",Statesville,NC,35.8381,-80.8842,2.849
69969,USA GAS,SR-47,Newfield,NJ,39.555257,-75.027558,3.169
69974,LOVES TRAVEL STOP #672,US-77BUS & FM-1945,Sinton,TX,28.033895,-97.519582,3.149
69975,LOVES TRAVEL STOP #703,US-50,South Hutchinson,KS,38.007306,-97.90814,3.30066666
69976,KWIK TRIP #583,"I-94, EXIT 89 & SR-23",Wisconsin Dells,WI,43.650789,-89.76652,3.23733333
69977,KWIK TRIP #855,US-12,Baraboo,WI,43.482531,-89.746168,3.11566666
69978,LOVES TRAVEL STOP #678,US-271,Paris,TX,33.658077,-95.537881,3.36566666
69979,LOVES TRAVEL STOP #681,"I-82/US-12, EXIT 80",Prosser,WA,46.223183,-119.771014,4.589
69980,RUTTERS #70,SR-896 & SR-741,Strasburg,PA,39.970075,-76.184824,4.199
69981,RANCHLAND GAS STATION,US-82,Benjamin                                ,TX,33.583889,-99.791944,3.299
69982,RUTTERS #68,US-422 & SR-934,Annville                                ,PA,40.345608,-76.544676,4.299
69983,MICKEY MART #57,US-250,Strasburg,OH,40.60028,-81.536646,3.49233333
69986,YESWAY #1061,US-180 & SR-137,Lamesa,TX,32.736677,-101.956914,3.099
69987,LOVES TRAVEL STOP #679,"I-90, EXIT 495 & SR-47   ",Hardin,MT,45.749843,-107.607457,3.704
69988,LOVES TRAVEL STOP #640,"I-43, EXIT 120 & CR-OK",Sheboygan,WI,43.740981,-87.724667,3.289
69989,LOVES TRAVEL STOP #677,US-45A,West Point,MS,33.626496,-88.68226,3.259
69990,LOVES TRAVEL STOP #691,US-50/93 & US-6,Ely,NV,39.309356,-114.878011,3.649
69991,WA SHE SHU TRAVEL PLAZA,US-395,Gardnerville,NV,38.898268,-119.726902,3.699
69992,KWIK TRIP #120,SR-15 & CR-4,Saint Cloud,MN,45.552113,-94.128447,3.27733333
69993,CEFCO #99,US-290,Giddings,TX,30.177725,-96.93322,3.159
69995,PILOT EXPRESS #1178,"I-10, EXIT 273",Tucson,AZ,32.213873,-110.969445,3.219
69996,YESWAY #1078,US-83 & SR-153,Winters,TX,31.962028,-99.955114,2.999
69998,CASEYS #3604,US-75,Hinton,IA,42.604046,-96.305033,3.299
69999,RUTTERS #71,"I-99, EXIT 28 & US-22",Duncansville,PA,40.426228,-78.43833,4.099
70001,LOVES TRAVEL STOP #690,US-23,Circleville,OH,39.598836,-82.929966,3.789
70002,LOVES TRAVEL STOP #699,US-49,Magee,MS,31.849513,-89.750325,3.60733333
70003,SPEEDWAY #2926,SR-837,Clairton,PA,40.298917,-79.910096,3.92566666
70004,SPEEDWAY #7775,US-23 & CR-192,Delaware,OH,40.293186,-83.072312,3.619
70007,FLYING J #1096,"I-95, EXIT 201 & CR-524",Cocoa,FL,28.367183,-80.746455,3.699
70007,FLYING J TRAVEL PLAZA #1096,"I-95, EXIT 201 & CR-524",Cocoa,FL,28.367183,-80.746455,3.699
70008,Amigo's,"I-10, EXIT 661 & FM-609",Flatonia,TX,29.709493,-97.098685,3.08233333
70009,KWIK TRIP #661,SR-69 & BUS-11,Monroe,WI,42.599076,-89.6403,3.36233333
70010,Kwik Star #567,US-65 & SR-3,Hampton,IA,42.740531,-93.210954,3.504
70011,KWIK TRIP #279,"US-63, EXIT 59",Rochester,MN,44.049572,-92.48962,3.549
70012,MAVERIK COUNTRY STORE #549,"I-70, EXIT 283",Aurora,CO,39.737809,-104.815233,3.18566666
70014,PETRO-CARD 24 #919141,SR-179,Jamestown                               ,MO,38.779292,-92.480651,3.479
70016,CASEYS #2743,SR-43/SR-2 & SR-66A,Palmyra,NE,40.704964,-96.399903,3.199
70017,PACIFIC PRIDE,I-79 & US-19,Morgantown                              ,WV,39.6368,-80.018,3.459
70019,QUICKLEES #1,"I-390, EXIT 9 & SR-15",Avon                                    ,NY,42.903034,-77.727398,3.999
70022,SHEETZ #583,US-322 & SR-655,Reedsville,PA,40.672189,-77.611589,3.41566666
70024,KWIK TRIP #827,"I-41, EXIT 167",Green Bay,WI,44.485313,-88.016868,3.499
70025,SPEEDWAY #6245,SR-43,Carrollton,OH,40.578663,-81.081789,3.559
70026,SPEEDWAY #8883,I-80 EXIT 73,Peru,IL,41.333021,-89.126478,3.149
70026,SPEEDWAY #8883,I-80 EXIT 73,Peru,IL,41.333021,-89.126478,3.199
70027,SPEEDWAY #8851,SR-31,South Elgin,IL,41.996868,-88.298558,3.659
70027,SPEEDWAY #8851,SR-31,South Elgin,IL,41.996868,-88.298558,3.559
70028,LOVES TRAVEL STOP #697,"US-321, EXIT 37",Newton,NC,35.649766,-81.242546,3.689
70029,LOVES TRAVEL STOP #696,"I-10, EXIT 843",Beaumont,TX,30.068805,-94.103896,3.294
70030,SPEEDWAY #3991,"I-80 E, & I-94 E",Gary,IN,41.593333,-87.346389,3.71233333
70031,SPEEDWAY #8020,US-30,Upper Sandusky,OH,40.824876,-83.297711,3.799
70032,Kwik Star #569,US-20,Waterloo,IA,42.477784,-92.366099,3.574
70033,KWIK TRIP #111,SR-36 & CR-15,Stillwater,MN,45.050007,-92.830032,3.54066666
70034,SPEEDWAY #8799,I-55 EXIT 282A & SR-171,Bedford Park,IL,41.759444,-87.786667,3.599
70035,SPEEDWAY #8064,"I-55, EXIT 178 & SR-43",West Lafayette,IN,40.444025,-86.923661,3.58233333
70036,Speedway #3994,SR-38 & CR-21,West Chicago,IL,41.888558,-88.202168,3.599
70037,SPEEDWAY #8738,"I-70, EXIT 23 & SR-59",Brazil,IN,39.521041,-87.127767,3.699
70038,SPEEDWAY #1830,US-31,Grand Haven,MI,43.037838,-86.191227,3.899
70039,TEX-BEST #527,SR-162 & SR-16,Jourdanton                              ,TX,28.902985,-98.544037,2.92066666
70040,TEX BEST #503,"I-35, EXIT 215 & CR-210",Kyle                                    ,TX,30.0043,-97.837106,2.80566666
70041,LOVES TRAVEL STOP #705,"I-64/SR-33, EXIT 211 & SR-609",Providence Forge,VA,37.425907,-77.071117,3.889
70042,Kwik Star #103,US-65,Iowa Falls,IA,42.513756,-93.270943,3.374
70043,KWIK TRIP #571,"I-35, EXIT 235 & SR-210",Carlton,MN,46.6484,-92.470984,3.319
70044,Thorntons #325,"I-94, EXIT 73B & US-6",South Holland,IL,41.597916,-87.593814,3.699
70049,KWIK STAR #581,"I-380, EXIT 17",Cedar Rapids,IA,41.9743,-91.655382,3.54066666
70050,KWIK TRIP #124,US-51,De Forest,WI,43.235748,-89.329652,3.23566666
70053,KWIK TRIP #964,"US-12, EXIT 250 & CR-M",Middleton,WI,43.105196,-89.507258,3.529
70054,KWIK TRIP #976,CR-241 & CR-ZZ,Oak Creek,WI,42.88916,-87.902661,3.579
70058,KWIK TRIP #590,CR-4 & CR-22,Rochester,MN,44.049572,-92.48962,3.624
70059,KWIK TRIP #118,US-2 & LAKESHORE DRIVE,Ashland,WI,46.577948,-90.876712,3.699
70062,KWIK TRIP #970,SR-164 & SR-59,Waukesha,WI,42.999304,-88.219559,3.53233333
70063,QUICK FUEL #2206,US-41,Marietta,GA,33.9043,-84.468,3.519
70066,KWIK TRIP #957,US-18 & CR-PD,Madison                                 ,WI,43.073,-89.3817,3.604
70067,KWIK TRIP #240,"I-94, EXIT 115 & CR-A",Black River Falls,WI,44.292101,-90.847952,3.31233333
70068,LOVES TRAVEL STOP #712,"I-44, EXIT 107",Newcastle,OK,35.245269,-97.621573,3.42566666
70069,CASEYS #3486,"I-49, EXIT 159",Harrisonville,MO,38.64193,-94.32852,3.229
70074,CASEYS #3430,US-71 & US-136/SR-46,Maryville,MO,40.343399,-94.873479,3.13733333
70075,KWIK TRIP #815,US-63 & SR-48,Cumberland,WI,45.5403,-92.029709,3.624
70076,PETRO-CARD 24 #910681,SR-32,Salem                                   ,MO,37.616952,-91.525809,3.099
70078,KWIK TRIP #573,I-94 & CR-EE,Eau Claire,WI,44.783972,-91.487686,3.399
70079,PILOT #1118,US-60,Clovis,NM,34.412585,-103.221391,4.079
70080,FLYING J #1117,SR-25,Rochester,IN,41.065493,-86.231007,3.859
70080,FLYING J TRAVEL PLAZA #1117,SR-25,Rochester,IN,41.065493,-86.231007,3.859
70081,PILOT EXPRESS #1032,SR-7,Steubenville,OH,40.370638,-80.66115,3.629
70082,KWIK TRIP #588,US-51 & SR-70,Woodruff,WI,45.918583,-89.69545,3.09566666
70083,KWIK TRIP #596,US-14,Black Earth,WI,43.132213,-89.738974,3.444
70084,SPEEDWAY #4440,SR-131,Waukegan,IL,42.363611,-87.844722,3.789
70084,SPEEDWAY #4440,SR-131,Waukegan,IL,42.363611,-87.844722,3.659
70085,Pilot Travel Center #1114,SR-83,Bensenville,IL,41.9536,-87.935,3.559
70085,Pilot #1114,SR-83,Bensenville,IL,41.9536,-87.935,3.389
70085,Pilot Travel Center #1114,SR-83,Bensenville,IL,41.9536,-87.935,3.389
70085,Pilot Travel Center #1114,SR-83,Bensenville,IL,41.9536,-87.935,3.659
70085,Pilot #1114,SR-83,Bensenville,IL,41.9536,-87.935,3.599
70087,PILOT EXPRESS  #1098,"I-95, EXIT 14",Newark,NJ,40.7308,-74.1744,3.999
70088,KWIK TRIP #138,SR-13,Park Falls,WI,45.936345,-90.424648,3.14733333
70090,SPEEDWAY #7111,"I-40, EXIT 143 & SR-13",Hurricane Mills,TN,35.974859,-87.767129,3.03233333
70091,SPEEDWAY #7503,I-70 & I-57 EXIT 159,Effingham,IL,39.121727,-88.561105,3.199
70091,SPEEDWAY #7503,I-70 & I-57 EXIT 159,Effingham,IL,39.121727,-88.561105,3.299
70093,LOVES TRAVEL STOP #694,US-45/SR-5 & SR-57,Ramer,TN,35.064181,-88.601733,3.46233333
70095,LOVES TRAVEL STOP #713,US-380 & FM-1304,Bridgeport,TX,33.187027,-97.78098,2.949
70096,LOVES TRAVEL STOP #661,US-65 & SR-81,Pine Bluff,AR,34.215405,-91.995812,3.319
70097,KWIK TRIP #112,SR-32 & SR-23,Sheboygan Falls,WI,43.726598,-87.824228,3.29233333
70098,KWIK TRIP #110,US-2,Ashland,WI,46.577948,-90.876712,3.699
70099,QUIKTRIP #1883,"I-35, EXIT 497 & US-82",Gainesville,TX,33.625943,-97.103208,2.97566666
70100,LOVES TRAVEL STOP #718,"I-65, EXIT 158",Hope Hull,AL,32.224256,-86.393189,3.26566666
70104,LOVES TRAVEL STOP #649,"I-76/US-6, EXIT 89",Brush,CO,40.260255,-103.62788,4.089
70105,LOVES TRAVEL STOP #708,"I-75, EXIT 314 & CR-48",Bushnell,FL,28.661062,-82.155297,3.29566666
70106,LOVES TRAVEL STOPS #719,"I-35, EXIT 308",Troy,TX,31.175855,-97.285205,3.159
70106,LOVES TRAVEL STOP #719,"I-35, EXIT 308",Troy,TX,31.175855,-97.285205,3.167
70107,LOVES TRAVEL STOP #711,"I-71, EXIT 165 & SR-97",Bellville,OH,40.613604,-82.517516,3.709
70108,RICKY ROCKETS FUEL CENTER,SR-50 & SR-83,Midlothian,IL,41.634106,-87.732418,3.199
70108,RICKY ROCKETS FUEL CENTER,SR-50 & SR-83,Midlothian,IL,41.634106,-87.732418,3.099
70111,KWIK TRIP #557,"I-39, EXIT 126 & CR-V",De Forest,WI,43.235748,-89.329652,3.31066666
70117,RUTTERS #72,"I-81, EXIT 16 & US-30",Saint Thomas,PA,39.924052,-77.7908,4.399
70118,SPEEDWAY #7118,US-41,Smyrna,TN,35.965611,-86.504818,3.01566666
70122,Circle K #2709301,SR-67,Decatur,AL,34.589599,-86.98868,3.899
70124,TA Express Lamar,US-50/385,Lamar,CO,38.084136,-102.619195,3.439
70125,SPEEDWAY #7391,I-76 EXIT 232,North Lima,OH,40.964866,-80.654911,3.699
70126,SPEEDWAY #3535,"I-71,EXIT 165 & SR-97",Bellville,OH,40.613604,-82.517516,3.599
70127,SPEEDWAY #2929,"US-22, US-119",New Alexandria,PA,40.398112,-79.396594,3.97233333
70128,CIRCLE K #4703913,"I-40 E, EXIT 87",Jackson,TN,35.610222,-88.814011,3.349
70130,SIDE TRACK,SR-57,Wrightsville,GA,32.721866,-82.726206,3.31566666
70131,THORNTONS #323,SR-64,Lombard,IL,41.872139,-88.015988,3.349
70131,THORNTONS #323,SR-64,Lombard,IL,41.872139,-88.015988,3.299
70131,THORNTONS #323,SR-64,Lombard,IL,41.872139,-88.015988,3.349
70131,THORNTONS #323,SR-64,Lombard,IL,41.872139,-88.015988,3.299
70131,THORNTONS #323,SR-64,Lombard,IL,41.872139,-88.015988,3.299
70131,THORNTONS #323,SR-64,Lombard,IL,41.872139,-88.015988,3.299
70135,KUM & GO #1455,"I-44, EXIT 130",Lebanon,MO,37.685049,-92.655029,3.09233333
70136,FUEL CITY SAGINAW,CR-156,Fort Worth,TX,32.7469,-97.3268,2.96566666
70137,RUTTERS #8,"I-83, EXIT 14 & SR-182",York,PA,39.963539,-76.726887,4.199
70140,CASEYS #3593,SR-7 & US-50,North Vernon,IN,39.001763,-85.627216,3.59233333
70142,ONVO TRAVEL PLAZA - AVIS,"US-220, EXIT 118",Avis,PA,41.184722,-77.314167,3.539
70143,KWIK TRIP #104,"I-94, HWY-24, EXIT 178",Clearwater,MN,45.387694,-94.045246,3.27733333
70144,LOVES TRAVEL STOP #635,"I-49, EXIT 24 & SR-282",Alma,AR,35.500043,-94.207337,3.459
70145,MAVERIK COUNTRY STORE #578,US-26 & US-91,Idaho Falls,ID,43.517679,-111.990626,3.40233333
70146,MAVERIK COUNTRY STORE #567,"I-90, EXIT 291A",Spokane,WA,47.666485,-117.436527,3.969
70146,MAVERIK COUNTRY STORE #567,"I-90, EXIT 291A",Spokane,WA,47.666485,-117.436527,3.989
70146,MAVERIK COUNTRY STORE #567,"I-90, EXIT 291A",Spokane,WA,47.666485,-117.436527,3.979
70146,MAVERIK COUNTRY STORE #567,"I-90, EXIT 291A",Spokane,WA,47.666485,-117.436527,3.999
70150,LOVES TRAVEL STOP #704,"I-29, EXIT 35B & US-34",Pacific Junction,IA,41.027123,-95.804645,3.789
70151,LOVES TRAVEL STOP #721,"I-45, EXIT 246 & FM-1183",Ennis,TX,32.332102,-96.622363,3.03566666
70154,Stinker,"US-34, CR-56",Kersey,CO,40.396305,-104.528768,3.499
70155,MARATHON,"US-24, I-96 EXIT 179",Redford,MI,42.375554,-83.28895,4.999
70156,MAVERIK COUNTRY STORE #348,"US-91, SR-130",Cedar City,UT,37.689544,-113.074513,3.45233333
70157,LOVES TRAVEL STOP #702,US-63,Waterloo,IA,42.477784,-92.366099,3.769
70158,FLYING J #1068,"I-26, EXIT 194 & SR-16",Summerville,SC,33.028045,-80.173852,3.509
70159,LOVES TRAVEL STOP #717,US-460 & SR-156,Disputanta,VA,37.148268,-77.273172,3.56233333
70160,COMMON CENTS #212,I-90 & SR-337,Sheridan,WY,44.78486,-106.964795,3.56066666
70162,PILOT #1049,US-58,Suffolk,VA,36.866823,-76.559811,3.899
70163,KWIK TRIP #598,SR-23,Paynesville,MN,45.398798,-94.715709,3.399
70164,ONVO TRAVEL PLAZA - BLAKESLEE,I-80 EXIT 284,Blakeslee,PA,41.048502,-75.534309,3.56566666
70168,KWIK TRIP #575,CR-75,Saint Joseph,MN,45.565124,-94.336688,3.30233333
70169,ROCKING Oil,SR-21,Caldwell,TX,30.529819,-96.714292,3.099
70170,LOVES TRAVEL STOP #716,SR-3005,Elizabethtown,KY,37.706973,-85.858977,3.599
70171,CITGO HERITAGE RIDGE,US-151 & SR-26,Waupun,WI,43.632441,-88.737253,3.14733333
70172,MACH 1 #3,I-57 & SR-14,Benton,IL,37.99998,-88.922659,3.599
70172,MACH 1 #3,I-57 & SR-14,Benton,IL,37.99998,-88.922659,3.379
70174,LOVES TRAVEL STOP #701,"I-69, EXIT 176",Capac,MI,43.019976,-82.925188,3.949
70176,MAVERIK COUNTRY STORE #565,I-84,Boise,ID,43.6136,-116.2025,3.39566666
70177,MAVERIK COUNTRY STORE #497,US-160 & SR-145,Cortez,CO,37.354949,-108.583726,3.41566666
70179,WORKMANS TRAVEL CENTER,"I-49, EXIT 78 & SR-264",Lowell,AR,36.243318,-94.082725,3.40233333
70180,Gulf,SR-83,Bensenville,IL,41.9536,-87.935,3.099
70180,Gulf,SR-83,Bensenville,IL,41.9536,-87.935,3.059
70181,CIRCLE K #2723778,US-501 & SR-78/CR-1303,Sanford,NC,35.464148,-79.176446,3.049
70182,SHELL,US-169,Blue Earth,MN,43.639426,-94.092379,3.299
70183,PILOT # 1134,US-285 & CR-652,Orla,TX,31.825,-103.908333,3.759
70185,PILOT # 1147,SR-302,Kermit,TX,31.85496,-103.091269,3.25566666
70187,PILOT # 1146,I-20 & SR-17,Pecos,TX,31.414384,-103.508129,3.46566666
70188,KUM & GO #0890,I-44 (WESTBOUND),Vinita,OK,36.633353,-95.138164,3.059
70189,HUDSON IRVING 24,SR-3A,Hudson,NH,42.769038,-71.412144,3.799
70190,LOVES TRAVEL STOP #726,I-25 EXIT 191,Belen,NM,34.645562,-106.761215,3.52233333
70191,LOVES TRAVEL STOP #734,"I-44, EXIT 5 & US-70",Randlett,OK,34.174045,-98.459974,3.12066666
70192,LOVES TRAVEL STOP #720,"I-49, EXIT 94 & SR-1",Boyce,LA,31.321601,-92.686681,3.174
70207,PILOT TRAVEL CENTERS #1344,I-20 EXIT 425,Fort Worth,TX,32.7469,-97.3268,2.909
70208,GOLDEN GATE PETRO,SR-648,Sparks,NV,39.547254,-119.755588,3.98566666
70209,PUMP N PETES #42,"I-49, EXIT 66 & CR-K",Jasper,MO,37.318224,-94.273126,3.199
70210,CASEYS #3889,SR-29 & CR-1350,Henry,IL,41.111543,-89.374328,3.349
70214,RACETRAC #688,I-20 & SR-6,Lithia Springs,GA,33.793889,-84.660556,2.97233333
70216,PILOT TRAVEL CENTER #1110,I-25 & SR-105,Monument,CO,39.100726,-104.85416,3.639
70216,PILOT #1110,I-25 & SR-105,Monument,CO,39.100726,-104.85416,3.579
70217,MR GAS #20,I-84 EXIT 165,Jerome,ID,42.71784,-114.501244,3.40733333
70218,LOVES TRAVEL STOP #725,I-69 & SR-260,Hanson,KY,37.438246,-87.475135,3.599
70219,LOVES TRAVEL STOP #709,US-59 & SR-116,Lufkin,TX,31.336004,-94.734185,3.649
70220,LOVES TRAVEL STOP #497,"I-40, EXIT 154 & US-64",Statesville,NC,35.8381,-80.8842,3.689
70221,PILOT #1092,CR-70 E,Cedar Rapids,IA,41.9743,-91.655382,3.779
70221,PILOT TRAVEL CENTER #1092,CR-70 E,Cedar Rapids,IA,41.9743,-91.655382,3.779
70222,GOOD TO GO #45,"US-52 & SR-55, SR-18",Fowler,IN,40.625511,-87.309019,3.699
70223,SPEEDWAY #8749,"I-75, EXIT 116",Flint,MI,43.0233,-83.6856,3.089
70223,SPEEDWAY #8749,"I-75, EXIT 116",Flint,MI,43.0233,-83.6856,3.289
70223,SPEEDWAY #8749,"I-75, EXIT 116",Flint,MI,43.0233,-83.6856,3.259
70224,GOLDEN GATE PETROLEUM,I-70 EXIT 42,Palisade,CO,39.103178,-108.367977,3.549
70225,Union 76 Pilot,US-130,Riverton,NJ,40.011389,-75.015278,3.999
70227,LOVES TRAVEL STOP #724,"I-75, EXIT 414 & US-41",Lake City,FL,30.0949,-82.7117,3.339
70229,TA EXPRESS HENDERSON #969,I-11 EXIT 15A,Henderson,NV,35.992678,-114.951684,3.639
70232,RUTTERS #73,"I-81, EXIT 8 & CR-32   ",Inwood,WV,39.370093,-78.024189,3.659
70233,RUDS,SR-31 & I-94 EXIT 127,New Salem,ND,46.851248,-101.424453,3.499
70236,LOVES TRAVEL STOP #733,"I-25, EXIT 347",Las Vegas,NM,35.594862,-105.227162,3.489
70238,ROAD RANGER #275,"I-10, EXIT 400 & US-277",Sonora,TX,30.555752,-100.630667,3.549
70239,GOOD 2 GO #717,"I-25, EXIT 145",Colorado Springs,CO,38.8335,-104.8206,3.479
70240,MAVERIK COUNTRY STORE #370,"I-15, EXIT 10",Saint George,UT,37.106651,-113.595261,3.5415
70241,MAVERIK COUNTRY STORE #460,SR-88,Minden,NV,39.021766,-119.731363,3.52566666
70242,ROAD RANGER #276,"I-35, EXIT 342A",Waco,TX,31.552452,-97.139608,3.049
70243,CASEYS #4415,US-68 & US-31W /SR-526,Bowling Green,KY,37.007874,-86.455891,2.999
70245,YESWAY #1168,US-287 & CR-368,Iowa Park,TX,33.94235,-98.674497,2.889
70246,7-Eleven #37565,SR-944 & SR-9,Miami,FL,25.779,-80.1982,3.249
70247,EXXON DBA ONE9 #1416,I-20 EXIT 458,Dallas,TX,32.996848,-96.792113,2.99233333
70249,Caseys #4466,US-231 & SR-100,Scottsville,KY,36.761437,-86.192863,3.31233333
70251,Marathon,SR-42 & US-49,Hattiesburg,MS,31.314553,-89.306471,3.03233333
70254,LOVES TRAVEL STOP #732,I-70 & CR-829,Abilene,KS,38.937144,-97.20632,3.76233333
70255,J&H  FAMILY STORE #152,SR-55,Cadillac,MI,44.250447,-85.430046,3.259
70255,J&H  FAMILY STORE #152,SR-55,Cadillac,MI,44.250447,-85.430046,3.559
70256,PILOT TRAVEL CENTER #1128,SR-60,Bartow,FL,27.895664,-81.812684,3.599
70256,PILOT #1128,SR-60,Bartow,FL,27.895664,-81.812684,3.599
70257,LOVES TRAVEL STOP #739,I-2,Donna,TX,26.167138,-98.052925,3.649
70258,CASEYS #3677,US-59 & SR-30,Slayton,MN,43.985596,-95.755448,3.299
70262,ASAP GENERAL STORE #332,US-70 & US-377,Madill,OK,34.07126,-96.787258,3.01566666
70263,ENMARKET #769,US-301,Statesboro,GA,32.440841,-81.773956,3.699
70265,Speedee Mart # 2875,I-80 & CR-238,Milford,NE,40.763153,-97.05763,3.43233333
70266,PILOT #1161,I-20,Odessa,TX,31.8465,-102.3663,3.56566666
70267,LOVES TRAVEL STOP #728,"I-5, EXIT 238 & SR-164",Albany,OR,44.627722,-123.094409,3.84733333
70268,CASEYS #3396,SR-92 & SR-149,Sigourney,IA,41.330071,-92.201888,3.36233333
70269,CASEYS #3589,"I-29, EXIT 2",North Sioux City,SD,42.532706,-96.50761,3.059
70270,CASEYS #3685,US-50/US400  & SR-25,Lakin,KS,37.938197,-101.271297,3.19233333
70271,CASEYS #1160,US-20,Plainview,NE,42.346701,-97.778615,3.229
70273,SPEEDWAY #5457,"I-264 E, EXIT 14 & SR-864 N",Louisville,KY,38.2435,-85.7639,3.029
70274,Kwik Star #920,US-18 & US-69,Garner,IA,43.114395,-93.594394,3.399
70276,STAR EXPRESS #5,US-301 & SR-648,Petersburg,VA,37.220001,-77.432594,3.049
70277,KWIK TRIP #595,SR-46,Amery,WI,45.325238,-92.361527,3.56066666
70278,KWIK TRIP #923,"I-41, EXIT 146 & CR-N",Little Chute,WI,44.284248,-88.311989,3.269
70279,KWIK TRIP #926,SR-19 & SR-21,New Prague,MN,44.540239,-93.580473,3.29066666
70280,LOVES TRAVEL STOP #668,"I-25, EXIT 250 & SR-56",Berthoud,CO,40.299333,-105.105459,3.39066666
70281,LOVES TRAVEL STOP #645,"I-75, EXIT 18",Monroe,MI,41.92751,-83.404848,3.339
70281,LOVES TRAVEL STOP #645,"I-75, EXIT 18",Monroe,MI,41.92751,-83.404848,3.239
70281,LOVES TRAVEL STOP #645,"I-75, EXIT 18",Monroe,MI,41.92751,-83.404848,3.429
70281,LOVES TRAVEL STOP #645,"I-75, EXIT 18",Monroe,MI,41.92751,-83.404848,3.489
70281,LOVES TRAVEL STOP #645,"I-75, EXIT 18",Monroe,MI,41.92751,-83.404848,3.549
70281,LOVES TRAVEL STOP #645,"I-75, EXIT 18",Monroe,MI,41.92751,-83.404848,3.389
70282,PLEASANT SPRINGS TRAVEL,"I-39, EXIT 147 & CR-N",Cottage Grove,WI,43.078405,-89.201692,3.39066666
70283,SPEEDWAY #3996,US-12 & SR-120,Round Lake,IL,42.366809,-88.088819,3.399
70283,SPEEDWAY #3996,US-12 & SR-120,Round Lake,IL,42.366809,-88.088819,3.479
70283,SPEEDWAY #3996,US-12 & SR-120,Round Lake,IL,42.366809,-88.088819,3.449
70284,ROBINSON CORINTH IRVING,"I-395 N, EXIT 3",Corinth,ME,44.983655,-69.008532,3.93233333
70285,IRVING MAINWAY,SR-16 E,Dover Foxcroft,ME,45.18774,-69.204472,3.86566666
70286,ROBINSONS IRVING,SR-7,Corinna,ME,44.926045,-69.232341,3.93233333
70287,LOVES TRAVEL STOP #710,US-31 & SR 28,Tipton,IN,40.281725,-86.043291,3.84733333
70291,LOVES TRAVEL STOP #723,"I-80, EXIT 310 & CR-322",Laramie,WY,41.312907,-105.581146,3.61566666
70292,FLYING J #1171,I-15,Mesquite,NV,36.8055,-114.0663,3.70566666
70293,KWIK TRIP #922,US-8,Cameron,WI,45.403836,-91.730992,3.664
70295,SPEEDWAY #8080,I-69 & US-20,Angola,IN,41.656321,-85.019803,3.599
70296,MAVERIK COUNTRY STORE #573,SR-68 & SR-154,Riverton,UT,40.53789,-111.954661,3.13566666
70297,KWIK STAR #509,SR-169 & BUS-20,Fort Dodge,IA,42.508817,-94.180737,3.20233333
70298,LOVES TRAVEL STOP #740,"I-95, EXIT 38 & SR-68",Yemassee,SC,32.642983,-80.812932,3.419
70299,Mr Fuel dba Pilot Express #1149,"I-295, EXIT 41 & SR-105",Jacksonville,FL,30.3163,-81.4175,3.239
70299,PILOT EXPRESS #1149,"I-295, EXIT 41 & SR-105",Jacksonville,FL,30.3163,-81.4175,3.239
70299,Mr Fuel Travel Center dba Pilot Express #1149,"I-295, EXIT 41 & SR-105",Jacksonville,FL,30.3163,-81.4175,3.239
70300,PILOT #1194,I-10 & US-60,Phoenix,AZ,33.451,-112.0685,6.039
70300,PILOT DEALER #1194,I-10 & US-60,Phoenix,AZ,33.451,-112.0685,6.039
70301,GOLDEN GATE TRUCKSTOP,I-80 & SR-535,Elko,NV,40.826247,-115.724679,3.599
70302,KWIK TRIP #117,CR-9 & CR-4,Duluth,MN,47.094431,-91.846731,3.499
70303,Kwik Star #1004,US-63,Waterloo,IA,42.477784,-92.366099,3.574
70304,Rusty Lantern,"I-95, EXIT 109A & SR-202",Augusta,ME,44.323228,-69.766548,3.88733333
70305,LOVES TRAVEL STOP #737,I-40/US-270,El Reno,OK,35.533468,-97.959091,3.344
70306,KWIK STAR #1001,US-6,Newton,IA,41.699173,-93.045456,3.249
70307,KWIK TRIP #592,"I-35, EXIT 159 & CR-1",Rush City,MN,45.684496,-92.997876,3.37733333
70308,KWIK TRIP #946,SR-32,Pulaski,WI,44.66112,-88.263447,3.45733333
70309,PILOT #1165,SR-18 & SR-128,Jal,NM,32.112816,-103.199724,3.36566666
70310,LANCASTER CONVENIENCE,US-2 & US-70,Lancaster,MA,42.450984,-71.686831,3.70566666
70311,RACING MART,SR-8,Adams,MA,42.622319,-73.117225,3.699
70313,Flyer's #3207,"SR-143, EXIT 2",Phoenix,AZ,33.451,-112.0685,3.389
70314,CASEYS #2721,US-34,Lincoln,NE,40.8169,-96.7103,3.3365
70318,LOVES TRAVEL STOP #738,"I-30/US-67, EXIT 122 & SR-19/SR-11",Sulphur Springs,TX,33.134541,-95.592161,3.309
70319,SPEEDWAY #3650,"I-76, EXIT 11 & SR-261",Wadsworth,OH,41.038375,-81.737373,3.699
70320,SPEEDWAY #7177,"I-24, EXIT 158 & SR-27",Jasper,TN,35.066603,-85.614737,3.014
70321,PILOT TRAVEL CENTER #1132,SR-171 & SR-78,Brawley,CA,32.979181,-115.529613,4.759
70321,PILOT TRAVEL CENTER #1132,SR-171 & SR-78,Brawley,CA,32.979181,-115.529613,4.799
70321,PILOT #1132,SR-171 & SR-78,Brawley,CA,32.979181,-115.529613,4.859
70321,PILOT #1132,SR-171 & SR-78,Brawley,CA,32.979181,-115.529613,4.899
70322,INDIAN HILL IRVING,SR 6,Greenville,ME,45.471566,-69.584376,3.86566666
70323,LOVES TRAVEL STOP #750,I-74 EXIT 206,Oakwood,IL,40.116656,-87.7825,3.589
70323,LOVES TRAVEL STOP #750,I-74 EXIT 206,Oakwood,IL,40.116656,-87.7825,3.389
70323,LOVES TRAVEL STOP #750,I-74 EXIT 206,Oakwood,IL,40.116656,-87.7825,3.489
70324,LOVES TRAVEL STOP #729,CR-17 & US-20,Goshen,IN,41.584484,-85.837988,3.72233333
70325,KWIK STAR #927,US-169 & US-169 BUS/US-20 BUS,Fort Dodge,IA,42.508817,-94.180737,3.20233333
70326,PILOT #1207,"I-20, EXIT 79 & SR-464",Monahans,TX,31.581294,-102.900273,3.46566666
70328,Thorntons #7,US-12 & US-45,Franklin Park,IL,41.933878,-87.873423,3.329
70328,Thorntons #7,US-12 & US-45,Franklin Park,IL,41.933878,-87.873423,3.379
70328,Thorntons #7,US-12 & US-45,Franklin Park,IL,41.933878,-87.873423,3.679
70329,1 STOP TRAVEL PLAZA,US-14 & US-83,Pierre,SD,44.369514,-100.321057,3.38233333
70331,LOVES TRAVEL STOP #707,"I-64, EXIT 21",Covington,VA,37.784203,-80.003176,3.649
70333,KWIK STAR #932,"I-80, EXIT 143 & CR-S14",Altoona,IA,41.647549,-93.472415,2.959
70334,KWIK TRIP #1021,SR-11 & CR-E,Brodhead,WI,42.611074,-89.371409,3.41566666
70336,SPEEDWAY #3962,"I-39,  EXIT 3 & SR-9",Roscoe,IL,42.421659,-88.99433,3.469
70337,LOVES TRAVEL STOP #700,I-10 EXIT 404 & SR-467,Sonora,TX,30.555752,-100.630667,3.64733333
70338,LOVES TRAVEL STOP #747,"I-75, EXIT 90",Sidney,OH,40.287357,-84.162223,3.34566666
70340,PIT STOP,SR-53 & SR-74,Joliet,IL,41.527154,-88.08241,3.499
70341,LOVES TRAVEL STOP #741,US-29,Reidsville,NC,36.343209,-79.664212,3.999
70342,AF TRUCK CENTER,"I-294, EXIT 33 & SR-64",Melrose Park,IL,41.900347,-87.858066,3.459
70343,PILOT TRAVEL CENTER #1103,"I-5, EXIT 208 & SR-530",Arlington,WA,48.18293,-122.112126,4.559
70344,KWIK TRIP #928,US-169,Princeton,MN,45.585115,-93.596143,3.399
70345,LOVES TRAVEL STOP #742,"I-196, EXIT 52",Holland,MI,42.7875,-86.108889,4.089
70346,Kwik Star #924,SR-17 & US-20 EXIT 140,Webster City,IA,41.436408,-92.176525,3.20233333
70349,WEIGELS #90,SR-139 & SR-66,Kodak,TN,35.972215,-83.617111,3.199
70350,CIRCLE K #2741859,CR-802,Brownsville,TX,25.933743,-97.517413,3.029
70351,MAVERIK COUNTRY STORE #606,US-91,Franklin,ID,42.030389,-111.822862,3.579
70352,KWIK TRIP #1019,CR-5 & SR-65,Isanti,MN,45.468212,-93.226565,3.474
70353,ASAP General Store #314,"US-62, US-81, SR-9",Chickasha,OK,35.026751,-97.951847,3.13233333
70357,Certified Oil #400489,"I-71, EXIT 104",Columbus,OH,40.1444,-82.9789,3.409
70358,FOOD N FUEL #25,SR-15 & US-12,Milbank,SD,45.206127,-96.62548,3.369
70359,PILOT # 1185,"I-15, EXIT 9   3",Littlefield,AZ,36.866524,-113.913693,3.689
70359,PILOT DEALER #1185,"I-15, EXIT 9   3",Littlefield,AZ,36.866524,-113.913693,3.709
70360,MAVERIK COUNTRY STORE #595,"I-84, EXIT 28",Caldwell,ID,43.662719,-116.700038,3.369
70361,MAVERIK COUNTRY STORE #599,US-89 & CR-122,Thayne,WY,42.933026,-111.011354,3.669
70366,FAST STOP,US-41,Escanaba,MI,45.76587,-87.088985,3.399
70371,KENT KWIK #440,US-277,Haskell,TX,33.157993,-99.730923,3.539
70373,KWIK TRIP #791,US-45 & SR-54,New London,WI,44.392847,-88.755428,3.484
70374,LOVES TRAVEL STOP #746,I-72 & SR-121,Decatur,IL,39.827137,-88.925984,3.449
70374,LOVES TRAVEL STOP #746,I-72 & SR-121,Decatur,IL,39.827137,-88.925984,3.489
70375,QUIKTRIP #1853,US-81,Decatur,TX,33.235077,-97.573995,2.899
70376,QUIKTRIP #1935,SR-183,Dallas,TX,32.996848,-96.792113,2.97566666
70377,WEIGELS #81,I-81 & SR-32,Morristown,TN,36.195672,-83.275519,3.259
70379,SPEEDWAY #7209,US-411 & SR-20,Cartersville,GA,34.186975,-84.820401,3.11566666
70380,LOVES TRAVEL STOP #714,"I-85, EXIT 29",Charlotte,NC,35.2269,-80.8433,3.52233333
70383,SPEEDWAY #4400,I-10 & SR-59,Loxley,AL,30.617964,-87.75624,3.28233333
70385,LONGHORN EXPRESS,US-70,Ardmore,OK,34.176681,-97.134157,3.009
70388,PILOT #1205,"I-20, EXIT 80",Monahans,TX,31.581294,-102.900273,3.46566666
70389,PILOT #1145,SR-191,Midland,TX,31.989636,-102.06261,3.56566666
70390,FLYING J #1206,SR-302 & CR-313,Kermit,TX,31.85496,-103.091269,3.25566666
70391,MACH 1 #12,I-57 EXIT 65,West Frankfort,IL,37.897914,-88.930724,3.299
70391,MACH 1 #12,I-57 EXIT 65,West Frankfort,IL,37.897914,-88.930724,3.199
70403,MAVERIK COUNTRY STORE #607,"I-90, EXIT 1",Post Falls,ID,47.720475,-116.935349,3.37566666
70404,MAVERIK COUNTRY STORE #602,"I-25 EXIT, 138",Colorado Springs,CO,38.8335,-104.8206,3.289
70405,LOVES TRAVEL STOP #760,SR-18 & SR-234,Eunice,NM,32.439225,-103.159407,3.329
70406,LOVES TRAVEL STOP #754,SR-251,Rochelle,IL,41.928156,-89.071035,3.749
70406,LOVES TRAVEL STOP #754,SR-251,Rochelle,IL,41.928156,-89.071035,3.849
70407,BOLLA MARKET,"I-495, EXIT 57",Islandia,NY,40.790556,-73.202222,3.639
70407,BOLLA MARKET,"I-495, EXIT 57",Islandia,NY,40.790556,-73.202222,3.539
70407,BOLLA MARKET,"I-495, EXIT 57",Islandia,NY,40.790556,-73.202222,3.599
70408,BOLLA MARKET,"I-495, EXIT 64",Medford,NY,40.817416,-72.985214,4.039
70408,BOLLA MARKET,"I-495, EXIT 64",Medford,NY,40.817416,-72.985214,3.639
70408,BOLLA MARKET,"I-495, EXIT 64",Medford,NY,40.817416,-72.985214,3.539
70409,SPEEDWAY #6512,"I-196, EXIT 49 & SR-40",Holland,MI,42.7875,-86.108889,3.899
70410,SPEEDWAY #4107,I-285 & US-78,Stone Mountain,GA,33.794233,-84.201754,3.529
70411,MARATHON,SR-72,Elberton,GA,34.108202,-82.844765,3.899
70413,CASEYS #3782,US-169 & SR-2,Mount Ayr,IA,40.7142,-94.232146,3.164
70415,GARDEN TRUCK STOP,SR-55 /EXIT 35,Vineland,NJ,39.48177,-75.009087,3.999
70416,ALLSUPS CONVENIENCE STORE #2361,US-54 & US-287,Stratford,TX,36.33349,-101.988568,2.95733333
70417,CASEYS #3434,US-63,Denver,IA,42.673137,-92.341701,3.499
70419,FUEL AMERICA TRAVEL CENTER,I-35 EXIT 24,Laredo,TX,27.515538,-99.498579,3.099
70420,Circle K #2709302,SR-67,Decatur,AL,34.589599,-86.98868,3.50733333
70421,CASEYS #3581,US-62/US-67,Corning,AR,36.415532,-90.58702,3.28233333
70422,CIRCLE K #2741675,"I-10, EXIT 134",Tolleson,AZ,33.434686,-112.277444,3.519
70423,LOVES TRAVEL STOP #763,I-90 & US-20,Hampshire,IL,42.080748,-88.517033,3.649
70423,LOVES TRAVEL STOP #763,I-90 & US-20,Hampshire,IL,42.080748,-88.517033,3.449
70423,LOVES TRAVEL STOP #763,I-90 & US-20,Hampshire,IL,42.080748,-88.517033,3.459
70423,LOVES TRAVEL STOP #763,I-90 & US-20,Hampshire,IL,42.080748,-88.517033,3.549
70423,LOVES TRAVEL STOP #763,I-90 & US-20,Hampshire,IL,42.080748,-88.517033,3.489
70424,LOVES TRAVEL STOP #743,"I-75, EXIT 144A",Bridgeport,MI,43.355309,-83.854906,3.589
70424,LOVES TRAVEL STOP #743,"I-75, EXIT 144A",Bridgeport,MI,43.355309,-83.854906,3.289
70424,LOVES TRAVEL STOP #743,"I-75, EXIT 144A",Bridgeport,MI,43.355309,-83.854906,3.479
70424,LOVES TRAVEL STOP #743,"I-75, EXIT 144A",Bridgeport,MI,43.355309,-83.854906,3.279
70424,LOVES TRAVEL STOP #743,"I-75, EXIT 144A",Bridgeport,MI,43.355309,-83.854906,3.389
70425,LOVES TRAVEL STOP #731,"I-79, EXIT 105 & SR-108",Slippery Rock,PA,41.045412,-80.046847,4.249
70426,BISHOPS TRAVEL CENTER,US-27,Attapulgus,GA,30.748889,-84.483889,3.699
70427,PARKERS #64 (DISCOUNT AVAILABLE),SR-307,Savannah,GA,32.067631,-81.102394,3.03233333
70428,PARKERS #63 (DISCOUNT AVAILABLE),US-301,Jesup,GA,31.604326,-81.88706,3.11566666
70429,BP,SR-76,Adel,GA,31.125143,-83.421346,2.969
70430,SPRINT FOODS #715,I-520 & SR-56,Augusta,GA,33.511692,-82.099505,3.19233333
70431,TA EXPRESS HOLSTEIN #941,I-20 E,Holstein,IA,42.494779,-95.564971,3.559
70432,GAS N WASH,SR-43,Frankfort,IL,41.509361,-87.824774,3.499
70432,GAS N WASH,SR-43,Frankfort,IL,41.509361,-87.824774,3.599
70433,GAS N WASH,SR-126,Plainfield,IL,41.600884,-88.199391,3.599
70434,HUCKS FOOD & FUEL #371,SR-148 & SR-142,Mount Vernon,IL,38.317014,-88.910525,3.099
70436,CASEYS #3492,US-36,Marysville,KS,39.842827,-96.642183,3.299
70437,Thorntons #155,"SR-1020 N, & SR1065 E",Louisville,KY,38.2435,-85.7639,2.90566666
70438,BREAU BRIDGE TRUCKSTOP AND CASINO,SR-94,Breaux Bridge,LA,30.274955,-91.905899,3.229
70439,CHEVRON,I-20 & SR-151,Arcadia,LA,32.555643,-92.924529,3.189
70440,MOUND MINI MART,I-696,Warren,MI,42.5159,-82.9824,3.699
70441,BREAK TIME #3165,US-50 & SR-13,Warrensburg,MO,38.766695,-93.727341,3.29233333
70442,GOLDEN GATE PETRO,I-580 & US-50,Carson City,NV,39.150746,-119.745904,3.599
70443,GLUCKSTADT FLEETWAY,"I-55, EXIT 112",Madison,MS,32.467065,-90.108744,3.199
70445,CASEYS #3514,SR-1,Oakes,ND,46.128796,-98.099339,3.38233333
70446,ALLSUPS CONVENIENCE STORE #2220,US-285,Loving,NM,32.274034,-104.091376,3.599
70447,84 QUIK STOP,"I-84, EXIT 3 & US-6",New Hampton,NY,41.362714,-74.443483,3.699
70447,84 QUIK STOP,"I-84, EXIT 3 & US-6",New Hampton,NY,41.362714,-74.443483,3.459
70448,CIRCLE K #4707623,"I-81, EXIT 31",Brewerton,NY,43.225194,-76.135132,4.089
70450,QUEENSBURY,SR-149,Queensbury,NY,43.328983,-73.681846,3.789
70452,LOVES TRAVEL STOP #749,SR-78,Westmorland,CA,33.041058,-115.630723,4.849
70452,LOVES TRAVEL STOP #749,SR-78,Westmorland,CA,33.041058,-115.630723,4.789
70452,LOVES TRAVEL STOP #749,SR-78,Westmorland,CA,33.041058,-115.630723,4.779
70452,LOVES TRAVEL STOP #749,SR-78,Westmorland,CA,33.041058,-115.630723,4.889
70453,MARIETTA PETROLEUM,"I-35, EXIT 15 & SR-32",Marietta,OK,33.943099,-97.114801,2.92233333
70454,DANDY MINI MART #36,US-220,Monroeton,PA,41.699387,-76.500995,4.03233333
70455,RUTTERS #37,US-332/US-22 & SR-75,Mifflintown,PA,40.572666,-77.376119,4.099
70456,RUTTERS #67,SR-16 & SR-75,Mercersburg,PA,39.819519,-77.907259,4.399
70457,RUTTERS #15,"I-83, EXIT 22 & SR-4009",York,PA,39.963539,-76.726887,4.199
70458,STOP-A MINIT,US-25 & SR-418,Pelzer,SC,34.646063,-82.467334,2.899
70459,GET N GO #22,I-90 & SR-115,Sioux Falls,SD,43.488,-96.7343,2.939
70460,ALLSUPS CONVENIENCE STORE #2371,US-87,San Angelo,TX,31.478165,-100.481752,3.20566666
70461,CIRCLE K #2741074,I-35 & FM-1103,New Braunfels,TX,29.694733,-98.113041,2.844
70463,CIRCLE K #2741496,US-290,Chappell Hill,TX,30.183271,-96.234739,2.999
70464,GOLDEN GATE PETEROLEUM 24 RD,US-6,Grand Junction,CO,39.078326,-108.545692,3.539
70466,Circle K #2741925,SR-19,Trinity,TX,30.941951,-95.340295,2.899
70467,QUIKTRIP #598,"I-80, EXIT 439, SR-370",Omaha,NE,41.261,-95.9376,2.92733333
70468,CIRCLE K #2741325,I-14 & SR-121,Belton,TX,31.072298,-97.472025,2.88566666
70469,TA EXPRESS #286,I-30 & SR-423,Mount Vernon,TX,33.170204,-95.218106,3.299
70472,SHELL/ONE9 #1304,I-820 & CR-156,Fort Worth,TX,32.7469,-97.3268,2.89233333
70474,EXXON,"I-30, EXIT 42A",Dallas,TX,32.996848,-96.792113,3.499
70476,KWIK TRIP #1037,SR-65/23,Mora,MN,45.895786,-93.294234,3.394
70478,TA Express Salina,"I-70, EXIT 56",Salina,UT,38.956028,-111.881072,3.649
70479,CROSSROADS MARKET,US-60 & SR-657,Gladstone,VA,37.547252,-78.850838,3.439
70480,BIG B TRUCK STOP,"I-90, EXIT 321",Sprague,WA,47.324725,-117.989684,3.899
70481,GOHL POST BP,"I-39, EXIT 100",Endeavor,WI,43.696305,-89.461699,3.17566666
70482,BIG D OIL #19,SR-259 & SR-387,Midwest,WY,43.410829,-106.266818,3.459
70483,BOLLA MARKET,SR-27 & CR-47,Copiague,NY,40.677833,-73.396271,3.439
70483,BOLLA MARKET,SR-27 & CR-47,Copiague,NY,40.677833,-73.396271,3.399
70484,ALLSUPS CONVENIENCE STORE #2117,SR-18 & CR-97,Lovington,NM,32.951166,-103.348849,3.104
70485,ALLSUPS CONVENIENCE STORE #2145,SR-132,Hobbs,NM,32.72217,-103.137246,3.38233333
70488,ALLSUPS CONVENIENCE STORE #2365,US-380 & SR-214,Plains,TX,33.189354,-102.829367,3.369
70491,MFA OIL PETRO CARD 24,US-36,Hamilton,MO,39.736412,-93.990898,3.24066666
70492,KWIK TRIP #1033,US-51 EXIT 191B,Wausau,WI,44.963433,-89.633955,3.454
70493,LOVES TRAVEL STOP #759,US-63/SR-11,Hazen,AR,34.783833,-91.576699,3.22566666
70494,7-ELEVEN #37570,I-76/US-6,Commerce City,CO,39.825875,-104.911349,3.639
70495,LOVES TRAVEL STOP #689,US-65 & US-82,Lake Village,AR,35.81715,-90.442327,3.269
70496,KWIK TRIP #1015,"I-43, EXIT 171",Denmark,WI,44.359392,-87.827036,3.36233333
70498,KWIK TRIP #939,"SR-29, EXIT 101",Stanley,WI,44.968872,-90.938935,3.469
70500,STRIPES 7FLEET #42526,SR-289,Lubbock,TX,33.586527,-101.860634,3.05566666
70501,STRIPES 7FLEET #42527,SR-191 & US-349,Midland,TX,31.989636,-102.06261,3.47233333
70502,STRIPES 7FLEET #42532,SR-302 & FM-1936,Odessa,TX,31.8465,-102.3663,3.099
70503,STRIPES 7FLEET #42491,US-67 & SR-137,Big Lake,TX,31.240592,-101.478776,3.549
70505,STRIPES #42593,LOOP 289 & MLK BLVD,Lubbock,TX,33.586527,-101.860634,2.96566666
70507,ALLSUPS CONVENIENCE STORE #2154,SR-206 / US-283,Coleman,TX,31.828651,-99.427007,3.159
70508,7-ELEVEN #34715,I-294 EXIT 20,Schiller Park,IL,41.956304,-87.869179,4.579
70509,ALLSUPS CONVENIENCE STORE #2108,US-377 & US-183,Early,TX,31.741944,-98.945278,2.93233333
70510,ALLSUPS CONVENIENCE STORE #2147,SR-6 & CR-454,De Leon,TX,32.108742,-98.54894,3.159
70516,STRIPES 7FLEET #42528,"I-20, EXIT 217 & SR-139",Colorado City,TX,32.398736,-100.860948,2.899
70527,THORNTONS #164,I-65 EXIT 16 & US-31,Memphis,IN,38.464181,-85.777501,3.62566666
70530,LOVES TRAVEL STOP #767,FM-511 & SR-48,Brownsville,TX,25.933743,-97.517413,3.15566666
70538,SPEEDWAY #9329,"I-64 EXIT 43, SR 395 & 2823",Waddy,KY,38.105445,-85.12883,3.149
70539,PILOT #1174,"I-70/SR-1, EXIT 147",Marshall,IL,39.421999,-87.692261,3.299
70539,PILOT TRAVEL CENTER #1174,"I-70/SR-1, EXIT 147",Marshall,IL,39.421999,-87.692261,3.499
70539,PILOT TRAVEL CENTER #1174,"I-70/SR-1, EXIT 147",Marshall,IL,39.421999,-87.692261,3.359
70539,PILOT #1174,"I-70/SR-1, EXIT 147",Marshall,IL,39.421999,-87.692261,3.499
70539,PILOT TRAVEL CENTER #1174,"I-70/SR-1, EXIT 147",Marshall,IL,39.421999,-87.692261,3.299
70540,LOVES TRAVEL STOP #674,US-27 & SR-60,Lake Wales,FL,27.903734,-81.548805,3.55233333
70541,Kwik Star#1012,US-71 & SR-9,Spirit Lake,IA,43.426211,-95.112336,3.299
70543,ALLSUPS CONVENIENCE STORE #2078,US-60,White Deer,TX,35.42781,-101.173993,2.969
70544,ALLSUPS CONVENIENCE STORE #2100,US-87,Odonnell,TX,32.977331,-101.827099,3.099
70545,ALLSUPS CONVENIENCE STORE #2205,SR-83,Denver City,TX,32.971114,-102.831251,3.36566666
70546,ALLSUPS CONVENIENCE STORE #2370,US-287 & SR-70,Clarendon,TX,34.952878,-100.895157,2.929
70547,ALLSUPS CONVENIENCE STORE #2140,SR-114,Bridgeport,TX,33.187027,-97.78098,2.899
70548,ALLSUPS CONVENIENCE STORE #2114,US-84,Muleshoe,TX,34.219308,-102.749631,3.19066666
70549,ALLSUPS CONVENIENCE STORE #2194,214 PLAINS HIGHWAY,Denver City,TX,32.971114,-102.831251,3.38233333
70550,TEXACO #379545,US-290,Giddings,TX,30.177725,-96.93322,3.399
70551,KWIK TRIP #1047,SR-100 & SR-59,Milwaukee,WI,43.0343,-87.9151,3.54066666
70552,KWIK TRIP #941,US-2,Duluth,MN,47.094431,-91.846731,3.499
70553,KWIK TRIP #1028,US-59,Worthington,MN,43.628626,-95.605907,3.16566666
70554,HORSESHOE CONVENIENCE,SR 302 & IC 200,Mentone,TX,31.738374,-103.550316,3.10733333
70555,THORNTONS #615,I-40 EXIT 188,Kingston Springs,TN,36.095324,-87.115646,2.98233333
70556,ZIP ZONE EXPRESS,US-23,Catlettsburg,KY,38.379946,-82.632065,3.699
70557,LOVES TRAVEL STOP #727,"I-44, EXIT 283 & US-69",Big Cabin,OK,36.607931,-95.274736,3.41233333
70558,LOVES TRAVEL STOP #752,"I-43, EXIT 25 & SR-67",Elkhorn,WI,42.700928,-88.546209,3.24066666
70559,KWIK TRIP #1026,"HWY-23/ HWY-169, EXIT 23",Milaca,MN,45.779481,-93.645266,3.369
70560,PILOT DEALER #1235,"I-8, EXIT 42",Tacna,AZ,32.6975,-113.952778,3.599
70560,PILOT #1235,"I-8, EXIT 42",Tacna,AZ,32.6975,-113.952778,3.659
70561,PILOT #1143,I-20 & SR-302,Odessa,TX,31.8465,-102.3663,3.599
70562,SPEEDWAY #7161,I-65 & US-31,Portland,TN,36.567306,-86.505923,3.024
70563,PILOT DEALER #1234,US-93 & CR-145,Willow Beach,AZ,35.8316,-114.4441,3.839
70563,PILOT #1234,US-93 & CR-145,Willow Beach,AZ,35.8316,-114.4441,3.899
70564,SPEEDWAY #7236,"I-90/SR-2, EXIT 151",Avon,OH,41.446713,-82.020359,3.659
70565,Kwik Star #1025,SR-9/SR-4,Estherville,IA,43.401709,-94.818001,3.33233333
70567,LEDGEWOOD BP,I-80/SR-46,Ledgewood,NJ,40.878028,-74.655405,3.299
70571,LOVES TRAVEL STOP #748,"I-90, I-80 & SR-49",Edon,OH,41.584219,-84.757002,3.88733333
70572,LOVES TRAVEL STOP #745,I-94,Saint Clair,MI,42.825453,-82.513256,3.949
70573,KWIK TRIP #1038,US-12,Prairie Du Sac,WI,43.295631,-89.745233,3.484
70574,SPEEDWAY #3961,"I-55, EXIT 109",Williamsville,IL,39.930438,-89.534172,3.299
70575,SPEEDWAY #6721,SR 51,Mc Kees Rocks,PA,40.471742,-80.087567,3.899
70576,KWIK TRIP #593,"I-94, EXIT 41 & SR-25",Menomonie,WI,44.87182,-91.92651,3.574
70577,SPEEDWAY #3715,US-30,Crest Hill,IL,41.566239,-88.116924,3.299
70577,SPEEDWAY #3715,US-30,Crest Hill,IL,41.566239,-88.116924,3.359
70578,COMMON CENTS #125,"I-90/US-14, EXIT 61",Rapid City,SD,44.077041,-103.200259,3.20733333
70579,Exxon/One9 #1338,I-35 & CR-372,Jarrell,TX,30.748406,-97.600833,2.88566666
70580,LOVES TRAVEL STOP #753,I-90 EXIT 96 & SR-474,Missoula,MT,46.856274,-114.025207,3.674
70581,LOVES TRAVEL STOP #773,"SR-14 & I-59/20, EXIT 40",Eutaw,AL,32.888871,-87.930297,3.13733333
70582,Kwik Star #1039,I-80 EXIT 301,Bettendorf,IA,41.550865,-90.494201,3.649
70583,LOVES TRAVEL STOP #783,US-60 & US-63,Willow Springs,MO,36.995812,-91.940545,3.419
70584,PILOT TRAVEL CENTER #1209,"I-20, EXIT 136 & SR-349",Midland,TX,31.989636,-102.06261,3.56566666
70585,PILOT TRAVEL CENTER #1211,US-385 & CR-1910,Andrews,TX,32.320125,-102.540926,3.639
70586,MAVERIK COUNTRY STORE #610,I-80,Winnemucca,NV,40.966418,-117.746693,3.389
70587,MAVERIK COUNTRY STORE #623,US-89,Gunnison,UT,39.154464,-111.816701,3.419
70588,SPEEDWAY #7217,I-70 EXIT 49,Smithton,PA,40.144267,-79.731277,3.91566666
70590,CIRCLE K #2722291,US-1 & SR-206,Saint Augustine,FL,29.8364,-81.2745,3.379
70591,SPEEDWAY #6465,"I-77, EXIT 101",Canton,OH,40.827,-81.3853,3.60733333
70592,LOVES TRAVEL STOP #751,"I-20, EXIT 87",Elgin,SC,34.161963,-80.811292,3.42566666
70593,LOVES TRAVEL STOP #735,I-75/SR-401,Calhoun,GA,34.496456,-84.934545,3.279
70595,SPEEDWAY #6509,"I-74, EXIT 206",Oakwood,IL,40.116656,-87.7825,3.199
70595,SPEEDWAY #6509,"I-74, EXIT 206",Oakwood,IL,40.116656,-87.7825,3.349
70595,SPEEDWAY #6509,"I-74, EXIT 206",Oakwood,IL,40.116656,-87.7825,3.299
70596,SPEEDWAY #7208,I-85 EXIT 137,Jefferson,GA,34.106197,-83.570813,3.119
70597,SPEEDWAY #9394,SR-4 & US-25,Lexington,KY,38.017394,-84.485423,3.129
70598,SPEEDWAY #7175,US-78 & SR-175,Memphis,TN,35.0337,-89.9343,3.199
70599,Jet Food Store,US-278,Warrenton,GA,33.40914,-82.63568,3.41566666
70600,KWIK STAR #1027,US-65,Mason City,IA,43.149869,-93.195379,3.264
70601,24/7 TRAVEL STORE,I-70 EXIT 275,Abilene,KS,38.937144,-97.20632,2.994
70603,ROAD RANGER #277,"I-30, EXIT 201 & SR-8",New Boston,TX,33.462119,-94.433882,3.08066666
70604,KWIK STAR #940,US-69 & SR-9,Forest City,IA,43.269184,-93.635595,3.449
70605,SPEEDWAY #1042,"I-55 & SR-50, EXIT 286",Cicero,IL,41.845556,-87.753889,3.599
70605,SPEEDWAY #1042,"I-55 & SR-50, EXIT 286",Cicero,IL,41.845556,-87.753889,3.569
70606,SPEEDWAY #7179,"I-65 & SR-101, EXIT 38",Smiths Grove,KY,37.058104,-86.193757,3.06566666
70607,SPEEDWAY #8544,"I-55 & US-6, EXIT 24B",Channahon,IL,41.434664,-88.213786,3.249
70607,SPEEDWAY #8544,"I-55 & US-6, EXIT 24B",Channahon,IL,41.434664,-88.213786,3.299
70608,KWIK TRIP #1017,US-10/SR-47,Anoka,MN,45.238537,-93.407822,3.624
70609,JP TRAVEL PLAZA,"I-75, EXIT 205 & SR-16",Jackson,GA,33.282006,-83.978391,3.159
70611,Shell,US-6 & SR-3,Kendallville,IN,41.448206,-85.260874,3.499
70612,SHREES TRUCK STOP #2,I-90 EXIT 101,Thorp,WA,47.017785,-120.678557,3.839
70612,SHREES TRUCK STOP #2,I-90 EXIT 101,Thorp,WA,47.017785,-120.678557,3.809
70612,SHREES TRUCK STOP #2,I-90 EXIT 101,Thorp,WA,47.017785,-120.678557,3.859
70615,THORNTONS #0334,I-57 EXIT 350 & SR-83,Posen,IL,41.62766,-87.687213,3.399
70617,QUIKTRIP #224,"I-435, EXIT 57",Kansas City,MO,39.163189,-94.569882,3.099
70618,LOVES TRAVEL STOP #744,"I-270 N, EXIT 49",Lockbourne,OH,39.814236,-82.976369,3.45566666
70619,KWIK TRIP #1049,US-212 & CR-68,Glencoe,MN,44.778001,-94.161554,3.524
70620,LOVES TRAVEL STOP #779,I-30 EXIT 97,Malvern,AR,34.355715,-92.829162,3.499
70621,FRIENDLY GUS STORE #24,I-16 EXIT 53 & SR-19,Dublin,GA,32.547794,-82.90368,3.399
70622,SPEEDWAY #6781,US-422,Douglassville,PA,40.270876,-75.739673,3.799
70623,SPEEDWAY #1127,"I-55, EXIT 267 & SR-53",Bolingbrook,IL,41.697605,-88.087315,3.589
70623,SPEEDWAY #1127,"I-55, EXIT 267 & SR-53",Bolingbrook,IL,41.697605,-88.087315,3.299
70624,KWIK STAR #929,I-74 EXIT 2,Bettendorf,IA,41.550865,-90.494201,3.599
70625,BROWNVILLE IRVING,SR-11,Brownville,ME,45.341229,-69.042331,3.93233333
70626,GOLDEN GATE PETROLEUM,"I-70, EXIT 97",Silt,CO,39.541464,-107.657411,3.459
70628,PILOT #1195,"I-90, EXIT 106",Ellensburg,WA,46.999632,-120.516274,3.959
70628,PILOT #1195,"I-90, EXIT 106",Ellensburg,WA,46.999632,-120.516274,3.859
70628,PILOT #1195,"I-90, EXIT 106",Ellensburg,WA,46.999632,-120.516274,3.839
70628,PILOT #1195,"I-90, EXIT 106",Ellensburg,WA,46.999632,-120.516274,3.899
70629,KWIK TRIP #930,"I-35, EXIT 147 & SR-95",North Branch,MN,45.516479,-92.937097,3.40233333
70630,SPEEDWAY #3632,"I-76, EXIT 33 & SR-43",Kent,OH,41.14492,-81.34976,3.53233333
70632,CIRCLE K #4706705,SR-394,Crete,IL,41.438952,-87.602738,3.499
70634,CORNER MARKET #101,US-83 & SR-96,Scott City,KS,38.47994,-100.899331,3.359
70635,CIRCLE K #4705706,US-224 & SR-99,Willard,OH,41.053056,-82.726389,3.599
70637,CIRCLE K #2704111,I-2/US-83 & CR-493,Donna,TX,26.167138,-98.052925,3.009
70638,LOVES TRAVEL STOP #769,"I-70, EXIT 358A & US-75",Topeka,KS,39.0541,-95.6719,3.284
70640,LOVES TRAVEL STOP #794,SR-3/SR-33,Watonga,OK,35.853762,-98.417487,3.37566666
70641,LOVES TRAVEL STOP #706,"I-81/I-64, EXIT 213 ",Staunton,VA,38.145104,-79.07519,3.649
70642,LOVES TRAVEL STOP #776,"I-20, EXIT 15",Vicksburg,MS,32.325824,-90.85065,3.549
70643,LOVES TRAVEL STOP #774,US-431/CR-248,Smiths Station,AL,32.520072,-85.100027,3.194
70644,KWIK TRIP #1031,I-494 EXIT 20,Delano,MN,45.034222,-93.801644,3.524
70645,QUIKTRIP #4048,"I-410, EXIT164B",San Antonio,TX,29.468525,-98.526352,2.96566666
70646,KWIK TRIP #1051,I-43 & CR-N,Green Bay,WI,44.485313,-88.016868,3.44066666
70647,PILOT #1227,I-20 EXIT 66,Pyote,TX,31.539491,-103.139676,3.46566666
70648,BARRINGTON APPLEGREEN,SR-125 & SR-9,Barrington,NH,43.2027,-71.037675,3.899
70649,KWIK TRIP #931,SR-95,North Branch,MN,45.516479,-92.937097,3.42733333
70650,MAVERIK COUNTRY STORE #581,"I-15 N, EXIT 334 & SR-193",Clearfield,UT,41.129388,-112.048224,3.33566666
70651,WALBURG TRAVEL CENTER,"I-35, EXIT 266",Georgetown,TX,30.633038,-97.670704,2.83233333
70652,ROADYS MACH 1 #14,I-57 EXIT 94,Mount Vernon,IL,38.317014,-88.910525,3.099
70652,ROADYS MACH 1 #14,I-57 EXIT 94,Mount Vernon,IL,38.317014,-88.910525,3.199
70652,ROADYS MACH 1 #14,I-57 EXIT 94,Mount Vernon,IL,38.317014,-88.910525,3.299
70653,MACH 1 #24,I-74 EXIT 215A & SR-1,Tilton,IL,40.096406,-87.644048,3.199
70653,MACH 1 #24,I-74 EXIT 215A & SR-1,Tilton,IL,40.096406,-87.644048,3.299
70654,PILOT #1269,I-10 EXIT 378,San Simon,AZ,32.208167,-109.367152,3.309
70654,PILOT DEALER #1269,I-10 EXIT 378,San Simon,AZ,32.208167,-109.367152,3.334
70655,GOLDEN GATE PETROLEUM,US-6,Grand Junction,CO,39.078326,-108.545692,3.499
70656,LOVES TRAVEL STOP #757,"US-23, EXIT 25",Milan,MI,42.091373,-83.677636,3.579
70656,LOVES TRAVEL STOP #757,"US-23, EXIT 25",Milan,MI,42.091373,-83.677636,3.649
70656,LOVES TRAVEL STOP #757,"US-23, EXIT 25",Milan,MI,42.091373,-83.677636,3.489
70656,LOVES TRAVEL STOP #757,"US-23, EXIT 25",Milan,MI,42.091373,-83.677636,3.569
70657,INTERFUEL,I-96 EXIT 167,Springfield,VA,38.779718,-77.186582,3.899
70658,CASEYS #3708,SR-235,New Carlisle,OH,39.930025,-84.021704,3.259
70660,CASEYS #3852,"I-35, EXIT 33 & US-34",Creston,IA,41.062384,-94.369151,3.349
70661,CASEYS #3238,US-52 EXIT 64 & CR-12,Oronoco,MN,44.148861,-92.48496,3.51566666
70662,GETGO #3202,I-79 EXIT 183A,Erie,PA,42.125962,-80.08601,3.899
70663,LENNYS GAS N WASH BOURBONNAIS,US-45/US-52,Bourbonnais,IL,41.166119,-87.879023,3.399
70663,LENNYS GAS N WASH BOURBONNAIS,US-45/US-52,Bourbonnais,IL,41.166119,-87.879023,3.299
70665,POCO LOCO MARKET,I-35 EXIT 219,Buda,TX,30.091758,-97.853422,2.89233333
70666,Thorntons #322,"I-55, EXIT 288",Chicago,IL,41.885847,-87.618123,3.599
70667,EZ TRIP #1226,"I-84, EXIT 104 & US-97",Wasco,OR,45.597447,-120.730356,3.239
70668,LOVES TRAVEL STOP #784,US-30 & CR-9,Schuyler,NE,41.459128,-97.062832,3.28233333
70669,TA EXPRESS BIGGS,"I-84, EXIT 104 & US-97",Wasco,OR,45.597447,-120.730356,3.199
70670,MAVERIK COUNTRY STORE #625,"I-215, EXIT 27 & CR-68",North Salt Lake,UT,40.844064,-111.904116,3.44233333
70673,PAC PRIDE,SR-202,Mesa,AZ,33.43174,-111.846931,4.024
70674,ALLTOWN FRESH #769,SR-111,Ayer,MA,42.55914,-71.578763,3.649
70676,PAC PRIDE,"I-10, EXIT 138",Phoenix,AZ,33.451,-112.0685,4.0365
70677,PAC PRIDE,US-60,Glendale,AZ,33.531122,-112.176703,4.024
70679,PAC PRIDE,"I-10, EXIT 151",Phoenix,AZ,33.451,-112.0685,4.024
70680,PAC PRIDE,"I-17, EXIT 215B",Phoenix,AZ,33.451,-112.0685,4.024
70681,PETRO STOP,US-60,Mesa,AZ,33.43174,-111.846931,4.01566666
70682,LOVES TRAVEL STOP #758,"I-255/US-50, EXIT 15",East Saint Louis,IL,38.631538,-90.138066,3.589
70682,LOVES TRAVEL STOP #758,"I-255/US-50, EXIT 15",East Saint Louis,IL,38.631538,-90.138066,3.489
70682,LOVES TRAVEL STOP #758,"I-255/US-50, EXIT 15",East Saint Louis,IL,38.631538,-90.138066,3.379
70682,LOVES TRAVEL STOP #758,"I-255/US-50, EXIT 15",East Saint Louis,IL,38.631538,-90.138066,3.689
70686,HOLIDAY STATIONSTORE #2746471,US-12,Hudson,WI,44.984187,-92.727062,3.539
70687,RUTTERS #87,"I-99, EXIT 78B & SR-150",Bellefonte,PA,40.909377,-77.7642,4.01566666
70691,QUIKTRIP #4049,"I-10/US-90, EXIT 583",San Antonio,TX,29.468525,-98.526352,2.96566666
70692,RUTLAND ROUTE 7 IRVING,US-4 & US-7,Rutland,VT,43.614131,-72.970773,3.699
70693,MAPCO #3507,US-76 & SR-71,Dalton,GA,34.7697,-84.9702,3.119
70695,ALLSUPS CONVENIENCE STORE #2132,US-54 & US-380,Carrizozo,NM,33.64962,-105.869617,3.28233333
70696,DK #11822,I-20 EXIT 131,Midland,TX,31.989636,-102.06261,2.85733333
70698,ALLSUPS CONVENIENCE STORE #2038,US-54,Logan,NM,35.368051,-103.438339,3.199
70699,QUIK STOP,US-79,Paris,TN,36.300519,-88.309328,2.959
70700,PATRIOT FUELING CENTER,US-231/SR-9,Wetumpka,AL,32.54509,-86.188039,3.199
70704,KUM & GO #0702,"I-44, EXIT 6 & SR-86",Joplin,MO,37.096858,-94.505144,3.009
70705,CASEYS #3464,SR-48 & CR-10,Morrisonville,IL,39.415336,-89.45407,3.759
70705,CASEYS #3464,SR-48 & CR-10,Morrisonville,IL,39.415336,-89.45407,3.999
70705,CASEYS #3464,SR-48 & CR-10,Morrisonville,IL,39.415336,-89.45407,3.959
70706,BIG APPLE TRAVEL CENTER,I-44/US-71,Joplin,MO,37.096858,-94.505144,3.21233333
70707,TA Express West Point #283,"I-85/SR-403, EXIT 2 & SR-18",West Point,GA,32.833683,-85.119714,3.66566666
70708,LOVES TRAVEL STOP #785,"I-96, EXIT 90",Grand Ledge,MI,42.752924,-84.737314,3.949
70709,VP Racing Fuels,SR-19,Center,MO,39.515397,-91.539842,3.16566666
70710,LOVES TRAVEL STOP #799,US-72 & SR-15,Walnut,MS,34.952732,-88.905337,3.559
70711,LOVES TRAVEL STOP #762,FM-1472,Laredo,TX,27.515538,-99.498579,3.25566666
70714,PILOT TRAVEL CENTER #1281,US-89,Page,AZ,36.896625,-111.43847,3.999
70714,PILOT DEALER #1281,US-89,Page,AZ,36.896625,-111.43847,3.999
70717,Certified Oil #400491,I-270 EXIT 52,Columbus,OH,40.1444,-82.9789,3.20233333
70718,ROAD RANGER #278,"I-40, EXIT 216 & US-49",Brinkley,AR,34.878124,-91.188596,3.199
70719,FAST LANE #31,"I-70, EXIT 183",Jonesburg,MO,38.871658,-91.30193,3.299
70720,SPEEDWAY #4453,SR-23,Sauk Rapids,MN,45.604032,-94.159088,3.189
70722,SPEEDWAY #9935,I-90 EXIT 35 & SR-298,Syracuse,NY,43.0459,-76.1528,4.099
70723,SPEEDWAY #9932,I-99 EXIT 8 & SR-417,Painted Post,NY,42.170967,-77.119375,4.099
70724,LOVES TRAVEL STOP #790,"I-95, EXIT108",Summerton,SC,33.594578,-80.360566,3.509
70725,LOVES TRAVEL STOP #782,"I-24 & US-41, EXIT 86",Oak Grove,KY,36.665225,-87.425514,3.14233333
70726,CASEYS #1195,US-36,Belleville,KS,39.824054,-97.629016,3.339
70727,CASEYS #2998,US-75 & SR-23,Pipestone,MN,44.009516,-96.322762,3.449
70728,CASEYS #3245,US-81,Freeman,SD,43.360501,-97.460073,3.299
70729,CASEYS #3785,US-14,Fort Pierre,SD,44.342587,-100.404323,3.399
70730,CASEYS #3855,US-81,Yankton,SD,42.882086,-97.398624,3.139
70731,PILOT TRAVEL CENTERS #1181,IL-38 E,Rochelle,IL,41.928156,-89.071035,3.759
70731,PILOT #1181,IL-38 E,Rochelle,IL,41.928156,-89.071035,3.759
70732,MAVERIK COUNTRY STORE #627,I-15 EXIT 303,Salt Lake City,UT,40.755851,-111.896657,3.44233333
70733,CASEYS #1607,US-63,Macon,MO,39.748089,-92.462163,3.29066666
70735,CASEYS #1778,SR-267/SR-111,Brighton,IL,39.036098,-90.144312,3.279
70735,CASEYS #1778,SR-267/SR-111,Brighton,IL,39.036098,-90.144312,3.299
70735,CASEYS #1778,SR-267/SR-111,Brighton,IL,39.036098,-90.144312,3.239
70735,CASEYS #1778,SR-267/SR-111,Brighton,IL,39.036098,-90.144312,3.279
70735,CASEYS #1778,SR-267/SR-111,Brighton,IL,39.036098,-90.144312,3.239
70736,CASEYS #1941,"I-35, EXIT 90 & SR-160",Ankeny,IA,41.72755,-93.602175,3.139
70737,CASEYS #2272,I-80/US-6 EXIT 155 & SR-117,Colfax,IA,41.678785,-93.258816,3.099
70738,QUIKTRIP #7061,I-49 EXIT 39A,Joplin,MO,37.096858,-94.505144,3.02233333
70739,CASEYS #2602,US-36/SR-5 & SR-11,Brookfield,MO,39.784612,-93.071948,3.249
70740,JACK FLASH,"I-70, EXIT 82 & SR 128",Altamont,IL,39.063449,-88.748092,3.099
70740,JACK FLASH,"I-70, EXIT 82 & SR 128",Altamont,IL,39.063449,-88.748092,3.199
70741,CASEYS #3590,US-27,Geneva,IN,40.607129,-84.962074,3.594
70742,CASEYS #3653,SR-14,Greene,IA,42.91604,-92.758324,3.599
70743,CASEYS #3659,US-10 & SR-115,Randall,MN,46.073361,-94.500543,3.48566666
70744,CASEYS #3686,I-80 EXIT 81,Utica,IL,41.363033,-89.000795,2.969
70744,CASEYS #3686,I-80 EXIT 81,Utica,IL,41.363033,-89.000795,2.999
70744,CASEYS #3686,I-80 EXIT 81,Utica,IL,41.363033,-89.000795,3.159
70745,CASEYS #3752,",",Mountain Lake,MN,43.938998,-94.927313,3.40233333
70746,CASEYS #3085,US-34 & SR-14,Aurora,NE,40.852838,-98.020107,3.099
70747,CASEYS #3702,US-377/SR-99 & SR-9,Seminole,OK,35.224444,-96.670278,3.02566666
70748,CASEYS #3717,US-218,Vinton,IA,42.174284,-91.989154,3.199
70749,CASEYS #3719,US-160,Ulysses,KS,37.579174,-101.348846,3.409
70750,CASEYS #3787,"I-35, EXIT 222",Blackwell,OK,36.800574,-97.286695,2.999
70751,CASEYS #3795,"I-43, EXIT 96",Saukville,WI,43.391265,-87.956765,3.289
70752,CASEYS #3755,SR-7/SR-27,Russellville,AR,35.284208,-93.131476,3.419
70753,CASEYS #3798,"I-44, EXIT 211",Drumright,OK,35.993136,-96.519789,3.119
70754,CASEYS #3758,US-77,Douglass,KS,37.51951,-96.994848,3.264
70755,CASEYS #3809,US-56 & SR-51,Hugoton,KS,37.168226,-101.334614,3.39233333
70756,CASEYS #3780,US-40,Tonganoxie,KS,39.102614,-95.105055,3.159
70757,CASEYS #3811,US-69,McAlester,OK,34.926233,-95.759168,3.22566666
70759,CASEYS #3832,"I-35, EXIT 40A & US-14",Janesville,MN,44.116778,-93.709462,3.58233333
70760,CASEYS #2730,US-34 & SR-15,Seward,NE,40.906609,-97.096618,3.369
70761,CASEYS #3841,"US-61, EXIT 5",Kieler,WI,42.581389,-90.6025,3.489
70763,CASEYS #3854,"US-20, EXIT 275 & SR-13",Manchester,IA,42.483418,-91.449001,3.54566666
70764,CASEYS #3856,"I-51, EXIT 48 & SR-251",Tonica,IL,41.232741,-89.088993,3.199
70764,CASEYS #3856,"I-51, EXIT 48 & SR-251",Tonica,IL,41.232741,-89.088993,3.099
70764,CASEYS #3856,"I-51, EXIT 48 & SR-251",Tonica,IL,41.232741,-89.088993,3.069
70765,CEFCO #103,SR-36,Temple,TX,31.089518,-97.334264,2.96566666
70767,CASEYS #3493,SR-72,Shannon,IL,42.161049,-89.748075,3.699
70768,CASEYS #3497,SR-29,South Pekin,IL,40.494444,-89.651667,3.699
70768,CASEYS #3497,SR-29,South Pekin,IL,40.494444,-89.651667,3.619
70768,CASEYS #3497,SR-29,South Pekin,IL,40.494444,-89.651667,3.679
70769,CASEYS #3527,US-169 & US-60,Nowata,OK,36.694565,-95.640421,3.18233333
70770,CASEYS #3528,SR-92,Washington,IA,41.301453,-91.698671,3.271
70771,CASEYS #3545,US-14/CR-27,Sleepy Eye,MN,44.282089,-94.727251,3.33233333
70772,CASEYS #3554,"I-70, EXIT 52",Mulberry Grove,IL,38.931082,-89.246297,3.489
70773,CASEYS #3575,US-36,Seneca,KS,39.839804,-96.059489,3.159
70774,CASEYS #3079,"US-20, EXIT 71 & US-71",Early,IA,42.448258,-95.172569,3.299
70775,CASEYS #3576,US-56,Overbrook,KS,38.792173,-95.561632,3.19566666
70776,CASEYS #3579,US-36,Smith Center,KS,39.804217,-98.784243,3.179
70778,CASEYS #3588,"I-75 N, EXIT 69",Tipp City,OH,39.943577,-84.171501,3.099
70779,CASEYS #3204,"I-80, EXIT 29 & I-880, EXIT 29A",Minden,IA,41.465355,-95.551887,3.159
70780,CASEYS #3306,SR-15 & CR-47/CR-136,Saint Cloud,MN,45.552113,-94.128447,3.249
70782,CASEYS #3465,"I-80, EXIT 285 & US-30",Gibbon,NE,40.744445,-98.85435,3.049
70784,CIRCLE K #2723046,"I-95, EXIT 41 & SR-59/CR2252",Hope Mills,NC,34.953564,-78.935364,2.909
70785,CIRCLE K #2705347,"I-77, EXIT 5 & SR-48",Columbia,SC,34.072613,-81.179617,3.204
70786,CIRCLE K #2741502,"I-37, EXIT 9",Corpus Christi,TX,27.794086,-97.402994,3.06066666
70787,LOVES TRAVEL STOP #778,"I-16, EXIT 143 & US-280",Ellabell,GA,32.127304,-81.498302,3.29566666
70788,SPEEDWAY #1031,"I-480 & I-271, EXIT 26",Bedford,OH,41.392067,-81.52315,3.649
70789,7FLEET #46080,"I-41 & US-41, EXIT 133",Neenah,WI,44.181094,-88.479201,3.449
70790,LOVES TRAVEL STOP #788,"I-70, EXIT 175",New Florence,MO,38.902309,-91.490861,3.12233333
70791,LOVES TRAVEL STOP #791,"I-40, EXIT 126",Holladay,TN,35.895143,-88.091183,3.12233333
70792,ANEW TRAVEL CENTER,US-6/34 & CR-410,Cambridge,NE,40.280767,-100.167579,3.364
70793,LOVES TRAVEL STOPS #119,"I-70, EXIT 160",Green River,UT,39.000243,-110.159817,3.299
70793,LOVES TRAVEL STOP #119,"I-70, EXIT 160",Green River,UT,39.000243,-110.159817,3.391
70794,CASEYS #3747,SR-103 & CR-96,Carey,OH,40.948599,-83.383578,3.17566666
70796,QUICK FUEL #3177,"I-35W, EXIT 56",Fort Worth,TX,32.7469,-97.3268,3.03233333
70797,QUICK FUEL #3176,"I-35E, EXIT 442",Carrollton,TX,32.965736,-96.882464,3.01566666
70798,QUICK FUEL #1926,"I-90, EXIT 171B & US-14",Janesville,WI,42.691542,-89.033124,3.399
70831,FLYERS #768,"I-80, EXIT 19 & SR-659",Sparks,NV,39.547254,-119.755588,4.05233333
70832,FLYERS #766,SR-648,Sparks,NV,39.547254,-119.755588,4.059
70833,FLYERS #764,SR-667,Reno,NV,39.526812,-119.811275,4.05233333
70845,FLYERS #759,"I-80, EXIT 19",Sparks,NV,39.547254,-119.755588,4.05066666
70855,FLYERS #761,"I-580, EXIT 5",Carson City,NV,39.150746,-119.745904,3.699
70858,SPEEDWAY #1012,"I-65, EXIT 158 & CR-6",Hope Hull,AL,32.224256,-86.393189,3.05233333
70859,FLYERS #732,I-580 & US-50,Carson City,NV,39.150746,-119.745904,3.699
70860,FLYERS #726,"I-80, EXIT 303",Elko,NV,40.826247,-115.724679,3.629
70864,FLYERS #747,"I-580/US-395, EXIT 29 & SR-659",Reno,NV,39.526812,-119.811275,4.054
70870,ESSENTIAL FUELS,US-26,Scottsbluff,NE,41.871975,-103.661914,3.599
70871,ALLTOWN MARKETS #835,"I-95, EXIT 62",Madison,CT,41.309019,-72.615254,4.239
70873,TA LAKE CITY #288,"I-75, EXIT 414",Lake City,FL,30.0949,-82.7117,3.299
70874,CIRCLE T,SR-6 & SR-515,Navasota,TX,30.387778,-96.0875,3.43233333
70875,FUEL MAXX #57,SR-105 & SR-146,Liberty,TX,30.072794,-94.763819,3.13233333
70876,JIFFY MART,SR-123/SR-12,Walpole,NH,43.076533,-72.415489,3.68566666
70877,LOVES TRAVEL STOP #770,"US-41, EXIT 1A",Wadsworth,IL,42.446032,-87.904048,3.819
70877,LOVES TRAVEL STOP #770,"US-41, EXIT 1A",Wadsworth,IL,42.446032,-87.904048,3.759
70878,MAVERIK COUNTRY STORE #630,I-15 EXIT 13,Malad City,ID,42.180783,-112.262045,3.394
70879,MAVERIK COUNTRY STORE #611,I-40 EXIT 154,Albuquerque,NM,35.0936,-106.6423,3.194
70880,RUTTERS #81,SR-61 & SR-73,Leesport,PA,40.415216,-75.994421,3.89733333
70881,RUTTERS #79,"I-99/US-220, EXIT 28 US-22/SR-764",Duncansville,PA,40.426228,-78.43833,4.099
70882,RUTTERS #77,US-11/US-15 & US-22,Duncannon,PA,40.408678,-77.047254,4.294
70883,RUTTERS #41,US-422,Lebanon,PA,40.335912,-76.425895,3.799
70884,RUTTERS #75,SR-194 & SR-550,Walkersville,MD,39.47875,-77.34839,3.93233333
70885,KWIK TRIP #1061,CR-CE & CR-HH,Combined Locks,WI,44.266581,-88.313271,3.549
70887,LOVES TRAVEL STOP #781,"I-20, EXIT 113 & SR-83",Madison,GA,33.594681,-83.461781,3.849
70888,HUTCHS #125,US-283,Altus,OK,34.648406,-99.320483,2.999
70889,TRUCK WORLD,I-90 EXIT 241 & SR-7,Conneaut,OH,41.934479,-80.580257,3.359
70890,PILOT #1299,US-287 & SR-148,Henrietta,TX,33.819609,-98.259976,3.12566666
70891,QUARLES #4908,I-64 EXIT 297,Chesapeake,VA,36.735246,-76.23843,3.52566666
70892,QUARLES #4001,I-95 EXIT 133,Fredericksburg,VA,38.299538,-77.477152,3.759
70893,QUARLES #4002,"I-95 EXIT 130A, SR-2",Fredericksburg,VA,38.299538,-77.477152,3.759
70894,QUARLES #4009,US-301,Waldorf,MD,38.637065,-76.877787,3.759
70895,QUARLES #4011/SHELL,I-95 EXIT 118,Woodford,VA,38.084664,-77.439879,2.899
70896,QUARLES #4200,US-522,Front Royal,VA,38.926783,-78.179617,3.699
70897,QUARLES #4302,SR-801 & SR-42,Broadway,VA,38.608336,-78.787494,3.459
70898,QUARLES #4303,"I-81 EXIT 243, US-11",Harrisonburg,VA,38.448864,-78.871438,2.899
70899,QUARLES #4304,"I-64 EXIT 96, SR-624",Waynesboro,VA,38.077412,-78.903461,3.799
70900,QUARLES #4306,I-81 EXIT 150A,Roanoke,VA,37.2725,-79.953,3.559
70901,QUARLES #4307,"I-81 EXIT 137, US-11/460",Salem,VA,37.2853,-80.069185,3.559
70902,QUARLES #4309,US-460/29,Lynchburg,VA,37.386228,-79.171464,3.774
70903,QUARLES #4310,US-11,Roanoke,VA,37.2725,-79.953,3.559
70904,QUARLES #4400,I-95 EXIT 166A,Lorton,VA,38.704716,-77.218004,4.059
70905,QUARLES #4401,US-29,Fairfax,VA,38.860353,-77.264937,4.059
70906,QUARLES #4403,"I-95 EXIT 29A, US-1",Beltsville,MD,39.034722,-76.907778,3.899
70907,QUARLES #4404,I-95 EXIT 43A,Elkridge,MD,39.2125,-76.713889,3.499
70908,QUARLES #4407,I-495 EXIT 11A,Upper Marlboro,MD,38.837717,-76.798028,3.899
70909,QUARLES #4408,SR-201,Bladensburg,MD,38.945215,-76.920327,3.699
70910,QUARLES #4409,I-95 EXIT 50B,Baltimore,MD,39.17185,-76.648287,3.499
70912,QUARLES #4411,"I-695 EXIT 1, SR-173",Curtis Bay,MD,39.209315,-76.569147,3.499
70913,QUARLES #4412,I-270 EXIT 8,Rockville,MD,39.0838,-77.153,3.759
70914,QUARLES #4413,I-495 EXIT 15A,Capitol Heights,MD,38.8847,-76.9108,3.899
70915,QUARLES #4414,I-95 EXIT 60,Baltimore,MD,39.17185,-76.648287,3.449
70916,TA Express White Hills,US-93,Willow Beach,AZ,35.8316,-114.4441,3.779
70917,QUARLES #4416,US-13,Salisbury,MD,38.362996,-75.592238,3.659
70918,QUARLES #4417,I-895 EXIT 8B,Curtis Bay,MD,39.209315,-76.569147,3.499
70919,QUARLES #4422,US-13,New Castle,DE,39.67703,-75.589938,3.699
70920,QUARLES #4423,SR-100 EXIT 11,Glen Burnie,MD,39.1677,-76.595,3.699
70921,QUARLES #4424,SR-5,Clinton,MD,38.754892,-76.902577,3.899
70922,QUARLES #4425,US-50 EXIT 5,Hyattsville,MD,38.95063,-76.934652,3.899
70923,QUARLES #4426,SR-124,Gaithersburg,MD,39.14187,-77.188993,3.759
70924,QUARLES #4427,I-276 EXIT 351,Levittown,PA,40.168142,-74.823138,3.84566666
70925,QUARLES #4430,US-13,Sharon Hill,PA,39.903511,-75.269524,3.869
70926,QUARLES #4431,US-22,Allentown,PA,40.602729,-75.470955,3.989
70927,QUARLES #4434,SR-617,Springfield,VA,38.779718,-77.186582,4.059
70928,QUARLES #4435,"I-95 EXIT 41, US-1",Jessup,MD,39.148399,-76.792239,3.499
70929,QUARLES #4503,US-11,Martinsburg,WV,39.459959,-77.958915,3.959
70930,QUARLES #4504,I-81 EXIT 313A,Winchester,VA,39.1581,-78.2313,3.799
70931,QUARLES #4505,SR-65,Hagerstown,MD,39.632022,-77.737215,3.899
70933,QUARLES #4507,US-11,Winchester,VA,39.1581,-78.2313,3.799
70934,QUARLES #4509,I-270 EXIT 31B,Frederick,MD,39.408235,-77.400875,3.599
70935,QUARLES #4511,I-70 EXIT 55,Frederick,MD,39.408235,-77.400875,3.599
70937,QUARLES #4603,US-29/211,Warrenton,VA,38.7063,-77.8159,3.799
70938,QUARLES #4605,SR-606,Sterling,VA,39.0061,-77.4288,3.659
70939,QUARLES #4606,SR-234,Manassas,VA,38.7518,-77.4728,3.859
70940,QUARLES #4607,SR-28,Manassas,VA,38.7518,-77.4728,3.859
70941,QUARLES #4934,US-60,Sandston,VA,37.515658,-77.27578,3.259
70942,QUARLES #4608,SR-657,Chantilly,VA,38.8865,-77.4393,3.659
70943,QUARLES #4700,US-15BUS/29BUS,Culpeper,VA,38.48115,-78.00406,3.799
70944,QUARLES #4701,US-15 BUS & US-522,Culpeper,VA,38.48115,-78.00406,3.799
70945,QUARLES #4944,US-17,Bealeton,VA,38.569667,-77.800436,3.759
70946,QUARLES #4703,US-29 & SR-616,Ruckersville,VA,38.233871,-78.391033,3.699
70947,QUARLES #4946,"I-95, EXIT 130A, SR-3",Fredericksburg,VA,38.299538,-77.477152,3.759
70948,QUARLES #4804,I-40 EXIT 211,Greensboro,NC,36.0726,-79.792,3.649
70949,QUARLES #4805,US-1 EXIT 95,Apex,NC,35.722504,-78.840816,3.999
70950,QUARLES #4807,I-40 EXIT 203,Kernersville,NC,36.116534,-80.083115,3.199
70951,QUARLES #4947,SR-7,Leesburg,VA,39.0867,-77.5775,3.659
70952,QUARLES #4810,I-540 EXIT 4A,Raleigh,NC,35.772701,-78.632439,3.709
70953,QUARLES #4948,"I-95, EXIT 126, US-1",Fredericksburg,VA,38.299538,-77.477152,3.759
70954,QUARLES #4811,SR-50/US-70,Garner,NC,35.681254,-78.597527,3.599
70955,QUARLES #4949,"I-95, EXIT 136, US-1",Fredericksburg,VA,38.299538,-77.477152,3.759
70956,QUARLES #4813,SR-133,Wilmington,NC,34.225304,-77.937856,3.779
70957,QUARLES #4950,"I-95, EXIT 126A, US-1",Fredericksburg,VA,38.299538,-77.477152,3.759
70958,QUARLES #4951,SR-3,Fredericksburg,VA,38.299538,-77.477152,3.759
70959,QUARLES #4814,US-117,Wilmington,NC,34.225304,-77.937856,3.799
70960,QUARLES #4962,"I-81, EXIT 222, US-250",Staunton,VA,38.145104,-79.07519,2.899
70961,QUARLES #4815,"I-140, EXIT 14",Wilmington,NC,34.225304,-77.937856,3.799
70962,QUARLES #4965,"I-295, EXIT 37A, US-360",Warsaw,VA,37.949992,-76.736517,3.759
70963,QUARLES #4817,"US-70, EXIT 333",Selma,NC,35.556531,-78.264025,3.799
70964,SEALSTON DELI,"I-95, EXIT 130A, SR-3",King George,VA,38.281142,-77.126023,3.499
70965,QUARLES #4822,US-401,Raleigh,NC,35.772701,-78.632439,3.709
70966,QUARLES #4927,SR-10 & SR-145,Chesterfield,VA,37.392327,-77.566799,3.699
70967,QUARLES #4823,I-95,Fayetteville,NC,35.05099,-78.842255,3.799
70968,QUARLES #4928,"I-95, EXIT 86A & SR-656",Ashland,VA,37.73948,-77.478373,3.674
70969,QUARLES #4824,I-40 EXIT 210,Greensboro,NC,36.0726,-79.792,3.699
70970,QUARLES #4931,US-60 & SR-603,Powhatan,VA,37.556442,-77.879761,3.699
70971,QUARLES #4932,"I-64, EXIT 173 & SR-623",Rockville,VA,37.733729,-77.699994,3.699
70973,QUARLES #4826,US HWY 29/70,High Point,NC,35.959313,-80.011673,3.66566666
70974,QUARLES #4933,US-60,Richmond,VA,37.453158,-77.469798,3.699
70975,QUARLES #4935,"I-95, EXIT 64 & SR-613",Richmond,VA,37.453158,-77.469798,3.699
70976,QUARLES #4827,I-40 EXIT 203,Kernersville,NC,36.116534,-80.083115,3.199
70977,QUARLES #4828,I-440 EXIT 13B,Raleigh,NC,35.772701,-78.632439,3.709
70978,QUARLES #4829,I-40 EXIT 298A,Raleigh,NC,35.772701,-78.632439,3.599
70979,QUARLES #4830,I-540 EXIT 3,Raleigh,NC,35.772701,-78.632439,3.719
70980,QUARLES #4938,"I-64, EXIT 159 & SR-522",Gum Spring,VA,37.818374,-77.907049,3.699
70982,EXXON/QUARLES #4942,"I-64/33, EXIT 205 & SR-249",Quinton,VA,37.518466,-77.148607,3.509
70984,QUARLES #4831,US-64 EXIT 470,Rocky Mount,NC,35.94265,-77.760816,3.409
70985,QUARLES #4832,I-40 EXIT 189,Winston Salem,NC,36.10237,-80.222798,3.57233333
70986,QUARLES #4833,US-1,Youngsville,NC,36.007782,-78.441198,3.699
70987,QUARLES #4902,US-250/33,Richmond,VA,37.453158,-77.469798,3.699
70988,QUARLES #4909,I-664 EXIT 3,Hampton,VA,37.0065,-76.413,3.42566666
70989,QUARLES #4911,I-264 EXIT 19B,Virginia Beach,VA,36.8527,-75.9783,3.57233333
70990,QUARLES #4915,I-664 EXIT 2,Hampton,VA,37.0065,-76.413,3.42566666
70991,QUARLES #4917,I-64 EXIT 255,Newport News,VA,37.057951,-76.460722,3.41066666
70992,QUARLES #4904,I-64 EXIT 197B,Sandston,VA,37.515658,-77.27578,3.259
70993,QUARLES #4905,I-95 EXIT 89,Ashland,VA,37.73948,-77.478373,3.699
70994,QUARLES #4906,I-95 EXIT 73,Richmond,VA,37.453158,-77.469798,3.699
70995,QUARLES #4910,I-95 EXIT 61B,Chester,VA,37.342934,-77.41557,3.799
70996,QUARLES #4912,I-64 EXIT 136,Troy,VA,37.9636,-78.253494,3.899
70997,QUARLES #4913,SR-76,Midlothian,VA,37.431027,-77.654458,3.699
70998,QUARLES #4916,I-246 EXIT 6,Portsmouth,VA,36.808902,-76.36714,3.46566666
71001,QUARLES #4921,I-95 EXIT 83B,Richmond,VA,37.453158,-77.469798,3.699
71002,QUARLES #4922,US-250,Charlottesville,VA,38.054752,-78.490869,3.899
71003,QUARLES #4923,I-95 EXIT 73,Richmond,VA,37.453158,-77.469798,3.699
71004,QUARLES #4924,US-1 & SR-688,Doswell,VA,37.841682,-77.512521,3.699
71005,QUARLES #4925,I-95 EXIT 78,Richmond,VA,37.453158,-77.469798,3.699
71006,QUARLES #4926,I-95 EXIT 79,Richmond,VA,37.453158,-77.469798,3.699
71007,HAYDEN TRAVEL CENTER,"I-65, EXIT 284 & SR-160",Warrior,AL,33.852862,-86.819849,3.129
71009,WEIGELS #80,"I-40, EXIT 435 & US-321",Newport,TN,35.954431,-83.202749,3.11566666
71010,KEYSTOPS,"I-64, EXIT 17",Louisville,KY,38.2435,-85.7639,3.19566666
71011,Global,"I-84 E, EXIT 2 & US-6 E",Danbury,CT,41.391663,-73.453165,3.459
71012,ALLTOWN MARKETS #838,"I-95 N, EXIT 12",Darien,CT,41.076759,-73.485254,3.83233333
71013,ALLTOWN MARKETS #647,SR-3 EXIT 5,Plymouth,MA,41.910404,-70.642004,3.959
71014,Global,"I-95, EXIT 43 & US-1",Elkridge,MD,39.2125,-76.713889,3.099
71018,KWIK STAR #1076,US-218,Vinton,IA,42.174284,-91.989154,3.199
71019,KWIK TRIP #489,SR-3,Northfield,MN,44.458724,-93.166826,3.524
71020,Fast Trac 21,SR-21 & CR-50,Caldwell,TX,30.529819,-96.714292,3.299
71021,Amoco,"I-39 & HWY 23, EXIT 54",Oglesby,IL,41.292768,-89.055341,3.199
71021,Amoco,"I-39 & HWY 23, EXIT 54",Oglesby,IL,41.292768,-89.055341,3.249
71022,TEX BEST #530,"I-10, EXIT 628 & SR-80",Luling,TX,29.682621,-97.649947,3.009
71023,LOVES TRAVEL STOP #853,SR-302 & CR-313,Kermit,TX,31.85496,-103.091269,3.25066666
71024,LOVES TRAVEL STOP #804,US-34/US-67,Monmouth,IL,40.910702,-90.644828,3.449
71024,LOVES TRAVEL STOP #804,US-34/US-67,Monmouth,IL,40.910702,-90.644828,3.389
71024,LOVES TRAVEL STOP #804,US-34/US-67,Monmouth,IL,40.910702,-90.644828,3.349
71025,KWIK TRIP #644,SR-57 & SR-32,New Holstein,WI,43.944639,-88.091083,3.39066666
71027,Kwik Star #1068,I-35,Story City,IA,42.183487,-93.598811,2.959
71029,CASEYS #6445,I-355 EXIT 27 & SR-64,Lombard,IL,41.872139,-88.015988,3.349
71030,QUIKTRIP #1469,"I-10, EXIT 248 & SR-77",Marana,AZ,32.404749,-111.273621,3.06233333
71032,MAVERIK COUNTRY STORE #416,US-50 & US-95,Fallon,NV,39.470254,-118.786112,3.52566666
71033,MAVERIK COUNTRY STORE #560,I-580 & US-50,Carson City,NV,39.150746,-119.745904,3.589
71034,MAVERIK COUNTRY STORE #635,I-15 EXIT 57,Cedar City,UT,37.689544,-113.074513,3.44233333
71036,GOLDEN GATE PETRO,US-550,Montrose,CO,38.46783,-107.875182,3.43566666
71037,SUNOCO,US-220 EXIT 111,Lock Haven,PA,41.142497,-77.443588,3.599
71039,TURNPIKE MARKET EXPRESS,SR-5,Newton Falls,OH,41.191047,-80.970135,3.259
71042,SINCLAIR,I-580/US-395 EXIT 6,Carson City,NV,39.150746,-119.745904,3.599
71046,SPEEDWAY #9336,US-27/SR-126,Cincinnati,OH,39.091293,-84.277383,3.699
71047,LOVES TRAVEL STOP #722,"I-17, EXIT 262 & SR-69",Mayer,AZ,34.365535,-112.129551,3.68066666
71050,GILL MART CORNER STORE,US-131 & SR-216,Three Rivers,MI,41.959598,-85.637125,3.699
71051,SHEETZ #683,I-83 EXIT 28,York,PA,39.963539,-76.726887,3.259
71053,ROAD RANGER #279,"I-57, EXIT 45 & SR-148",Marion,IL,37.725662,-88.929447,3.699
71053,ROAD RANGER #279,"I-57, EXIT 45 & SR-148",Marion,IL,37.725662,-88.929447,3.379
71055,LOVES TRAVEL STOP #793,"I-840, EXIT 67 & COUCHVILLE PIKE",Mount Juliet,TN,36.2,-86.518611,3.25233333
71056,SPEEDWAY #1044,US-72 & SR-20,Decatur,AL,34.589599,-86.98868,3.42566666
71057,LOVES TRAVEL STOP #795,US-97/US-26 & HALL RD,Madras,OR,44.637579,-121.134924,3.689
71058,KWIK TRIP #1090,SR-19 & SR-21,New Prague,MN,44.540239,-93.580473,3.349
71059,CIRCLE K #2706781,US-17 & SR-200,Yulee,FL,30.631667,-81.606667,3.34233333
71060,CIRCLE K #2701537,"I-77, EXIT 100 & SR-89",Mount Airy,NC,36.500739,-80.611871,2.859
71061,CIRCLE K #2702344,US-78 & SR-39,Williston,SC,33.392608,-81.416146,3.799
71062,MAVERIK COUNTRY STORE #637,"I-70, EXIT 56 & US-89",SALINA,UT,38.956028,-111.881072,3.44233333
71063,MAVERIK COUNTRY STORE #639,"I-40, EXIT 153",Albuquerque,NM,35.0936,-106.6423,3.19733333
71064,LOVES TRAVEL STOP #798,I-57 EXIT 212,Tuscola,IL,39.799509,-88.281585,3.289
71064,LOVES TRAVEL STOP #798,I-57 EXIT 212,Tuscola,IL,39.799509,-88.281585,3.389
71064,LOVES TRAVEL STOP #798,I-57 EXIT 212,Tuscola,IL,39.799509,-88.281585,3.489
71065,MAVERIK COUNTRY STORE #429,US-40 & SR-121,Roosevelt,UT,40.310229,-110.010782,3.439
71066,Circle K #2745067,"I-75, EXIT 155",Macon,GA,32.84386,-83.598686,3.089
71067,7-ELEVEN #41219,I-385 EXIT 9,Laurens,SC,34.500714,-82.026774,3.099
71071,KWIK TRIP #1074,SR-35,Somerset,WI,45.133064,-92.686466,3.524
71072,LOVES TRAVEL STOP #801,I-75 EXIT 102,Cordele,GA,31.963333,-83.7825,3.309
71073,LOVES TRAVEL STOP #803,I-57 EXIT 54B,Marion,IL,37.725662,-88.929447,3.739
71073,LOVES TRAVEL STOP #803,I-57 EXIT 54B,Marion,IL,37.725662,-88.929447,3.749
71074,Speedway #7764,SR-72 & SR-25,Dundee,IL,42.096197,-88.290202,3.279
71075,TEXAS TRAVEL CENTER,"I-35, EXIT 277",Jarrell,TX,30.748406,-97.600833,2.83233333
71076,Kwik Star #589,US-151,Marion,IA,42.041095,-91.594135,3.524
71077,COMMUNITY CO OPS LAKE PARK,US-10,Lake Park,MN,46.817623,-96.067047,3.509
71079,DK,SR-375,El Paso,TX,31.758411,-106.478311,2.699
71080,BIG INDIAN SMOKE SHOP,I-90 & US-20,Irving,NY,42.573866,-79.059634,2.929
71080,BIG INDIAN SMOKE SHOP,I-90 & US-20,Irving,NY,42.573866,-79.059634,3.029
71083,SPRINT FOOD #701,US-78,Augusta,GA,33.511692,-82.099505,3.22566666
71084,FIESTA MART #42,US-75,Tulsa,OK,36.05566,-96.060229,3.16566666
71085,Sunoco,SR-49,Greenville,OH,40.098726,-84.634189,3.599
71086,THORNTONS #318,SR-59 & SR-38,West Chicago,IL,41.888558,-88.202168,3.649
71086,THORNTONS #318,SR-59 & SR-38,West Chicago,IL,41.888558,-88.202168,3.699
71087,HALF SUN TRAVEL PLAZA,"I-90, EXIT 176",Moses Lake,WA,47.137363,-119.289149,4.029
71087,HALF SUN TRAVEL PLAZA,"I-90, EXIT 176",Moses Lake,WA,47.137363,-119.289149,3.569
71088,KARDES,US-151,Monticello,IA,42.232591,-91.198901,3.399
71090,CEFCO #2076,US-60 & SR-207,Panhandle,TX,35.380841,-101.43037,2.94566666
71091,BREAK TIME #3163,US-63 & CR-M,Moberly,MO,39.420239,-92.435793,3.46233333
71094,BP,US-63 & SR-137,Eddyville,IA,41.153266,-92.622052,3.379
71095,HOBO PANTRY #29,US-84/SR-12 & SR-95,Gordon,AL,31.10019,-85.123412,3.659
71096,GAS N WASH,US-30 & SR-394,Chicago Heights,IL,41.506202,-87.613209,3.499
71097,THORNTONS #329,"I-55, EXIT 267 & SR-53",Romeoville,IL,41.6475,-88.089444,3.309
71097,THORNTONS #329,"I-55, EXIT 267 & SR-53",Romeoville,IL,41.6475,-88.089444,3.359
71098,DANDY MINI MART #74,US-6 & SR-187,Wysox,PA,41.782621,-76.383397,3.999
71099,THORNTONS #336,"I-57, EXIT 335 & SR-50",Monee,IL,41.419133,-87.77484,3.399
71099,THORNTONS #336,"I-57, EXIT 335 & SR-50",Monee,IL,41.419133,-87.77484,3.349
71099,THORNTONS #336,"I-57, EXIT 335 & SR-50",Monee,IL,41.419133,-87.77484,3.459
71099,THORNTONS #336,"I-57, EXIT 335 & SR-50",Monee,IL,41.419133,-87.77484,3.409
71101,FOOD N FUEL,"I-55, EXIT 244 & SR-53",Elwood,IL,41.426018,-88.08642,3.499
71101,FOOD N FUEL,"I-55, EXIT 244 & SR-53",Elwood,IL,41.426018,-88.08642,3.599
71102,365 Food and Fuel,"I-35W/US-287, EXIT 54A & SR-183",Fort Worth,TX,32.7469,-97.3268,2.97566666
71103,FAT DOGS NORTH PLATTE SOUTH,"I-80, EXIT 177 & US-83",North Platte,NE,41.132595,-100.774631,3.074
71104,SPINX #364,"I-26, EXIT 194",Summerville,SC,33.028045,-80.173852,3.399
71105,SHEPHERD 700,US-64 & CR-450,Alva,OK,36.801564,-98.672162,3.219
71106,SECURITY OIL,"I-135, EXIT 10B & SR-96",Wichita,KS,37.6898,-97.3415,3.299
71107,SPARKYS ONE STOP,"US-20, EXIT 96 & SR-4",Rockwell City,IA,43.003167,-93.216737,3.21566666
71108,Stuckeyâ€™s Travel Center West,"I-10, EXIT 819 & FM-1663",Anahuac,TX,29.780987,-94.554819,2.80733333
71109,KWIK TRIP #1067,"SR-13, BETWEEN FAIRWAY & TRINITY DR",Phillips,WI,45.697463,-90.404131,3.31566666
71110,KWIK TRIP #1121,"I-94 & SR-26, EXIT 267",Watertown,WI,43.194722,-88.728889,3.289
71111,MAPCO #5167,"I-59, EXIT 21B & SR-35",Fort Payne,AL,34.436792,-85.712394,3.479
71112,BERKSHIRE ENERGY,"I-91, EXIT 8 & SR-80",New Haven,CT,41.308,-72.9286,3.549
71113,PLATEU TRAVEL PLAZA,"I-95, EXIT 39A & US-1",Madras,OR,44.637579,-121.134924,3.359
71114,SHEETZ #672,"I-95, EXIT 11B & SR-606",Woodford,VA,38.084664,-77.439879,2.899
71115,FASTBREAK #6,US-50/US-151 & US-41,Vincennes,IN,38.67344,-87.509806,4.039
71116,CEFCO #101,US-59 & SR-49,Jefferson,TX,32.779863,-94.371217,2.899
71117,AM-PM TRUCK STOP,"I-520/SR-415, EXIT 9 & SR-56",Augusta,GA,33.511692,-82.099505,3.359
71118,THORNTONS #0331,"I-35/US-51, EXIT 3 & CR-9",Roscoe,IL,42.421659,-88.99433,3.469
71118,THORNTONS #0331,"I-35/US-51, EXIT 3 & CR-9",Roscoe,IL,42.421659,-88.99433,3.419
71119,PARKER'S #69 (DISCOUNT AVAILABLE),"I-95/SR-405, EXIT 102 & US-80",Pooler,GA,32.114931,-81.251958,3.12233333
71120,GAS PRO TRAVEL CENTER,US-25 & SR-56,Waynesboro,GA,33.101254,-81.990797,3.799
71121,HAT CREEK TRAVEL,"I-10/US-70, EXIT 82A & US-180",Deming,NM,32.231808,-107.746559,2.919
71123,ONE9 XPRESS FUEL #1264,"I-10, EXIT 203",Eloy,AZ,32.750929,-111.583275,3.139
71123,XPRESS FUEL DBA ONE9 #1264,"I-10, EXIT 203",Eloy,AZ,32.750929,-111.583275,3.139
71124,LOVES TRAVEL STOP #761,"I-10, EXIT 343 & US-301",Jacksonville,FL,30.3163,-81.4175,3.849
71126,QUIKTRIP #1177,I-77 & US-21,Blythewood,SC,34.191112,-80.975756,3.07566666
71127,QUIKTRIP #4044,"I-10, EXIT 609",Seguin,TX,29.561316,-97.962801,2.94566666
71129,Queens Market,"I-85, EXIT 41 & SR-2480",Charlotte,NC,35.2269,-80.8433,3.499
71131,7-ELEVEN #38816,"I-85, EXIT 66 & US-29",Spartanburg,SC,34.935211,-81.965377,3.30566666
71132,CEFCO #104,US-259 & SR-315,Mount Enterprise,TX,31.9125,-94.623505,2.959
71133,AMIGOS TRAVEL CENTER,"I-35, EXIT 85 & FM-117",Dilley,TX,28.678201,-99.174684,3.399
71134,ALLSUPS CONVENIENCE STORE #2376,US-54/US-285 & US-60,Vaughn,NM,34.624074,-105.192558,3.499
71136,CIRCLE K #2706788,"I-795, EXIT 22 & US-70, EXIT 356",Goldsboro,NC,35.382585,-78.015813,3.39233333
71138,LUMMI BAY MARKET,"I-5, EXIT 260",Bellingham,WA,48.748957,-122.488676,3.759
71139,GAS N WASH,SR-47 & CR-9,Yorkville,IL,41.638725,-88.443794,3.599
71140,BP,"I-94, EXIT 267 & SR-26, EXIT 30",Jefferson,WI,43.000557,-88.807765,3.209
71141,CASEYS #3901,"I-55, EXIT 178 & CR-23",Lexington,IL,40.635685,-88.806203,3.339
71141,CASEYS #3901,"I-55, EXIT 178 & CR-23",Lexington,IL,40.635685,-88.806203,3.359
71142,LOVES TRAVEL STOP #775,US-20 & SR-2,Rockford,IL,42.292233,-89.116118,3.349
71142,LOVES TRAVEL STOP #775,US-20 & SR-2,Rockford,IL,42.292233,-89.116118,3.289
71142,LOVES TRAVEL STOP #775,US-20 & SR-2,Rockford,IL,42.292233,-89.116118,3.229
71142,LOVES TRAVEL STOP #775,US-20 & SR-2,Rockford,IL,42.292233,-89.116118,3.269
71143,CASEYS #3904,SR-141,Manning,IA,41.907248,-95.055622,3.209
71144,CASEYS #3675,US-12 & US-75,Ortonville,MN,45.329621,-96.45965,3.379
71145,CASEYS #3905,I-74/US-421 EXIT 113,Shelbyville,IN,39.50434,-85.787515,3.599
71146,CASEYS #2968,US-34,Eagle,NE,40.816909,-96.428965,3.239
71147,CASEYS #3910,US-177 & SR-33,Perkins,OK,35.97684,-97.044059,3.01566666
71148,CASEYS #1892,US-65,Sheffield,IA,42.877881,-93.215583,3.15233333
71149,KOUNTRY KORNER,SR-20,Mount Pleasant,MI,43.6025,-84.7752,3.619
71150,LOVES TRAVEL STOP #812,"I-84, EXIT 141",Bliss,ID,42.944859,-114.910387,3.78566666
71151,LOVES TRAVEL STOP #880,US-50 & SR-130,Olney,IL,38.733389,-88.080936,3.289
71151,LOVES TRAVEL STOP #880,US-50 & SR-130,Olney,IL,38.733389,-88.080936,3.189
71151,LOVES TRAVEL STOP #880,US-50 & SR-130,Olney,IL,38.733389,-88.080936,3.189
71151,LOVES TRAVEL STOP #880,US-50 & SR-130,Olney,IL,38.733389,-88.080936,3.389
71151,LOVES TRAVEL STOP #880,US-50 & SR-130,Olney,IL,38.733389,-88.080936,3.339
71151,LOVES TRAVEL STOP #880,US-50 & SR-130,Olney,IL,38.733389,-88.080936,3.289
71152,LOVES TRAVEL STOP #841,"US-24, EXIT 41",Napoleon,OH,41.390969,-84.143271,3.705
71152,LOVES TRAVEL STOPS #841,"US-24, EXIT 41",Napoleon,OH,41.390969,-84.143271,3.689
71153,KWIK TRIP #1083,SR-35,Osceola,WI,45.321757,-92.697108,3.499
71154,KWIK TRIP #489,CR-3,DUNDAS,MN,44.395537,-93.20369,3.499
71155,KWIK TRIP #1124,"SR-16, EXIT 184",Sussex,WI,43.144059,-88.227064,3.37733333
71158,CIRCLE K #2707533,"SR-570, EXIT 3 & SR-572",Lakeland,FL,28.038134,-81.939153,3.53233333
71160,CIRCLE K #4706316,"I-96, EXIT 46  & SR-6, EXIT 15",Caledonia,MI,42.796395,-85.562167,3.699
71160,CIRCLE K #4706316,"I-96, EXIT 46  & SR-6, EXIT 15",Caledonia,MI,42.796395,-85.562167,3.639
71161,CIRCLE K #2720931,"I-95, EXIT 107 & US-301",Kenly,NC,35.607742,-78.138227,3.149
71162,CIRCLE K #4705694,US-20 & CR-245,Norwalk,OH,41.240314,-82.60785,3.614
71163,DANDY MINI MART #68,"I-86/SR-17, EXIT 51A & CR-64",Elmira,NY,42.100769,-76.811977,3.899
71164,DANDY MINI MART #59,SR-287,Middlebury Center,PA,41.891706,-77.314764,3.999
71165,PALMETTO EXPRESS #115,"I-26, EXIT 125 & US-176",Gaston,SC,33.833712,-81.117395,3.199
71166,MAVERIK COUNTRY STORE #616,US-50,Montrose,CO,38.46783,-107.875182,3.39566666
71167,LOVES TRAVEL STOP #768,"I-55, EXIT 247",Channahon,IL,41.434664,-88.213786,3.489
71167,LOVES TRAVEL STOP #768,"I-55, EXIT 247",Channahon,IL,41.434664,-88.213786,3.349
71167,LOVES TRAVEL STOP #768,"I-55, EXIT 247",Channahon,IL,41.434664,-88.213786,3.449
71167,LOVES TRAVEL STOP #768,"I-55, EXIT 247",Channahon,IL,41.434664,-88.213786,3.389
71167,LOVES TRAVEL STOP #768,"I-55, EXIT 247",Channahon,IL,41.434664,-88.213786,3.549
71168,LOVES TRAVEL STOP #797,"I-80, EXIT 176",Winnemucca,NV,40.966418,-117.746693,3.744
71169,LOVES TRAVEL STOP #879,"I-69 EXIT,286 & US-24 & SR-9",Huntington,IN,40.881128,-85.505438,3.50066666
71170,LOVES TRAVEL STOP #849,"I-94, EXIT 292 & CR-21",Valley City,ND,46.92681,-98.003316,3.969
71171,TEXSTAR TRAVEL CENTER,I-35 EXIT 302,Temple,TX,31.089518,-97.334264,2.91233333
71172,ZIPPY JS #18,CR-577 & CR-80,Brenham,TX,30.17736,-96.402769,3.199
71173,ENMARKET #828,"I-95/SR-405, EXIT 102 & US-80",Pooler,GA,32.114931,-81.251958,3.08233333
71176,QUIKTRIP #1710,US-23/SR-365,Gainesville,GA,34.307269,-83.825596,3.34566666
71177,COMO TRAVEL CENTER,"I-55, EXIT 257 & SR-310",Como,MS,34.513728,-89.915508,3.079
71179,7-ELEVEN #41332,"I-26, EXIT 76 & SR-219",Newberry,SC,34.284661,-81.615741,3.33233333
71181,7-ELEVEN #38637,"I-85, EXIT 72 & I-585/US-176",Spartanburg,SC,34.935211,-81.965377,3.11566666
71185,SHEETZ #698,"I-78/US-22, EXIT 45 & SR-863",Kutztown,PA,40.521354,-75.777395,3.329
71186,7-ELEVEN #36837,US-29 & SR-904,Anderson,SC,34.526051,-82.630436,3.089
71187,KWIK TRIP #1041,SR-11 & CR-H,Sturtevant,WI,42.69673,-87.903082,3.794
71188,QUIKTRIP #1722,"I-75, EXIT 153",Macon,GA,32.84386,-83.598686,3.089
71189,QUIKTRIP #1198,"I-20, EXIT 55",Lexington,SC,33.981389,-81.236389,3.129
71190,LOVES TRAVEL STOPS #888,"I-80/US-30, EXIT 85 & SR-374",Green River,WY,41.51959,-109.471445,3.589
71190,LOVES TRAVEL STOP #888,"I-80/US-30, EXIT 85 & SR-374",Green River,WY,41.51959,-109.471445,3.707
71191,MAVERIK COUNTRY STORE #631,I-80/5600 WEST,Salt Lake City,UT,40.755851,-111.896657,3.459
71193,ASAP GENERAL STORE #308,US-60 & SR-123,Bartlesville,OK,36.743956,-95.992091,3.191
71194,ASAP GENERAL STORE #104,"I-40, EXIT 84 & US-54",Weatherford,OK,35.535046,-98.699603,3.13233333
71195,ASAP GENERAL STORE #301,"I-40, EXIT 108 & US-281/SR-8",Geary,OK,35.621709,-98.390529,3.13233333
71196,ASAP GENERAL STORE #302,SR-33 & SR 54,Thomas,OK,35.738165,-98.738842,3.13233333
71197,ASAP GENERAL STORE #304,US-60/SR-51 & US-283,Arnett,OK,36.120524,-99.73266,3.23233333
71198,LOVES TRAVEL STOP #844,"I-90, EXIT 233 & SR-74",Saint Charles,MN,43.958481,-92.051738,3.569
71199,LOVES TRAVEL STOP #814,"I-22, EXIT 14 & CR-35",Hamilton,AL,34.153413,-88.008521,3.55566666
71200,LOVES TRAVEL STOP #730,"I-80, EXIT 440 & SR-50",Omaha,NE,41.261,-95.9376,3.28066666
71201,PRIDE TRAVEL CENTER,I-91 EXIT 33,Hartford,CT,41.7636,-72.6855,3.509
71202,QUIKTRIP #1181,"I-26, EXIT 154B & US-301",Orangeburg,SC,33.502545,-80.859282,3.23566666
71206,JACKSONS FOOD STORES #138,US-95/SR-339 & SR-208,Yerington,NV,38.986567,-119.159558,3.679
71207,GAS N WASH,"I-80, EXIT 148B & SR-43",Tinley Park,IL,41.5963,-87.8434,3.679
71207,GAS N WASH,"I-80, EXIT 148B & SR-43",Tinley Park,IL,41.5963,-87.8434,3.499
71207,GAS N WASH,"I-80, EXIT 148B & SR-43",Tinley Park,IL,41.5963,-87.8434,3.599
71208,RACEWAY #6789,US-301 & SR-150,Richmond                                ,VA,37.453158,-77.469798,3.429
71209,RACETRAC #2529,"I-75, EXIT 285 & SR-52",San Antonio,FL,28.337139,-82.288237,3.31566666
71210,RACETRAC #2515,I-820 & BUS-287,Fort Worth,TX,32.7469,-97.3268,2.87733333
71211,KUM & GO #0138,US-67,Jacksonville,AR,34.881985,-92.130435,3.099
71212,KUM & GO #0426,BUS-71,Springdale,AR,36.183521,-94.176216,3.149
71213,KUM & GO #0429,US-62,Rogers,AR,36.336316,-94.114784,3.009
71214,MAVERIK #5317,"I-76, EXIT 22",Brighton,CO,39.980553,-104.810278,3.234
71215,MAVERIK #5319,SR-392 & SR-257,Windsor,CO,40.483663,-104.899442,3.159
71216,Maverik Country Store #5337,"I-35, EXIT 102 & SR-210",Huxley,IA,41.899434,-93.602381,3.09233333
71217,KUM & GO #0185,US-65,Bondurant,IA,41.70166,-93.452689,3.095
71218,KUM & GO #1435,US-65,Fair Grove,MO,37.372143,-93.142824,3.15566666
71219,KUM & GO #1568,"I-44, EXIT 156",Waynesville,MO,37.817515,-92.198944,3.099
71221,LOVES TRAVEL STOP #786,I-435 EXIT 55,Kansas City,MO,39.163189,-94.569882,3.389
71223,SCOOBA JUNCTION,US-45 & SR-16,Scooba                                  ,MS,32.840197,-88.488272,3.21566666
71227,TEX BEST #529,SR-16 & SR-1604,Von Ormy,TX,29.274979,-98.667741,3.049
71228,SHELL,"I-80, EXIT 279 & SR-10",Gibbon                                  ,NE,40.744445,-98.85435,3.299
71229,THE PRIDE OF PALATINE,"I-90, EXIT 65 & SR-62",Palatine,IL,42.1258,-88.0764,3.399
71230,THE PRIDE OF LAKE COUNTY,US-12 & SR-53,Lake Zurich,IL,42.196721,-88.070299,3.349
71232,GATEWAY TRAVEL CENTER,US-16 & US-85,Newcastle,WY,43.851098,-104.226205,3.324
71233,Fuel America Travel Center #2,"I-35, EXIT 32",Encinal,TX,28.051329,-99.340902,3.049
71234,CHEVRON #352305,I-610 & SR-47,Chalmette,LA,29.946611,-89.961137,3.139
71239,CASEYS #3926,"I-29, EXIT 84 & SR-118",Mound City,MO,40.136238,-95.213837,3.15733333
71240,LOVES TRAVEL STOP #764,I-24 EXIT 117 ,Hillsboro,TN,35.369933,-85.972422,3.32566666
71241,WEIGLES #58,"I-40, Exit 356A & SR-58",Kingston                                ,TN,35.852807,-84.497054,3.169
71242,LAST STOP TRAVEL CENTER,US-93,Willow Beach,AZ,35.8316,-114.4441,3.49566666
71244,MAVERIK COUNTRY STORE #644,"I-84/I-15, EXIT 344 & SR-39",Ogden,UT,41.2443,-112.0072,3.37233333
71245,MAVERIK COUNTRY STORE #651,"I-15, EXIT 67 & US-30",Pocatello,ID,42.887592,-112.438142,3.40233333
71246,TOOT N TOTUM #99,I-40 EXIT 75,Amarillo,TX,35.203238,-101.842052,3.04566666
71247,LOVES TRAVEL STOP #848,"I-59, Exit 104",Sandersville,MS,31.786389,-89.032222,3.16233333
71248,RACETRAC #2560,"I-4, EXIT-55",Davenport,FL,28.22,-81.6205,3.289
71249,RACETRAC #2589,"I-20, EXIT 185",Oxford,AL,33.596829,-85.83347,2.999
71250,NAVAJO BLUE TRAVEL CENTER,I-40 EXIT 219,Flagstaff,AZ,35.185911,-111.661979,3.609
71251,RUTTERS #91,US-30 & SR-772,Gap,PA,40.002018,-75.997801,4.199
71252,QUIKTRIP #1178,"I-26, EXIT 54 & SR-72",Clinton,SC,34.470692,-81.87717,3.099
71253,QUIKTRIP #4066,"I-35, EXIT 122 & SR-173",Devine,TX,29.152078,-98.908994,2.96566666
71255,Fuel N Treat,"I-70/US-40, EXIT 84 & CR-J",Nelson                                  ,MO,39.010447,-93.031102,3.284
71256,SIGNAL FOOD STORE #120,US-60,Seymour                                 ,MO,37.166726,-92.785659,3.02566666
71257,FARMERS UNION SOUTHERN VALLEY,US-75 & SR-210,Wahpeton                                ,ND,46.2651,-96.6133,3.499
71259,LOVES TRAVEL STOP #846,I-10 EXIT 10,Irvington,AL,30.480241,-88.239563,3.16566666
71260,LOVES TRAVEL STOP #881,US HWY 224 & OH 225,Diamond,OH,41.093473,-81.0425,3.45233333
71261,Una Travel Center,I-94 EXIT 228,Roseville,MI,42.503423,-82.93868,3.899
71262,LOVES TRAVEL STOP #892,"I-70, EXIT 118 & SR-310",Etna,OH,39.957222,-82.681944,3.46066666
71263,Loves Travel Stop # 660,"I-25, Exit 49",Walsenburg,CO,37.638159,-104.804301,4.249
71264,MAVERIK COUNTRY STORE #649,I-25/US-85 EXIT 220 & SR-500,Albuquerque,NM,35.0936,-106.6423,3.20566666
71265,U SAVE FOOD STORES 1,SR-39/SR-55,Richwood,WV,38.222988,-80.544481,3.599
71266,LOVES TRAVEL STOP #787,"I-81, EXIT 30 & SR-70 ",Mosheim,TN,36.183883,-82.967399,3.55566666
71267,LOVES TRAVEL STOP #878,"US-131/SR-43, EXIT 44",Kalamazoo,MI,42.273565,-85.545653,3.649
71267,LOVES TRAVEL STOP #878,"US-131/SR-43, EXIT 44",Kalamazoo,MI,42.273565,-85.545653,3.589
71267,LOVES TRAVEL STOP #878,"US-131/SR-43, EXIT 44",Kalamazoo,MI,42.273565,-85.545653,3.689
71268,MAVERIK COUNTRY STORE #650,SR 85 & W 900 S,West Jordan,UT,40.625429,-111.967662,3.43233333
71269,Maverik Country Store #652,I-84 & SR 79,Jerome,ID,42.71784,-114.501244,3.394
71270,QUIKTRIP #7904,I-20 EXIT 285 ,Abilene,TX,32.468155,-99.718208,2.87566666
71271,MAVERIK COUNTRY STORE #672,SR-69,Dewey                                   ,AZ,34.536753,-112.256665,3.219
71275,ALLSUPS CONVENIENCE STORE #2272,US-67/US-84,Bangs,TX,31.768388,-99.107657,2.93233333
71276,Circle K #2706617,I-4 EXIT 28,Lakeland,FL,28.038134,-81.939153,3.25066666
71277,CIRCLE K #2706619,I-75 EXIT 354,Ocala,FL,29.1981,-82.0974,3.45733333
71278,Kwik Trip #1506,SR-26,Fort Atkinson,WI,42.922902,-88.846689,3.57733333
71281,Pride (One9 Fuel Network) #1213,"I-40, Exit 25",Yucca,AZ,34.872222,-114.148611,3.559
71281,Pride Travel Center dba One9 #1213,"I-40, Exit 25",Yucca,AZ,34.872222,-114.148611,3.559
71282,QuikTrip #4128,SR-71,Bastrop,TX,30.13883,-97.292101,2.96566666
71283,QUIKTRIP #7135,US-17 ,Hardeeville,SC,32.263512,-81.066865,2.999
71284,Loves Travel Stop #889,"I-22, Exit 30",Holly Springs,MS,34.7687,-89.4483,3.31566666
71285,Shrees Truck Stop Seattle,SR-509,Seattle,WA,47.611435,-122.330456,3.799
71286,RACETRAC #2323,I-75 EXIT 128,Fort Myers,FL,26.620403,-81.8725,3.299
71287,RACETRAC #482,I-310 EXIT 2A,Saint Rose                              ,LA,29.958074,-90.312432,3.12566666
71288,SHEETZ #700,"I-270, EXIT 49 & SR-317",Groveport,OH,39.858137,-82.887219,3.059
71289,7-ELEVEN #38835,I-75 EXIT 139,Fort Myers,FL,26.620403,-81.8725,3.599
71290,LOVES TRAVEL STOP #808,"US-19/SR-3, EXIT 3 & US-82",Albany,GA,31.567783,-84.161923,3.789
71291,HUCKS FOOD & FUEL #351 DBA ONE9 #1286,"I-57, Exit 116",Salem                                   ,IL,38.626421,-88.948077,3.239
71291,HUCKS FOOD & FUEL #351 DBA ONE9 #1286,"I-57, Exit 116",Salem                                   ,IL,38.626421,-88.948077,3.139
71291,HUCKS FOOD & FUEL #351,"I-57, Exit 116",Salem                                   ,IL,38.626421,-88.948077,3.139
71291,HUCKS FOOD & FUEL #351,"I-57, Exit 116",Salem                                   ,IL,38.626421,-88.948077,3.099
71295,MOUNTAINEER MART #33,US-33/119,Buckhannon,WV,38.98407,-80.217824,3.899
71298,QUIKTRIP #1923,"I-45, EXIT 229",Corsicana,TX,32.0322,-96.3483,2.849
71299,QUIKTRIP #7903,"I-35, EXIT 331",Waco,TX,31.552452,-97.139608,2.95566666
71300,SPEEDWAY #1407,"I-94, EXIT 145",Jackson,MI,42.254522,-84.387476,3.599
71300,SPEEDWAY #1407,"I-94, EXIT 145",Jackson,MI,42.254522,-84.387476,3.549
71301,Atlanta IL Visitors Center,I-55 EXIT 140,Atlanta,IL,40.258624,-89.230021,3.399
71302,KWIK STAR #1107,I-380 EXIT 18 ,Cedar Rapids,IA,41.9743,-91.655382,3.574
71303,KWIK TRIP #1132,SR-21 ,Omro,WI,44.035678,-88.751933,3.37733333
71305,AMIGO'S COUNTRY STORE,"I-35, EXIT 122 & SR-173",Devine,TX,29.152078,-98.908994,3.099
71307,Speedway #1221,"I-24/69, EXIT 27 & US-62",Calvert City,KY,37.014741,-88.381115,3.449
71308,QUIKTRIP #7145,"I-40, EXIT 239A",Lebanon,TN,36.209792,-86.302367,2.91566666
71309,SUGAR CROSSING CONVENIENCE,US-33 & CR-63,Lancaster,OH,39.718697,-82.603074,3.38233333
71310,CIRCLE K #2722120,US-441/27,Summerfield,FL,28.9958,-82.0214,3.52566666
71311,CIRCLE K #708,"I-85, EXIT 64 & US-29",Opelika,AL,32.627771,-85.358629,3.26566666
71313,LOVES TRAVEL STOP  #821,"US-70, Exit W Main St",Durant,OK,34.00609,-96.384705,3.489
71314,Loves Travel Stop  #806,I-20 Exit 124,Monroe,LA,32.528551,-92.106104,3.16733333
71315,KWIK TRIP #1062,SR-33 ,West Bend                               ,WI,43.425278,-88.183333,3.55566666
71316,KWIK TRIP #1084,SR-97,Marshfield,WI,44.6688,-90.1716,3.47566666
71318,LOVES TRAVEL STOP  #800,SR-83 ,Elk Grove Village,IL,42.005613,-88.012775,3.449
71318,LOVES TRAVEL STOP  #800,SR-83 ,Elk Grove Village,IL,42.005613,-88.012775,3.379
71318,LOVES TRAVEL STOP  #800,SR-83 ,Elk Grove Village,IL,42.005613,-88.012775,3.489
71318,LOVES TRAVEL STOP  #800,SR-83 ,Elk Grove Village,IL,42.005613,-88.012775,3.549
71318,LOVES TRAVEL STOP  #800,SR-83 ,Elk Grove Village,IL,42.005613,-88.012775,3.649
71318,LOVES TRAVEL STOP  #800,SR-83 ,Elk Grove Village,IL,42.005613,-88.012775,3.589
71319,LOVES TRAVEL STOP #868,"I-95, EXIT 223 ",Mims,FL,28.697383,-80.866278,3.689
71320,TA EXPRESS EDGERTON #284,I-35 EXIT 205 ,Edgerton,KS,38.781084,-95.009377,3.699
71321,Kwik Star #1119,US-18 ,Emmetsburg                              ,IA,43.108249,-94.682545,3.449
71322,KWIK TRIP #1101,US-141,Crivitz,WI,45.254053,-88.061265,3.304
71323,MAVERIK COUNTRY STORE #517,SR-114 & E MILL RD,Orem,UT,40.313407,-111.695293,3.44066666
71324,7-ELEVEN #38992,"I-85/US-29, EXIT 40 & I-185, EXIT 12",Piedmont,SC,34.724433,-82.470216,3.499
71325,QUIKTRIP #7223,"I-20, EXIT 23 & SR-782-2",Bossier City,LA,32.544924,-93.703826,2.89233333
71326,CIRCLE K #4705730,"I-480 & SR-82, EXIT 36",Twinsburg,OH,41.328851,-81.455912,3.989
71327,MAVERIK COUNTRY STORE #668,"I-80, EXIT 313",Laramie,WY,41.312907,-105.581146,3.24566666
71328,IRVING,US-1  ,Norwood,MA,42.186843,-71.203313,3.694
71329,SPEEDWAY #1439,I-20 Exit 100,Mc Calla,AL,33.284546,-87.102379,2.90233333
71330,JORDAN MINI MART,SR- 31 & CR-59,Jordan,NY,43.065141,-76.45978,3.799
71330,JORDAN MINI MART,SR- 31 & CR-59,Jordan,NY,43.065141,-76.45978,3.859
71331,KWIK TRIP #1106,SR-13 & SR-64,Medford,WI,45.151185,-90.350306,3.42233333
71332,ALLSUPS CONVENIENCE STORE #2308,SR-128 & SR-18,Jal,NM,32.112816,-103.199724,3.129
71333,ALLSUPS CONVENIENCE STORE #2105,"I-20, EXIT 332 & US-183",Cisco,TX,32.380043,-98.986507,2.929
71334,ALLSUPS CONVENIENCE STORE #2278,SR-302 & SR-18,Kermit,TX,31.85496,-103.091269,3.089
71335,ALLSUPS CONVENIENCE STORE #2367,"I-27/US-87, EXIT 49B & US-70",Plainview,TX,34.196194,-101.725896,2.909
71336,ALLSUPS CONVENIENCE STORE #2180,US-84 & US-180,Snyder,TX,32.715105,-100.907485,2.98566666
71337,ALLSUPS CONVENIENCE STORE #2229,US-377 & SR-108,Stephenville,TX,32.221372,-98.222407,3.159
71338,KWIK TRIP #755,US-18 ,Fennimore                               ,WI,42.988558,-90.655009,3.424
71339,CASEYS #3934,"I-35, EXIT 89 & CO-R6F",Ankeny,IA,41.72755,-93.602175,3.099
71340,KWIK TRIP #180,US-14/SR-68,New Ulm,MN,44.304378,-94.464421,3.349
71341,QUIKTRIP #7147,"I-40, EXIT 172 & SR-46",Dickson,TN,36.076014,-87.399532,2.91566666
71342,CASEYS #3505,US-212 ,Stewart                                 ,MN,44.725928,-94.451572,3.369
71343,ALLSUPS CONVENIENCE STORE #2014,US-377/US-67,Dublin,TX,32.090873,-98.345469,3.159
71344,ALLSUPS CONVENIENCE STORE #2061,US-84 & US-380,Post,TX,33.201695,-101.39216,2.944
71345,ALLSUPS CONVENIENCE STORE #2084,US-377 & CR-234,Brownwood,TX,31.704658,-98.975164,2.949
71346,ALLSUPS CONVENIENCE STORE #2094,US-277 & US-83,Abilene,TX,32.468155,-99.718208,2.889
71347,ALLSUPS CONVENIENCE STORE #2128,"I-20, EXIT 301 & CR-276",Clyde,TX,32.380289,-99.518445,2.889
71348,ALLSUPS CONVENIENCE STORE #2142,US-62/US-180,Hobbs,NM,32.72217,-103.137246,3.38233333
71349,ALLSUPS CONVENIENCE STORE #2204,SR-115 & CR-201,Wink,TX,31.752673,-103.156084,3.089
71350,ALLSUPS CONVENIENCE STORE #2206,US-385 & SR-176,Andrews,TX,32.320125,-102.540926,3.39233333
71351,ALLSUPS CONVENIENCE STORE #2207,US-377/US-67 & SR-36,Comanche,TX,31.911637,-98.608227,3.159
71352,ALLSUPS CONVENIENCE STORE #2223,US-285 & SR-357,Artesia,NM,32.838355,-104.407401,3.399
71353,ALLSUPS CONVENIENCE STORE #2246,US-84 & SR-268,Melrose,NM,34.44787,-103.632507,3.81233333
71354,ALLSUPS CONVENIENCE STORE #2247,US-377 & SR-16,Comanche,TX,31.911637,-98.608227,3.16233333
71355,ALLSUPS CONVENIENCE STORE #2249,US-377 & US-281 ,Stephenville,TX,32.221372,-98.222407,3.159
71356,ALLSUPS CONVENIENCE STORE #2266,I-20 & US-285 ,Pecos,TX,31.414384,-103.508129,3.379
71357,ALLSUPS CONVENIENCE STORE #2279,SR-115 & SR-18,Kermit,TX,31.85496,-103.091269,3.089
71358,ALLSUPS CONVENIENCE STORE #2285,US-285 & US-62,Carlsbad,NM,32.411867,-104.239539,3.194
71359,ALLSUPS CONVENIENCE STORE #2350,"I-20, EXIT 285 & US-83",Abilene,TX,32.468155,-99.718208,2.87566666
71360,ALLSUPS CONVENIENCE STORE #2353,US-76/US-277,San Angelo,TX,31.478165,-100.481752,3.19566666
71361,ALLSUPS CONVENIENCE STORE #2358,US-277/US-87,Wall,TX,31.369445,-100.322132,3.20566666
71362,ALLSUPS CONVENIENCE STORE #2359,US-377/US-67 & CR-498,Stephenville,TX,32.221372,-98.222407,3.159
71363,ALLSUPS CONVENIENCE STORE #2360,FM-988 & FM-8,Stephenville,TX,32.221372,-98.222407,3.159
71364,QUICK FUEL #3188,I-75 ,Sidney,OH,40.287357,-84.162223,3.33233333
71365,COLES BP,SR 49,Brownsville,WI,43.610934,-88.509729,3.099
71366,AMOCO,SR 31,Kenosha,WI,42.605228,-87.829945,3.719
71367,ROAD RANGER #280,"I-20, EXIT 79 & SR-464",Monahans,TX,31.581294,-102.900273,3.459
71368,Kwik Star #1071,I-280 E and US-61 N,Davenport,IA,41.5218,-90.5743,3.324
71369,MR GAS TRAVEL CENTER #21,I-84 EXIT 59A,Boise,ID,43.6136,-116.2025,3.69566666
71370,MAVERIK COUNTRY STORE #645,"I-40, Exit 16",Gallup,NM,35.506475,-108.741352,3.159
71371,BREAK TIME #3167,US-65 & HWY-HH,Sedalia,MO,38.696076,-93.232268,3.294
71372,Simonson Station,US-71 & SR-34,Park Rapids,MN,46.937682,-95.038299,3.599
71376,7-ELEVEN #41127,SR-29,Labelle,FL,26.732093,-81.434027,3.559
71377,7-ELEVEN #38485,I-76 Exit 25,Brighton,CO,39.980553,-104.810278,3.599
71378,QUIKTRIP #1410,"I-10, EXIT 136B & SR-202, EXIT 78A",Phoenix,AZ,33.451,-112.0685,3.369
71379,QUIKTRIP #7211,"I-30/US-67/US-70, EXIT 128 ",Little Rock,AR,34.748342,-92.281939,3.049
71381,KWIK TRIP #1112,US-63 & SR-77,Hayward,WI,46.001404,-91.397659,3.639
71382,KWIK TRIP #346,US-151 BUS & CR-G/CR-D,Beaver Dam,WI,43.461574,-88.840681,3.19566666
71383,Caseys #3940,I-69 & SR 4,Ashley,IN,41.534651,-85.050385,3.59733333
71384,CASEYS #3944,I-29 & CR-106,Tea,SD,43.471114,-96.817734,3.199
71385,CASEYS #3907,I-675 & SR-235,Fairborn,OH,39.805311,-84.019789,3.679
71386,CASEYS #3952,SR-1 & SR-9,Hoopeston,IL,40.463873,-87.666229,3.249
71386,CASEYS #3952,SR-1 & SR-9,Hoopeston,IL,40.463873,-87.666229,3.259
71386,CASEYS #3952,SR-1 & SR-9,Hoopeston,IL,40.463873,-87.666229,3.189
71386,CASEYS #3952,SR-1 & SR-9,Hoopeston,IL,40.463873,-87.666229,3.239
71387,CASEYS #3954,"I-80, Exit 168",Newton,IA,41.699173,-93.045456,3.249
71388,CASEYS #3850,US HWY 77 ,Wahoo,NE,41.211723,-96.621946,3.174
71389,SPEEDWAY #1590,"I-95, EXIT 193",Dillon,SC,34.414553,-79.377015,3.12566666
71390,SPEEDWAY #7269,I-270 EXIT 6B,Granite City,IL,38.721572,-90.115822,3.519
71390,SPEEDWAY #7269,I-270 EXIT 6B,Granite City,IL,38.721572,-90.115822,3.379
71390,SPEEDWAY #7269,I-270 EXIT 6B,Granite City,IL,38.721572,-90.115822,3.459
71391,QUIKTRIP #7210,I-40 EXIT 142,North Little Rock,AR,34.766974,-92.265376,3.049
71392,Loves Travel Stop #834,SR 17 & SR 1,Grant Park,IL,41.247677,-87.647992,3.329
71392,Loves Travel Stop #834,SR 17 & SR 1,Grant Park,IL,41.247677,-87.647992,3.379
71393,CASEYS #3303,HWY 15 AND HWY 55,Kimball,MN,45.343584,-94.302837,3.199
71394,QUIKTRIP #955,"I-35W, EXIT 26A & US-67",Alvarado,TX,32.439499,-97.212971,2.97566666
71395,KWIK TRIP #340,US-18 & SR-23,Dodgeville,WI,42.969779,-90.140433,3.489
71397,RACEWAY #6971,US-82/SR-520,Leesburg,GA,31.681161,-84.159263,3.109
71398,KWIK STAR #1089,SR 415,Polk City,IA,41.754905,-93.689346,3.159
71399,Loves Travel Stop  #809,"I-70 & MO Hwy D, Exit 31",Bates City,MO,39.021887,-94.07984,3.22066666
71401,KWIK TRIP #1169,"I-694, EXIT 52B & SR-36",Saint Paul,MN,44.902691,-93.096435,3.51566666
71402,FIREBIRD FUEL #6196,US-60 & SR-303,Surprise,AZ,33.630028,-112.33143,3.383
71404,Flyers #3200,"I-17, Exit 215B",Phoenix,AZ,33.451,-112.0685,3.35233333
71405,FLYERS #3201,"US-60, Exit 157",Phoenix,AZ,33.451,-112.0685,3.369
71406,FLYERS #3203,"I-10, Exit 139",Phoenix,AZ,33.451,-112.0685,3.319
71407,FLYERS #3204,SR 202,Phoenix,AZ,33.451,-112.0685,3.35233333
71408,Flyers #3205,"I-17, Exit 195B",Phoenix,AZ,33.451,-112.0685,3.38233333
71410,Flyers #3213,"US-60, Exit 181",Mesa,AZ,33.43174,-111.846931,3.35233333
71411,Flyers #3214,"I-10, Exit 161C",Chandler,AZ,33.330091,-111.863156,3.35233333
71412,FLYERS #3215,SR 87,Chandler,AZ,33.330091,-111.863156,3.35233333
71413,Flyers #3216,"US 60, Exit 194",Apache Junction,AZ,33.3277,-111.3259,3.42233333
71416,FLYERS #3225,"I-10, Exit 255",Tucson,AZ,32.213873,-110.969445,3.359
71417,Flyers #3227,"I-10, Exit 263A",Tucson,AZ,32.213873,-110.969445,3.35566666
71418,Quick Fuel #3228,"I-10, Exit 264",Tucson,AZ,32.213873,-110.969445,3.36233333
71421,FLYERS #3236,"SR 601, Exit 22",El Paso,TX,31.758411,-106.478311,3.229
71428,KWIK TRIP #1140,SR-69/SR-92 & HWY-CC,Belleville,WI,42.866906,-89.53773,3.604
71429,QUIKTRIP #1432,SR 202 EXIT 76,Phoenix,AZ,33.451,-112.0685,3.369
71430,QUIKTRIP #7144, US-31W,Goodlettsville,TN,36.323056,-86.713333,2.91566666
71433,Kwik Star #1146,US HWY 151,Cedar Rapids,IA,41.9743,-91.655382,3.624
71434,KWIK STAR #1154,"SR 18 & SR 60, Exit 34",Sheldon,IA,43.180797,-95.840141,3.199
71435,QUIKTRIP #1036,I-85 Exit 40,Charlotte,NC,35.2269,-80.8433,3.304
71436,GOOD 2 GO #213,I-90 EXIT 58 & US-16,Buffalo,WY,44.34847,-106.70726,3.525
71437,GOOD 2 GO #121,I-15 EXIT 113,Idaho Falls,ID,43.517679,-111.990626,3.479
71438,LOVES TRAVEL STOP #893,US-80 & SR-307,Savannah,GA,32.067631,-81.102394,3.289
71439,LOVES TRAVEL STOP #802,I-10 EXIT 26,Milton,FL,30.660413,-87.047278,3.339
71440,MAVERIK COUNTRY STORE #667,"I-90, EXIT 289 & SR-27",Spokane,WA,47.666485,-117.436527,3.989
71440,MAVERIK COUNTRY STORE #667,"I-90, EXIT 289 & SR-27",Spokane,WA,47.666485,-117.436527,3.999
71440,MAVERIK COUNTRY STORE #667,"I-90, EXIT 289 & SR-27",Spokane,WA,47.666485,-117.436527,3.969
71440,MAVERIK COUNTRY STORE #667,"I-90, EXIT 289 & SR-27",Spokane,WA,47.666485,-117.436527,3.979
71441,MAVERIK COUNTRY STORE #678,US-191,Vernal,UT,40.440613,-109.546883,3.44233333
71442,RACETRAC #2597,"I-65, EXIT 91 & US-31W",Elizabethtown,KY,37.706973,-85.858977,2.919
71443,LOVES TRAVEL STOP #810,US-33 & SR-540,Bellefontaine,OH,40.360472,-83.757076,3.35233333
71444,One9 #1318,"I-44, Exit 88",Strafford,MO,37.279718,-93.10663,2.98566666
71445,SPEEDWAY #1051,I-90 & I-94 Exit 69,Mauston,WI,43.793383,-90.064085,3.299
71446,SPEEDWAY #4221,I-80 Exit 292,Davenport,IA,41.5218,-90.5743,3.749
71447,KWIK TRIP #612,SR-116 ,Winneconne                              ,WI,44.118704,-88.721384,3.53233333
71449,MAVERIK COUNTRY STORE #628,I-15 & CR-215,Las Vegas                               ,NV,36.172082,-115.122366,3.35566666
71450,MAVERIK COUNTRY STORE #664,I-25 EXIT 203 ,Los Lunas,NM,34.780607,-106.711537,3.20233333
71452,ALLSUPS CONVENIENCE STORE #2016,SR-214 & SR-114,Morton,TX,33.715718,-102.779619,3.399
71453,ALLSUPS CONVENIENCE STORE #2025,US-285,Roswell,NM,33.388504,-104.525857,3.28566666
71454,ALLSUPS CONVENIENCE STORE #2036,SR-18,Hobbs,NM,32.72217,-103.137246,3.399
71455,ALLSUPS CONVENIENCE STORE #2043,US-62,Idalou,TX,33.650376,-101.678579,2.96566666
71456,ALLSUPS CONVENIENCE STORE #2058,"I-40, Exit 332 & SR-209",Tucumcari,NM,35.168003,-103.717935,3.355
71457,ALLSUPS CONVENIENCE STORE #2075,US-70 & SR-6,Crowell,TX,33.991208,-99.698345,3.199
71458,ALLSUPS CONVENIENCE STORE #2082,SR-70,Spur,TX,33.479016,-100.857116,3.199
71460,ALLSUPS CONVENIENCE STORE #2101,SR-136,Fritch,TX,35.644121,-101.584482,3.149
71461,ALLSUPS CONVENIENCE STORE #2111,US-87 & ,Texline,TX,36.374034,-102.984516,2.96566666
71462,ALLSUPS CONVENIENCE STORE #2138,CR-61,Hobbs,NM,32.72217,-103.137246,3.38233333
71463,ALLSUPS CONVENIENCE STORE #2146,SR-18,Hobbs,NM,32.72217,-103.137246,3.21233333
71464,ALLSUPS CONVENIENCE STORE #2153,US-277,Haskell,TX,33.157993,-99.730923,3.539
71465,ALLSUPS CONVENIENCE STORE #2173,US-20,Sweetwater,TX,32.472589,-100.397908,2.84566666
71466,ALLSUPS CONVENIENCE STORE #2185,US-380 & 9TH ST,Aspermont,TX,33.130059,-100.234372,3.36566666
71467,ALLSUPS CONVENIENCE STORE #2192,SR-86 & SR-207,Silverton,TX,34.464089,-101.316899,3.159
71468,ALLSUPS CONVENIENCE STORE #2212,SR-6,Stamford,TX,32.945323,-99.78593,3.129
71469,ALLSUPS CONVENIENCE STORE #2227,SR-114 ,Morton,TX,33.715718,-102.779619,3.399
71470,ALLSUPS CONVENIENCE STORE #2267,"I-20, EXIT 42 & CR-761",Pecos,TX,31.414384,-103.508129,3.379
71471,ALLSUPS CONVENIENCE STORE #2269,SR-524 & CR-658 ,Carlsbad,NM,32.411867,-104.239539,3.249
71472,ALLSUPS CONVENIENCE STORE #2276,HWY 84 & CR-466,Hermleigh,TX,32.629441,-100.754714,2.97233333
71473,ALLSUPS CONVENIENCE STORE #2378,US-BUS 287 & SR-25,Electra,TX,34.036234,-98.91545,2.999
71474,PILOT #1292,US-290 & SR-21,Paige,TX,30.185799,-97.119771,3.499
71476,KWIK TRIP #493,US HWY 12,Whitewater,WI,42.827174,-88.742864,3.499
71477,KWIK TRIP #1141,SR 54,Luxemburg,WI,44.550612,-87.715606,3.48233333
71478,RACEWAY #6970,SR-1 & Coker Rd,Rome,GA,34.250726,-85.146501,3.199
71479,RACETRAC #118,I-575 & SR-15,Jasper                                  ,GA,34.461965,-84.475881,3.309
71480,Loves Travel Stop #836,US-87,Dalhart,TX,36.073183,-102.517658,3.43566666
71481,Loves Travel Stop #843,"I-29, Exit 187",Drayton,ND,48.578569,-97.199222,3.56566666
71482,LOVES TRAVEL STOP #789,"I-15, Exit 277",Great Falls,MT,47.509812,-111.273397,3.77233333
71484,CIRCLE K #2745064,"I-75/SR-401, EXIT 101 & US-280/SR-30",Cordele,GA,31.963333,-83.7825,2.999
71485,Circle K #2709088,US-521 & SR-9,Lancaster,SC,34.749006,-80.761576,3.299
71486,HUCKS FOOD & FUEL #338,US-50/US-150 & US-41 BUS,Vincennes                               ,IN,38.67344,-87.509806,3.959
71486,HUCKS FOOD & FUEL #338 DBA PILOT DEALER #1294,US-50/US-150 & US-41 BUS,Vincennes                               ,IN,38.67344,-87.509806,3.959
71487,LOVES TRAVEL STOP #835,"I-15, EXIT 163 & SR-99",Fillmore,UT,38.980539,-112.331321,3.685
71487,LOVES TRAVEL STOPS #835,"I-15, EXIT 163 & SR-99",Fillmore,UT,38.980539,-112.331321,3.599
71488,LOVES TRAVEL STOP #816,"I-90, EXIT 284",Kimball,SD,43.712881,-98.934305,3.57066666
71490,LOVES TRAVEL STOP #818,"I-20, EXIT 205 & SR-46",Heflin,AL,33.611515,-85.588471,3.20733333
71491,SPEEDWAY #1520,"I-55, EXIT 58 & SR-80",Matthews,MO,36.807528,-89.576833,3.189
71492,LOVES TRAVEL STOP #839,"I-64, EXIT 92",Leavenworth,IN,38.194244,-86.359862,3.949
71493,NEW TRAVEL PLAZA,I-20 EXIT 86,Ruston,LA,32.530823,-92.643927,3.06566666
71494,SPEEDWAY/7FLEET #7008,"I-90, EXIT 48A & SR-77",Corfu,NY,42.977734,-78.392906,3.889
71495,SPEEDWAY #1212,"I-65, EXIT 99 & US-31",Greenwood,IN,39.622398,-86.148993,3.59733333
71496,SPEEDWAY/7fleet #1052,US-30 & SR-57,Orrville,OH,40.845836,-81.774109,3.499
71498,KWIK TRIP #1143,US HWY 45,Antigo,WI,45.131362,-89.141871,3.50733333
71499,KWIK TRIP #1130,US HWY 151/18,Mount Horeb,WI,43.002022,-89.741448,3.589
71500,KWIK TRIP #1114,SR-35,Holmen,WI,43.976125,-91.2497,3.33066666
71502,ROAD RANGER #281,I-20 EXIT 332,Cisco,TX,32.380043,-98.986507,3.14066666
71503,LOVES TRAVEL STOP #093,US-80 & US-400/US-50,Garden City                             ,KS,37.97693,-100.862088,3.729
71504,MAVERIK COUNTRY STORE #378,"I-84/I-15, EXIT 346 & SR-126",Ogden                                   ,UT,41.2443,-112.0072,3.379
71505,KWIK TRIP #1029,I-43 & SR-20,East Troy,WI,42.803531,-88.409215,3.174
71506,KWIK STAR #1165,SR-60  ,Sibley,IA,43.406929,-95.7424,3.224
71509,MAPLEFIELDS IRVING,I-91 & US-2,Saint Johnsbury,VT,44.427195,-72.005062,3.599
71510,RACETRAC #2601,"I-64, Exit 58",Frankfort,KY,38.192831,-84.88061,2.919
71511,RACETRAC #2592,US HWY 29,Athens,GA,33.976097,-83.363174,3.31233333
71512,RACETRAC #2603,Country Road 527,Orlando,FL,28.498821,-80.58248,3.299
71514,LOVES TRAVEL STOP #817,SR-136,Santa Teresa,NM,31.848,-106.6346,3.26233333
71515,LOVES TRAVEL STOP #824,"I-64 & SR-37, Exit 80",Mount Vernon,IL,38.317014,-88.910525,3.589
71515,LOVES TRAVEL STOP #824,"I-64 & SR-37, Exit 80",Mount Vernon,IL,38.317014,-88.910525,3.349
71515,LOVES TRAVEL STOP #824,"I-64 & SR-37, Exit 80",Mount Vernon,IL,38.317014,-88.910525,3.449
71515,LOVES TRAVEL STOP #824,"I-64 & SR-37, Exit 80",Mount Vernon,IL,38.317014,-88.910525,3.389
71516,LOVES TRAVEL STOP #833,"I-90, EXIT 61 & US-20",Ripley,NY,42.248175,-79.712103,3.879
71517,7-ELEVEN #41905,I-85 & CR-2120,Salisbury,NC,35.651498,-80.488945,3.749
71518,SPEEDWAY/7Fleet #9305,SR-18 & SR-1,Forrest City,AR,35.009129,-90.788572,3.174
71519,SPEEDWAY #1506,US-231 & SR-271,Montgomery,AL,32.3743,-86.3118,3.04233333
71520,KWIK TRIP #1104,SR-35/65 & SR-29,River Falls,WI,44.85501,-92.631275,3.40566666
71521,KWIK TRIP #1065,US-12 & SR-89,Whitewater,WI,42.827174,-88.742864,3.424
71522,Y NOT STOP BARBER SPUR,SR-10 & SR-13,Ville Platte,LA,30.692376,-92.27371,3.499
71523,QUIKTRIP #7170,I-59 EXIT 77,Cottondale,AL,33.176667,-87.387051,2.91566666
71524,Loves Travel Stop #813,"I-77, Exit 112",North Canton,OH,40.889919,-81.413464,3.62733333
71525,LOVES TRAVEL STOP #796,"I-40, EXIT 432B & U-25W/US-411/US-70",Newport,TN,35.954431,-83.202749,3.689
71526,LOVES TRAVEL STOP #820,"I-90, EXIT 41 & SR-414",Waterloo,NY,42.904515,-76.875498,4.149
71527,D & C FUEL EAST,US-6/SR-92,Tunkhannock,PA,41.550687,-75.941043,3.699
71528,GOOD 2 GO #218,I-90 EXIT 25 & US-14,Sheridan,WY,44.78486,-106.964795,3.44233333
71529,Kwik Trip #1161,US-BUS 53,Eau Claire                              ,WI,44.783972,-91.487686,3.40733333
71531,BERT'S TRAVEL PLAZA,SR-33,Wellsville,KS,38.713676,-95.091573,3.31566666
71534,GOLDEN GATE - YERINGTON,SR-339 & US-95 ALT,Yerington,NV,38.986567,-119.159558,3.71566666
71535,GOLDEN GATE BATTLE MOUNTAIN,"I-80, EXIT 233",Battle Mountain,NV,40.621985,-116.955439,3.339
71536,PILOT TRAVEL CENTERS  #1106,"I-25/US-85, EXIT 215 & SR-47",Albuquerque,NM,35.0936,-106.6423,3.56566666
71542,CIRCLE K #2706625,US-85,Eaton,CO,40.527272,-104.714559,3.399
71543,THE SOCO GROUP #4,SR-111,El Centro,CA,32.789332,-115.566508,4.839
71555,Kwik Trip #307,SR-35/US-18,Prairie Du Chien,WI,43.042649,-91.119305,3.599
71556,KWIK TRIP #1167,"HWY 29, EXIT 108",Thorp                                   ,WI,44.957319,-90.802861,3.45233333
71557,MUSKOGEE TRAVEL PLAZA,US-69,Muskogee,OK,35.730661,-95.375491,3.01566666
71558,ALLSUPS #2384,US-60,Friona,TX,34.640298,-102.719139,2.994
71559,ALLSUPS CONVENIENCE STORE #2228,US-83 & CR-613,Tuscola,TX,32.234955,-99.82439,2.91733333
71560,CIRCLE K #2709675,"I-25, EXIT 41 & SR-543/SR-26",Hatch                                   ,NM,32.658335,-107.159028,3.799
71561,ABBOTTS TRAVEL CENTER,I-35 EXIT 359,Abbott,TX,31.891642,-97.067146,3.06566666
71562,PILOT #1317,I-90 EXIT 28,Fultonville,NY,42.903601,-74.359765,3.999
71563,Kwik Star #1081,SR-9 ,Decorah,IA,43.322711,-91.793947,3.579
71564,GRAB N GO,SR-200 & SR-22,Killdeer,ND,47.410898,-102.776242,3.549
71565,CIRCLE K #2741253,"SR 375, Exit 39",El Paso,TX,31.758411,-106.478311,3.19566666
71566,Mankato Travel Center,US HWY 14 & SR 22,Mankato,MN,44.153809,-93.996044,3.499
71567,PRIDE CONVENIENCE STORE,"I-91, EXIT 40 & SR-20",East Granby,CT,41.932215,-72.745889,3.649
71568,QUIKTRIP #294,I-35 ,Gardner,KS,38.80754,-94.915675,2.999
71570,STEELE 66 TRUCK PLAZA,Hwy O & CR-425,Steele,MO,36.091528,-89.834585,3.399
71571,RACETRAC #2587,I-75 & US-98,Brooksville                             ,FL,28.565805,-82.373674,3.299
71572,7-ELEVEN #41525,US-460 & SR-630,Disputanta,VA,37.148268,-77.273172,2.999
71573,RACETRAC #2588,I-4 & US-301,Tampa,FL,28.0879,-82.4593,3.299
71574,RACETRAC #2594,US-441 ,Dublin,GA,32.547794,-82.90368,2.999
71575,Racetrac #2308,SR-161,Irving,TX,32.842,-96.9719,2.93566666
71576,RACETRAC #2429,SR-161,Irving                                  ,TX,32.842,-96.9719,2.90066666
71577,TOOT N TOTUM #130,US-87 & Dorsey Rd,Clayton,NM,36.441378,-103.188823,3.199
71578,RACETRAC #2595,I-65 EXIT 284,Alabaster,AL,33.236868,-86.812861,2.999
71579,KWIK TRIP #1138,SR 28,Sheboygan,WI,43.740981,-87.724667,3.24233333
71580,MAVERIK COUNTRY STORE #676,"I-15/I-84, EXIT 376 & SR-13",Tremonton,UT,41.701564,-112.181293,3.444
71582,LOVES TRAVEL STOP #847,US-601 & SR-207,Pageland,SC,34.772193,-80.396615,3.38566666
71583,CIRCLE K #2706993,SR 27 N,Lake Wales,FL,27.903734,-81.548805,3.799
71586,ALLTOWN FRESH,US-9 & SR-23,Livingston,NY,42.141944,-73.778333,3.699
71586,ALLTOWN FRESH,US-9 & SR-23,Livingston,NY,42.141944,-73.778333,3.659
71590,TA SPRINGER,I-25 EXIT 419,Springer                                ,NM,36.37672,-104.592705,3.529
71592,THE WOODSHED,US-59 & SR-10,Welch                                   ,OK,36.902022,-95.129455,3.099
71594,BP,US-20 & SR13,Middlebury,IN,41.675415,-85.711443,3.799
71595,Hucks Market #100,US-36,Hannibal                                ,MO,39.70636,-91.38387,3.13233333
71596,ALLSUPS #2379,US-70/US-380,Tinnie,NM,33.337308,-105.202681,3.359
71597,Allsups #2380,US-84,Sudan,TX,34.069661,-102.525525,3.199
71598,Allsups #2381,SR-199,Azle,TX,32.8925,-97.536667,2.919
71600,TA EXPRESS #290,"I-45, EXIT 198 & FM-27",Fairfield,TX,31.736136,-96.157176,3.439
71601,Circle K #2723479,"I-40, EXIT 306B & US-70",Garner,NC,35.681254,-78.597527,3.369
71603,FLYERS #3223,US-70/191,Safford,AZ,32.829491,-109.626641,3.86233333
71604,MAVERIK COUNTRY STORE #669,"I-80, Exit 113 & SR-172",Salt Lake City,UT,40.755851,-111.896657,3.44566666
71605,Allsups Convenience Store #2377,US-70 & US-54,Alamogordo,NM,32.893186,-105.948544,3.06233333
71606,Allsups #2396,HWY 62 82 179,Wolfforth,TX,33.530381,-102.026101,2.91566666
71607,Loves Travel Stop #827,"I-90, Exit 174",Moses Lake,WA,47.137363,-119.289149,3.889
71608,Loves Travel Stop #842,"I-194, eXIT 164",Saint Cloud,MN,45.552113,-94.128447,3.29066666
71609,QUIKTRIP #73,"US-75, US 62",Henryetta,OK,35.454476,-95.976187,3.02566666
71610,FRIENDLY GUS #25,US-80 & SR-338,Dudley                                  ,GA,32.525879,-83.089918,3.83233333
71612,RACEWAY #6898,"I-95, EXIT 373 & HWY A1A",Yulee                                   ,FL,30.631667,-81.606667,3.27066666
71614,7-ELEVEN #41808,"I-85, EXIT 106 & US-29",Blacksburg,SC,35.115047,-81.508004,3.359
71615,HUTCHS #128,US-62 & US-281/SR-8,Anadarko,OK,35.072808,-98.24291,2.999
71616,ALLSUPS CONVENIENCE STORE #2382,"I-20, EXIT 366 & US-281 ",Mineral Wells,TX,32.810283,-98.063051,2.94566666
71617,CIRCLE K #2709087,US-98/US-19,Chiefland,FL,29.483243,-82.880896,3.58233333
71618,Loves Travel Stop #837,"I-35, Exit 52",Cameron,MO,39.730892,-94.243723,3.689
71619,7-ELEVEN # 41365,"I-840/I-785, EXIT 18 & US-70",Greensboro,NC,36.0726,-79.792,3.199
71621,TOOT N TOTUM #127,"I-27, Exit 49B",Plainview,TX,34.196194,-101.725896,2.89566666
71622,Circle K #2706628,SR-193 & SR-163 ,Theodore,AL,30.544374,-88.180748,3.39233333
71623,Circle K #2706637,US-43,Grove Hill,AL,31.675502,-87.763571,3.719
71624,MAVERIK COUNTRY STORE #681,"I-80, Exit 410",West Wendover,NV,40.735,-114.075278,3.38566666
71625,MAVERIK COUNTRY STORE #679,US-160/285 & SR-17,Alamosa,CO,37.470274,-105.878602,3.349
71627,QUIKTRIP #1730,I-75 EXIT 185,Forsyth,GA,33.050764,-83.936209,3.089
71628,QUIKTRIP #7171,I-65 EXIT 231,Calera,AL,33.1098,-86.755987,2.999
71629,KWIK TRIP #1139,SR-95 & SR-65,Cambridge,MN,45.557591,-93.288935,3.399
71630,CIRCLE K #2701524,"US-52, Exit 134 & SR-268",Pilot Mountain,NC,36.41094,-80.492065,3.429
71631,RACEWAY #6891,SR-20 & SR-67,Decatur                                 ,AL,34.589599,-86.98868,3.099
71632,Loves Travel Stop #819,SR-21 & SR-275,Rincon,GA,32.235632,-81.287777,3.33066666
71634,76,"US HWY 278, US HWY 45",Tupelo,MS,34.253834,-88.720853,3.149
71635,Racetrac #2610,US-231,Murfreesboro,TN,35.7913,-86.357,3.049
71636,RACETRAC #2580,US-41 & SR-268,Murfreesboro,TN,35.7913,-86.357,3.03233333
71637,HORSESHOE #4,SR-114,Smyer,TX,33.584167,-102.162778,2.959
71638,QUIKTRIP #4032,"I-35, EXIT 176",Schertz,TX,29.568159,-98.272214,2.91566666
71639,PAR MAR FOOD STORE #13,"I-77, EXIT 1 & SR-7",Hannibal                                ,OH,39.667222,-80.872222,3.899
71640,RACETRAC #2544,SR-81 & SR-316,Bethlehem,GA,33.926116,-83.728227,3.31233333
71641,76,I-17,Phoenix,AZ,33.451,-112.0685,3.23233333
71642,MAVERIK COUNTRY STORE #398,HWY 89 & LAKE POWELL BLVD,Page                                    ,AZ,36.896625,-111.43847,3.45566666
71643,Pilot #1319,I-35 Exit 30,Alvarado                                ,TX,32.439499,-97.212971,3.20566666
71644,CHISUM TRAVEL CENTER #38,I-20 EXIT 210,Colorado City,TX,32.398736,-100.860948,2.92566666
71646,SPEEDWAY #6542,"I-10, Exit 192",Midway,FL,30.495278,-84.454444,3.599
71647,QUIKTRIP #667,I-44 Exit 189,Rolla,MO,37.948527,-91.760348,2.98233333
71648,QUIKTRIP #7149,I-24 Exit 8,Clarksville,TN,36.522014,-87.348997,2.91566666
71649,Allsups Convenience Store #2385,US-183 & US-180,Breckenridge,TX,32.753166,-98.909882,3.30733333
71650,ALLSUPS CONVENIENCE STORE #2405,SR-208 & SR-158,Robert Lee,TX,31.895091,-100.510366,3.26566666
71651,QUIKTRIP #4151,"I-35, Exit 220",Buda,TX,30.091758,-97.853422,2.91566666
71652,CIRCLE K #4705575,SR-261,Akron,OH,41.044852,-81.520048,3.769
71653,MAVERIK COUNTRY STORE #701,US-160,Durango,CO,37.287388,-107.861684,3.299
71654,LOVES TRAVEL STOP  #851,"I-39/US-51, EXIT 111 & SR-72",Monroe Center,IL,42.10501,-89.016946,3.749
71655,79 ONE STOP,SR-62 & SR-37,Saint Croix                             ,IN,38.239773,-86.603511,3.499
71656,CASEYS #3268,US-59 & SR-119,Appleton,MN,45.20543,-95.994872,3.44566666
71657,CASEYS #2855,US HWY 63,Cabool,MO,37.131366,-92.114409,3.259
71659,Loves Travel Stop #646,"I-84, Exit 71",Willington,CT,41.873996,-72.272774,4.359
71661,Loves Travel Stop #822,"I-40,  Exit 57 & S Crawford St",Clarksville,AR,35.490763,-93.491056,3.39233333
71662,PUMP & PANTRY #33,SR-22/39,Genoa,NE,41.446776,-97.764011,3.289
71663,Allsups #2388,I-27 & SR-217,Canyon,TX,34.977222,-101.924705,2.90066666
71664,RUTTERS #95,SR-9,Martinsburg,WV,39.459959,-77.958915,3.999
71666,Circle K#2746513,SR-13/SIOUX TRL,Savage,MN,44.761547,-93.343445,3.799
71667,7-Eleven #38986,"I-75, EXIT 301 & US-98",Brooksville,FL,28.565805,-82.373674,3.399
71668,7-ELEVEN #41572,I-77 & US-70,Statesville,NC,35.8381,-80.8842,2.859
71672,7-ELEVEN #41573,US-67,Glen Rose,TX,32.229762,-97.762911,3.589
71673,7-ELEVEN #41792,"I-85, EXIT 27",Anderson,SC,34.526051,-82.630436,2.959
71674,Kwik Trip #1177,SR-65,Cambridge,MN,45.557591,-93.288935,3.424
71676,CIRCLE K #4702409,US-52,Lafayette,IN,40.417743,-86.888358,3.15733333
71679,TOOT N TOTUM #22,FM 1541 & FM 1151,Amarillo,TX,35.203238,-101.842052,2.96733333
71680,Alexs Shelby Truck Stop,US HWY 278 & SR 32,Shelby,MS,33.949058,-90.762461,3.199
71681,WASPYS TRUCK STOP,US-71,Audubon,IA,41.730032,-94.916412,3.31566666
71682,Gas N Wash,"SR 83, SR 50, I-294",Alsip,IL,41.6723,-87.7339,3.399
71682,Gas N Wash,"SR 83, SR 50, I-294",Alsip,IL,41.6723,-87.7339,3.499
71682,Gas N Wash,"SR 83, SR 50, I-294",Alsip,IL,41.6723,-87.7339,3.299
71683,GAS N WASH,US HWY 6,Joliet,IL,41.527154,-88.08241,3.799
71685,ON THE ROAD 110,US-59,Diboll,TX,31.195028,-94.772911,3.199
71686,Allsups #2391,I-20 Exit 269,Merkel,TX,32.444371,-99.992443,2.87566666
71687,ALLSUPS #2386,I-20 EXIT 216,Colorado City,TX,32.398736,-100.860948,2.94233333
71688,KWIK TRIP #1151,"I-90, EXIT 183 & CR-BT",Beloit,WI,42.522871,-89.039897,3.374
71689,KWIK TRIP #1108,"I-41/US-45, EXIT 52 & SR-164",Colgate,WI,43.199767,-88.240614,3.24733333
71691,ALLSUPS #2399,US-287 & SR-207,Claude,TX,35.096715,-101.381271,2.929
71692,GXP #200,"I-85/SR-403, EXIT 140 & SR-82",Jefferson,GA,34.106197,-83.570813,3.239
71694,J&H Family Store,"I-96, Exit 19",Coopersville,MI,43.06013,-85.951722,3.599
71694,J&H Family Store,"I-96, Exit 19",Coopersville,MI,43.06013,-85.951722,3.499
71695,KWIK TRIP #1126,US-14/US-61,La Crosse,WI,43.798938,-91.217494,3.384
71696,SUPER SAVE #10,I-220 EXIT 1A,Shreveport,LA,32.503743,-93.748696,3.199
71697,LOVES TRAVEL STOP #829,I-80 EXIT 81,Brookville,PA,41.159986,-79.064101,4.019
71698,Kwik Star #1142,hwy 6,Iowa City                               ,IA,41.654899,-91.511192,3.134
71699,KWIK TRIP #597,"I-94, EXIT 344 & SR-31",Kenosha,WI,42.605228,-87.829945,3.744
71700,ARCO,US-19/US-98/US-27Alt & CR-30A,Perry                                   ,FL,30.097489,-83.585021,3.699
71701,CIRCLE K #2746510,SR 32,De Pere,WI,44.438779,-88.080613,3.349
71702,SHOP AND SAVE,US-220 & CR-734,Ridgeway                                ,VA,36.5874,-79.86859,3.909
71704,QUIKTRIP #962,"I-30, Exit 61A",Garland,TX,32.922744,-96.624804,2.89733333
71705,STRIPES #41980,"I-37, EXIT 11A",Corpus Christi,TX,27.794086,-97.402994,3.199
71706,QUIKTRIP #1176,I-77Exit 2,West Columbia,SC,33.995024,-81.088836,3.309
71707,QUARLES #4437,US HWY 30,Lancaster,PA,40.075381,-76.319888,3.999
71708,QUARLES #4936,I-95 Exit 69,Richmond,VA,37.453158,-77.469798,3.699
71709,MAPCO EXPRESS #7553,SR 153 EXIT 2,Chattanooga,TN,35.0455,-85.3081,2.994
71710,KWIK STAR #1180,SR-141,Perry,IA,41.839695,-94.102167,3.06066666
71712,MAVERIK COUNTRY STORE #693,"I-70, Exit 160 & hwy 191",Green River,UT,39.000243,-110.159817,3.28233333
71713,Pilot #1383,"I-555, Exit 39",Jonesboro,AR,35.833016,-90.696526,3.489
71713,Pilot Dealer #1383,"I-555, Exit 39",Jonesboro,AR,35.833016,-90.696526,3.439
71714,RACETRAC #2576,SR-997 & SR-994,Miami,FL,25.779,-80.1982,3.28733333
71715,Allsups Convenience Store #2401,US-87,San Angelo,TX,31.478165,-100.481752,3.19566666
71716,Allsups #2404,US-62,Carlsbad,NM,32.411867,-104.239539,3.194
71717,Kwik Trip #1199,US-14 ,Darien                                  ,WI,42.6435,-88.714217,3.199
71718,KWIK STAR #1158,US-30,Ames,IA,42.029859,-93.639398,3.174
71719,LOVES TRAVEL STOP #832,"I-35, EXIT 129 ",Forest Lake,MN,45.268499,-92.974894,3.36233333
71721,HUCKS FOOD & FUEL #314,US-50/150,Washington,IN,38.653568,-87.170656,3.46233333
71722,MAVERIK #5392,FM-16,Keenesburg,CO,40.095847,-104.446366,3.154
71723,ALLSUPS CONVENIENCE #2398,SR-70,Pampa,TX,35.538043,-100.957885,3.079
71724,ALLSUPS CONVENIENCE #2403,US-180,Mineral Wells,TX,32.810283,-98.063051,3.00566666
71725,Allsups Convenience Store #2406,US-67,Rankin,TX,31.2225,-101.9375,3.499
71726,Kwik Trip #1152,US HWY 169,Saint Peter,MN,44.335107,-93.981061,3.724
71735,Loves Travel Stop #811,US-395,Pasco,WA,46.249183,-119.104387,4.589
71735,Love's #811,US-395,Pasco,WA,46.249183,-119.104387,4.589
71736,Racetrac #2312,US-41/SR-92,Acworth,GA,34.065833,-84.676944,3.209
71737,RACETRAC #2605,"I-295, EXIT 25",Jacksonville,FL,30.3163,-81.4175,3.249
71738,KWIK TRIP #1196,"US-151, EXIT 21 ",Platteville                             ,WI,42.73932,-90.485406,3.514
71739,TA EXPRESS #418,"I-16/SR-404, EXIT 116 & US-301/25",Register,GA,32.338235,-81.872828,3.28566666
71740,SPRINT FOODS #735,US-78/US-1 & SR-19,Aiken,SC,33.553024,-81.719429,3.17233333
71741,SPRINT FOOD STORE #733,"I-20, EXIT 183 & US-221",Harlem,GA,33.417007,-82.309659,3.599
71769, DUCK THRU FOOD STORE #60,US HWY 64,Spring Hope,NC,35.930193,-78.1085,3.469
71770,ONVO TRAVEL PLAZA,"I-81, Exit 155",Mountain Top,PA,41.134975,-75.937642,3.58733333
71771,BREAK TIME #3170,SR-13 & HWY-T,Bolivar,MO,37.608502,-93.412631,3.374
71772,Kwik Trip #1137,US-8,Saint Croix Falls                       ,WI,45.413215,-92.638371,3.524
71773,KWIK STAR #710,US-30 EXIT-202,Toledo,IA,42.007696,-92.566206,3.399
71774,CASEYS #4292,1020 5TH ST ,Carrollton                              ,IL,39.300937,-90.409211,3.289
71774,CASEYS #4292,1020 5TH ST ,Carrollton                              ,IL,39.300937,-90.409211,3.239
71774,CASEYS #4292,1020 5TH ST ,Carrollton                              ,IL,39.300937,-90.409211,3.429
71775,Caseys #3950,US-270 & US-54,Liberal,KS,37.043789,-100.92857,3.319
71776,QUIKTRIP #7172,"I-85/US-29, EXIT 58 & SR-169",Opelika,AL,32.627771,-85.358629,2.999
71779,TCI PHOENIX,"I-10, EXIT 138 & US-202, EXIT 76 ",Phoenix,AZ,33.451,-112.0685,2.92233333
71784,7-ELEVEN #41750,I-4 & SR-33,Lakeland,FL,28.038134,-81.939153,3.289
71785,7-ELEVEN #41266,I-81 & SR-924,Hazleton,PA,40.962107,-75.978193,3.839
71786,SHEETZ #751,I-76 EXIT 91,Donegal,PA,40.099613,-79.381043,3.259
71787,PUMP & PANTRY #55,US-159 & US-73,Falls City,NE,40.074193,-95.593148,3.239
71792,KWIK TRIP #1147,US-71 & SR-60,Windom                                  ,MN,43.879022,-95.151531,3.349
71793,QUARLES #4602,"SR-267, EXIT 8B & SR-606",Sterling,VA,39.0061,-77.4288,3.659
71794,KWIK TRIP #1174,US-51 & US-2,Ironwood,MI,46.463793,-90.158844,3.479
71794,KWIK TRIP #1174,US-51 & US-2,Ironwood,MI,46.463793,-90.158844,3.139
71794,KWIK TRIP #1174,US-51 & US-2,Ironwood,MI,46.463793,-90.158844,3.459
71794,KWIK TRIP #1174,US-51 & US-2,Ironwood,MI,46.463793,-90.158844,3.159
71794,KWIK TRIP #1174,US-51 & US-2,Ironwood,MI,46.463793,-90.158844,3.179
71795,CIRCLE  K #2654290,I-85 EXIT 13,Lagrange,GA,33.034025,-85.039511,3.899
71797,KWIK STAR #1186,"I-80/US-6, EXIT 142 & US-65",Altoona,IA,41.647549,-93.472415,3.199
71798,Space Age #202,"I-5, EXIT 52 ",Castle Rock,WA,46.278291,-122.9139,3.659
71800,Stuckeys Travel Plaza,"I-44, EXIT 179",Newburg                                 ,MO,37.900778,-91.880683,2.97233333
71801,Love's Travel Stop #869,US HWY 75,Le Mars,IA,42.79623,-96.170386,3.45566666
71802,ALLSUPS #2407,I-10 EXIT 259,Fort Stockton,TX,30.890785,-102.879942,3.029
71803,KENT KWIK #321,I-20 EXIT 143,Midland,TX,31.989636,-102.06261,2.94066666
71804,GAS N WASH,I-88 EXIT 114,Montgomery,IL,41.717742,-88.331965,3.599
71805,RACETRAC #2583,I-24E,La Vergne,TN,36.012714,-86.559969,2.899
71806,RACETRAC #2600,SR-70,Okeechobee,FL,27.311532,-80.847853,3.299
71807,KWIK TRIP #1270,SR-172,Green Bay,WI,44.485313,-88.016868,3.29066666
71808,WEIGELS #100,SR 153,Chattanooga,TN,35.0455,-85.3081,3.01566666
71811,7-ELEVEN #41826,SR-722 & SR-283,Lancaster,PA,40.075381,-76.319888,4.129
71812,KWIK TRIP #1198,I-43 & Hwy AA,Oostburg,WI,43.622939,-87.796955,3.24233333
71813,Kweik Star #1156,SR-150 & SR-3,Oelwein,IA,42.681095,-91.913084,3.58233333
71814,TEX-BEST #531,US-90,Uvalde,TX,29.217238,-99.793074,2.874
71815,MAVERIK COUNTRY STORE #688,I-15 EXIT 339,Ogden,UT,41.2443,-112.0072,3.38566666
71816,MAVERIK COUNTRY STORE #694,I-15 EXIT 222,Nephi,UT,39.692275,-111.8359,3.40566666
71817,KWIK TRIP #1128,US-12,Altoona,WI,44.802142,-91.43825,3.33233333
71818,TA EXPRESS RIVERTON #433,I-72 EXIT 108,Riverton,IL,39.855239,-89.541908,3.469
71818,TA EXPRESS RIVERTON #433,I-72 EXIT 108,Riverton,IL,39.855239,-89.541908,3.439
71818,TA EXPRESS RIVERTON #433,I-72 EXIT 108,Riverton,IL,39.855239,-89.541908,3.409
71822,DK,SR 176,Lenorah,TX,32.439157,-101.761137,3.53233333
71823,MARKER 126,US HWY 20,Duncombe,IA,42.449303,-94.059212,3.059
71824,QuikTrip #4052,US 181 S,San Antonio,TX,29.468525,-98.526352,2.92233333
71826,KWIK TRIP #1183,US-2,Bessemer                                ,MI,46.480188,-90.051544,3.159
71826,KWIK TRIP #1183,US-2,Bessemer                                ,MI,46.480188,-90.051544,3.139
71826,KWIK TRIP #1183,US-2,Bessemer                                ,MI,46.480188,-90.051544,3.179
71826,KWIK TRIP #1183,US-2,Bessemer                                ,MI,46.480188,-90.051544,3.479
71826,KWIK TRIP #1183,US-2,Bessemer                                ,MI,46.480188,-90.051544,3.459
71827,KWIK TRIP #1188,US-12,Cokato,MN,45.074761,-94.191054,3.474
71828,KWIK TRIP #1209,SR-42,Sturgeon Bay,WI,44.84384,-87.375311,3.58233333
71829,KWIK TRIP #1043,US-53/SR-194,Duluth,MN,47.094431,-91.846731,3.499
71830,One9 #1330,"I-40/US-63, EXIT 216 & US-49",Brinkley                                ,AR,34.878124,-91.188596,3.199
71830,One9 Travel Center #1330,"I-40/US-63, EXIT 216 & US-49",Brinkley                                ,AR,34.878124,-91.188596,3.199
71831,Loves Travel Stop #865,"I-35, Exit 186",Perry,OK,36.287468,-97.284175,3.389
71832,SHEETZ #753,SR 3,Seville,OH,41.022731,-81.856199,3.08233333
71833,Circle K #2706636,US HWY 43,Jackson,AL,31.513098,-87.867192,3.899
71835,CUZZS TRAVEL DEPOT,US 43 N,Thomasville,AL,31.906728,-87.759842,3.599
71836,DUCK THRU FOOD STORE #59,US 13 EXIT 119,Greenville,NC,35.6594,-77.3974,3.499
71837,RUTTERS #86,"US-15, EXIT 17 & SR-26",Frederick,MD,39.408235,-77.400875,3.899
71838,RUTTERS #24,SR-74 & SR-2069,Brogue                                  ,PA,39.883044,-76.488236,4.099
71839,RUTTERS #92,US-222 & SR-737,Kutztown,PA,40.521354,-75.777395,3.699
71840,NEON MARKETPLACE,"SR-79, EXIT 10",Fall River,MA,41.718221,-71.139991,3.949
71841,Quick Fuel #3193,US-69,Kansas City,KS,39.115733,-94.627139,3.34566666
71844,HD EXPRESS MART,US 20,Clyde,OH,41.302397,-82.991849,3.379
71845,ALLSUPS #2424,US 180,Millsap,TX,32.670019,-97.878386,2.984
71848,CLIFTON SUPER STOP,"I-16, EXIT 104",Metter                                  ,GA,32.401034,-82.060722,3.249
71849,TOOT N TOTUM #128,I-40 EXIT 57,Amarillo,TX,35.203238,-101.842052,3.089
71850,CEDAR GROVE OASIS,"I-43, Exit 113",Cedar Grove                             ,WI,43.575076,-87.840108,3.239
71851,PWI #164,I-35/US-77 & FM-3115,Abbott,TX,31.891642,-97.067146,2.89233333
71852,KWIK TRIP #1164,US-63,Spooner,WI,45.850468,-91.91555,3.599
71853,Landmark Travel Center,I-20 EXIT 301,Clyde,TX,32.380289,-99.518445,2.90066666
71854,EXXON DBA Pilot #1289,US 75 EXIT 72,Denison,TX,33.745009,-96.549574,3.239
71855,BYRNE DAIRY #136,I-90 Exit 37,Liverpool,NY,43.109925,-76.186999,3.659
71856,GO TIME #7,"I-75, EXIT 29",Corbin,KY,36.934429,-84.10208,2.999
71857,QUIKTRIP #1196,"I-20, EXIT 11 & SR-144",Graniteville,SC,33.563016,-81.814686,3.159
71858,QUIKTRIP #7224,"I-20, EXIT 112",West Monroe,LA,32.531726,-92.175971,2.89233333
71859,ALLSUPS #2415,SR 6,Meridian,TX,31.929022,-97.64433,2.96566666
71860,PILOT #1347,"I-59, EXIT 5A",Pearl River                             ,LA,30.394448,-89.77315,3.164
71862,Loves Travel Stop #863,I-90 & SR-528,Madison,OH,41.805367,-81.058819,3.849
71864,MPC #30,"I-44, Exit 195",Saint James,MO,38.005622,-91.607565,2.98566666
71865,RACETRAC #574,"I-30, EXIT 68",Rockwall,TX,32.931111,-96.459444,2.924
71866,RACETRAC #2615,"I-65, EXIT 128",Louisville,KY,38.2435,-85.7639,2.919
71867,HOLIDAY STATIONSTORE #2653855,US-12,Aberdeen,SD,45.466109,-98.485642,3.10733333
71868,RACETRAC #2456,SR-44 & CR-491,Lecanto,FL,28.9303,-82.4905,3.31566666
71870,Circle K #2706479,US-280,Sylacauga,AL,33.171675,-86.271257,3.799
71871,KWIK TRIP #1133,US-10 & SR-85,Durand,WI,44.630042,-91.929476,3.43066666
71872,KWIK STAR #1189,"I-80, EXIT 110",De Soto                                 ,IA,41.533285,-94.027582,3.224
71873,KWIK TRIP #1182,"I-35E, EXIT 123B",Hugo,MN,45.1628,-93.003493,3.37733333
71874,Rutters #85,I-76 & US-30,Bedford,PA,39.990838,-78.526071,4.099
71875,LOVES TRAVEL STOP #615,US-59 & US-79,Carthage,TX,32.154379,-94.352721,3.10233333
71876,LOVES TRAVEL STOP #861,"I-75, EXIT 72 & SR-72",Loudon,TN,35.729211,-84.34362,3.58733333
71877,LOVES TRAVEL STOP #859,"I-80, EXIT 116 & US-6",Morris,IL,41.367233,-88.417769,3.789
71878,LOVES TRAVEL STOP #872,SR-78 & CR-27,Lancaster,OH,39.718697,-82.603074,3.27566666
71879,Gas N Wash Schoolhouse,FM-74,New Lenox,IL,41.506701,-87.963083,3.699
71883,QUIKTRIP #4178,SR-130,Hutto,TX,30.525725,-97.567203,2.91566666
71886,QUIKTRIP #7136,US-17,Brunswick,GA,31.169652,-81.493045,3.074
71887,SHELL,I-80 & SR-63,Greenwood                               ,NE,40.97064,-96.42584,3.399
71888,KJS ALPINE,US HWY 26,Alpine,WY,43.175278,-111.033889,3.799
71889,Payson Cardlock,SR 260 & SR 87,Payson,AZ,34.219779,-111.287774,3.709
71890,Carter Flagstaff Cardlock (Bulk Plant),I-40 Exit 198,Flagstaff,AZ,35.185911,-111.661979,3.689
71892,Tropic Fleet Bradenton Cardlock,US 301,Bradenton,FL,27.502778,-82.513889,3.499
71893,Tropic Fleet Rechtien Cardlock,SR-934,Miami,FL,25.779,-80.1982,3.471
71894,Majors 663 Nacogdoches Truck Plaza,US-259 & US-59,Nacogdoches,TX,31.618534,-94.651093,3.029
71897,ONE9 XPRESS FUEL #1349,I-10 EXIT 140B,Van Horn,TX,31.042879,-104.832249,3.459
71898,Loves Travel Stop #867,I-55 Exit 165,Normal,IL,40.512446,-88.988287,3.389
71898,Loves Travel Stop #867,I-55 Exit 165,Normal,IL,40.512446,-88.988287,3.489
71899,LOVES TRAVEL STOP #882,US-61/SR-92 ,Muscatine,IA,41.430378,-91.050928,3.439
71902,MURPHY EXPRESS #8928,FM-1472,Laredo,TX,27.515538,-99.498579,2.84566666
71903,ALLSUPS #2412,SR 199 W,Springtown,TX,32.966021,-97.634951,2.919
71904,SHEETZ #745,I-90 EXIT 212,Madison,OH,41.805367,-81.058819,3.08233333
71906,COMPASS TRAVEL CENTER,"I-65, EXIT 230",Demotte,IN,41.171319,-87.249129,3.24233333
71909,RACETRAC #2604,I-75 Exit 126,Mcdonough,GA,33.450556,-84.158333,3.199
71910,KWIK TRIP #793,"I-35, EXIT 59",Faribault,MN,44.294457,-93.28179,3.424
71911,MAVERIK COUNTRY STORE #706,SR-10,Castle Dale,UT,39.212222,-111.018889,3.439
71912,FUEL CITY WYLIE,SR-78,Wylie,TX,33.004102,-96.539383,2.96566666
71913,Circle K #4702456,I-69,Martinsville,IN,39.447646,-86.42901,3.599
71914,HUCKS FOOD & Fuel #309,I-169 Exit 8,Hopkinsville,KY,36.862053,-87.485148,3.474
71916,Spinx 317,US-17 ALT,Moncks Corner,SC,33.163071,-80.036576,3.31233333
71919,THE SPORTSMAN 2 TRAVEL PLAZA,I-35 EXIT 480,Sanger,TX,33.356266,-97.181432,2.97566666
71922,Plaza of The Flint Hills,I-70 Exit 32B,Alma,KS,39.009206,-96.292323,3.299
71923,SHEETZ #740,US-23  & SR-752,Ashville,OH,39.731576,-82.944567,3.10233333
71924,JIFFY,I-80 Exit 60,Shippenville                            ,PA,41.247491,-79.433199,4.13233333
71925,QUIKTRIP #7140,"I-24, EXIT 175 & US-41",Chattanooga,TN,35.0455,-85.3081,2.91566666
71926,QUIKTRIP #186,SR-150,Grandview,MO,38.881936,-94.520542,3.199
71927,Allsups Convenience #2420,US 283,Altus,OK,34.648406,-99.320483,2.979
71929,STUCKEYS TRAVEL CENTER,I-10 & FM-365,Beaumont,TX,30.068805,-94.103896,2.824
71931,QUIKTRIP #7071,I-75 & SR-133/401,Valdosta,GA,30.810578,-83.277166,3.03233333
71932,MCCLURE OIL #60,US 35,Logansport,IN,40.760377,-86.359888,3.799
71933,RHODES CONVENIENCE STORES,US-62,Sikeston                                ,MO,36.891111,-89.58197,3.35066666
71934,SHEETZ #759,I-71 & SR-734,Jeffersonville,OH,39.65896,-83.56873,3.06566666
71935,SPEEDWAY #1695,I-87 EXIT 23,Albany,NY,42.6525,-73.7566,3.849
71936,QUIKTRIP #7907,I-44 EXIT 1D,Wichita Falls,TX,33.905284,-98.497645,2.859
71937,KWIK TRIP #1173,CR-10,Waconia,MN,44.851029,-93.7784,3.60733333
71941,RACETRAC #2628,I-85 EXIT 62 & US-280,Opelika,AL,32.627771,-85.358629,2.999
71942,BYRNE DAIRY #135,I-81 & SR-481,Liverpool,NY,43.109925,-76.186999,4.199
71943,DK #11823,I-20 & FM-1768,Midland,TX,31.989636,-102.06261,2.98233333
71944,DK #13903,SR-108,Texarkana,AR,33.441667,-94.0375,3.04066666
71945,DK #13904,I-40 EXIT 233 & SR-261,Palestine,AR,34.966346,-90.904929,3.01566666
71946,Allsups #102450,US-87,Eden                                    ,TX,31.219219,-99.840658,3.179
71947,PETRO USA,I-76 EXIT 2 & SR-3,Seville                                 ,OH,41.022731,-81.856199,3.079
71948,19 AND 75 FILLING STATION,US-75 & SR-19,Ivanhoe                                 ,MN,44.507119,-96.226059,3.394
71949,24 STORE SHELBY,SR-61,Shelby,OH,40.878432,-82.654949,3.499
71950,77/36 DUCHESS,I-77 & US-36,Newcomerstown,OH,40.273895,-81.593969,3.299
71951,7-ELEVEN #39448,I-81 & SR-682,Mount Crawford,VA,38.345656,-78.895679,3.31566666
71953,ALEX'S TRUCK STOP,US-61,Tunica,MS,34.688355,-90.368515,3.299
71957,B&M Quickstop,SR-8,Mineral Point                           ,MO,37.915555,-90.719324,3.699
71958,BELL STORES,I-77 & CR-80,Dover,OH,40.534338,-81.476321,3.399
71960,BELL STORES #1159,US-30 & CR-144,Wooster,OH,40.809354,-81.948272,3.659
71961,BELL STORES #54,US-250 & SR-241,Mount Eaton,OH,40.694444,-81.703333,3.499
71962,BELLSTORES,SR-598,Galion,OH,40.730316,-82.793943,3.499
71965,CIRCLE K #2709989,US-167 & CR-405,Sheridan,AR,34.316527,-92.365713,3.599
71966,BLACK DIAMOND TRAVEL CENTER,I-26 & SR-173,Unicoi,TN,36.206585,-82.321957,3.40233333
71967,BLOC STOP TRAVEL CENTER,US-19 & SR-133,ALBANY,GA,31.567783,-84.161923,3.799
71968,BLONDIES FOOD AND FUEL,US-90 & SR-69,Grand Ridge                             ,FL,30.714831,-85.020954,3.59066666
71969,BORDERVIEW GROCERY,US-11 & CR-19,Champlain,NY,44.977292,-73.446603,3.799
71970,BLUE BIRD 3 EXPRESS,"US-78, EXIT 1",Olive Branch,MS,34.94414,-89.854427,3.199
71971,BOUND BROOK BP,I-287 Exit 13B & SR-28,Bound Brook                             ,NJ,40.568115,-74.539735,3.249
71972,BOWMAN,I-81 Exit 1,Williamsport,MD,39.593023,-77.808705,3.83233333
71973,SHEETZ #703,I-40 & US-70,Garner,NC,35.681254,-78.597527,2.859
71975,BP,I-81 & SR-177,Christiansburg,VA,37.129722,-80.409167,3.799
71976,Loves Travel Stop #828,"I-295, EXIT 33",Jacksonville,FL,30.3163,-81.4175,3.28233333
71977,BP,SR-47,Sugar Grove                             ,IL,41.774113,-88.439721,3.599
71978,BP,I-29 & US-34,Pacific Junction,IA,41.027123,-95.804645,3.399
71979,KENT KWIK #219,SR-338,Odessa,TX,31.8465,-102.3663,3.00733333
71980,KENT KWIK #433,US-87,San Angelo,TX,31.478165,-100.481752,3.13233333
71981,SHEETZ #488,US-13 & US-264,Greenville                              ,NC,35.6594,-77.3974,2.899
71982,MAVERIK COUNTRY STORE #665,SR-201,Magna,UT,40.700879,-112.080867,3.399
71983,MAVERIK COUNTRY STORE #702,I-80 Exit 59,Sidney,NE,41.142778,-102.9775,3.11233333
71984,BP,I-43 & SR-11,Elkhorn,WI,42.700928,-88.546209,3.149
71985,Brew #12,US-20 & SR-31,Correctionville,IA,42.474322,-95.780382,3.559
71988,C AND W GLOBAL,SR-429 & SR-438,Winter Garden                           ,FL,28.4867,-81.6051,3.074
71990,Allsups #2418,US-84,Snyder,TX,32.715105,-100.907485,2.97233333
71991,TA Express Fairview #943,US 36,Fairview,KS,39.844504,-95.711012,3.299
71992,7-ELEVEN #41263,US-13,Bridgeville,DE,38.736628,-75.608768,3.399
71994,7-ELEVEN #42058,SR-572,Lakeland,FL,28.038134,-81.939153,3.48233333
71995,Chevron,"I-40, EXIT 218 & US-285",Clines Corners                          ,NM,35.009444,-105.668611,3.41566666
71996,BP,"I-43, EXIT 164 & CR-Z",Maribel,WI,44.285151,-87.805482,3.249
71997,7-ELEVEN #41287,SR-29,Immokalee,FL,26.3751,-81.3678,3.679
71999,7-ELEVEN #41813,"I-85, EXIT 60",Duncan,SC,34.917645,-82.125821,3.099
72000,7-ELEVEN #41309,US-41,Nokomis,FL,27.118889,-82.444444,3.379
72001,7-Eleven #41963,"I-65, EXIT 98",Goodlettsville,TN,36.323056,-86.713333,3.049
72003,7-ELEVEN #42012,"I-77, EXIT 24 & US-21",Blythewood,SC,34.191112,-80.975756,3.109
72004,7-ELEVEN #41578,US-13,Seaford,DE,38.640358,-75.604122,3.359
72006,CIRCLE K #4707123,SR-2,Canaan,ME,44.744976,-69.549777,3.759
72008,CASHS #4469,US-278 & US-63,Warren,AR,33.613983,-92.077824,3.499
72009,CEFCO #1059,SR-274,Kemp,TX,32.369146,-96.257768,2.909
72011,CEFCO #107,US 190,Lampasas,TX,31.067957,-98.183361,2.899
72012,CEFCO #108,US-77,Waco,TX,31.552452,-97.139608,2.99233333
72013,CEFCO #1081,US-59,Queen City,TX,33.18736,-94.154825,3.024
72014,CEFCO #1086,US-259,Longview,TX,32.526854,-94.72328,2.959
72015,CEFCO #1096,US-82,Paris,TX,33.658077,-95.537881,2.96566666
72016,Cefco #11,US-84,Waco,TX,31.552452,-97.139608,2.99566666
72017,CEFCO #1102,SR-24 & SR-286,Paris,TX,33.658077,-95.537881,2.96566666
72018,CEFCO #2071,US-377 & FM-381,Early,TX,31.741944,-98.945278,2.92566666
72019,CEFCO #2081,US-84,Post,TX,33.201695,-101.39216,2.94233333
72020,CEFCO #2082,SR-206 & SR-36,Cross Plains,TX,32.148159,-99.18718,3.159
72021,CEFCO #30,US-77 & SR-320,Lott,TX,31.192462,-97.058143,3.011
72022,CEFCO #65,US-84 & FM-116,Gatesville,TX,31.447646,-97.724286,2.96566666
72024,CENEX,US-2 ,Stanley                                 ,ND,48.319189,-102.392802,3.58233333
72025,CENEX,US-2 ,Devils Lake                             ,ND,48.113162,-98.861588,3.24066666
72026,CENEX,"I-94, EXIT 84 & SR-8",Richardton,ND,46.842614,-102.292004,3.509
72028,CENEX,US-52 & SR-15,Fessenden                               ,ND,47.628644,-99.643361,3.531
72029,CENEX,SR-40,Tioga                                   ,ND,48.392009,-102.961281,3.57566666
72030,CENEX,I-90 & SR-51,Gillette                                ,WY,44.282009,-105.497442,3.489
72031,CENEX HARWOOD,"I-29/US-81, EXIT 72",Harwood,ND,46.996497,-96.900973,3.359
72033,CHARLIE BS,SR-246,Greenwood                               ,SC,34.175802,-82.156211,2.987
72034,CHARLIES MARKET,SR-172,Salt Lake City,UT,40.755851,-111.896657,3.459
72038,CHEVRON,I-55 & SR-570,McComb                                  ,MS,31.221594,-90.432449,3.28233333
72039,CHEVRON,SR-20 & SR-65,Hosford,FL,30.363875,-84.805433,3.299
72041,CHEVRON,SR-20 & SR-71,Blountstown                             ,FL,30.4394,-85.062022,3.299
72044,Maverik Country Store #709,I-40 Exit 163,Williams,AZ,35.249842,-112.190623,3.219
72045,MAVERIK COUNTRY STORE #710,US-6,Helper,UT,39.673684,-110.856,3.44566666
72046,CHEVRON DBA ONE9 #1429,US-30 & US-95,Fruitland                               ,ID,44.002658,-116.914259,3.349
72046,CHEVRON,US-30 & US-95,Fruitland                               ,ID,44.002658,-116.914259,3.39233333
72054,CHEVRON,US-45,Guntown,MS,34.429882,-88.701059,3.299
72060,CHEVRON FOOD MART #20,US-45 & SR-16,Scooba,MS,32.840197,-88.488272,3.199
72063,CIRCLE K #2655785,US-301,Upper Marlboro,MD,38.837717,-76.798028,3.999
72066,CIRCLE K #2741094,SR-46 ,Seguin,TX,29.561316,-97.962801,2.959
72067,CIRCLE K #2741822,US-90 & FM-471,Castroville,TX,29.35532,-98.882391,2.91233333
72071,7-Eleven #42182,Ashley Phosphate Rd & Cross Country Rd,North Charleston,SC,33.0562,-80.0759,3.459
72072,PARKERS #92,SR 17,Guyton,GA,32.31399,-81.389593,2.999
72073,CIRCLE K #2723791,I-85 & SR-54,Graham,NC,36.030967,-79.381384,3.609
72074,CIRCLE K #2741566,US-84 & FM-2837,Woodway                                 ,TX,31.505074,-97.231062,2.999
72075,CITGO SAMS FOOD STORE,"US-5, Exit 87",Hartford                                ,CT,41.7636,-72.6855,3.499
72077,COLDWATER TRAVEL CENTER,I-55 & SR-306,Coldwater,MS,34.692362,-89.986882,3.099
72078,STRIPES #42150,"I-69C, Exit 9 & US-281",Edinburg,TX,26.304221,-98.156922,3.00566666
72080,Corner Store,US-180/62,Seminole,TX,32.721045,-102.682761,3.129
72081,STRIPES #2146,US-181 & SR-361,Ingleside                               ,TX,27.868238,-97.206906,3.299
72082,COUNTRYMARK,SR-124,Bluffton                                ,IN,40.736837,-85.162199,3.76566666
72083,DANDY DANS,US-49/SR-42,Hattiesburg                             ,MS,31.314553,-89.306471,3.06566666
72084,DANDY MINI MART #60,US-6 & SR-14,Troy,PA,41.77815,-76.771143,3.999
72086,DELT EXPRESS,SR-52,SAMSON,AL,31.104918,-86.067416,3.699
72087,DELTA,US-9,Jersey City                             ,NJ,40.7164,-74.038,3.239
72089,CASEYS #4567,SR-55,Columbia,KY,37.116408,-85.269265,3.159
72090,DOMINO #128,US-81 & SR-66,El Reno,OK,35.533468,-97.959091,3.199
72091,DUCK THRU FOOD STORE #54,US-64,Columbia,NC,35.905664,-76.234481,3.523
72092,DUCK THRU FOOD STORE #57,SR-42/SR-43,Pinetops,NC,35.819611,-77.691952,3.574
72096,EXPRESS #29,SR-29,East Dublin                             ,GA,32.5475,-82.868333,3.63233333
72097,EXPRESSWAY SERVICE STATION,US-287 & SR-25,Electra,TX,34.036234,-98.91545,2.999
72100,Exxon,"I-22/US-78, Exit 10 &  SR-178",Byhalia                                 ,MS,34.885351,-89.676332,3.199
72101,EXXON,US-24,Redford                                 ,MI,42.375554,-83.28895,3.699
72104,LOVES TRAVEL STOP #170,I-44 EXIT 166 & SR-18,CHANDLER,OK,35.704253,-96.858266,3.08733333
72105,LOVES TRAVEL STOP #171,SR-375 & SR-31,McAlester,OK,34.926233,-95.759168,3.43733333
72106,Loves Country Store #118,US-77 & SR-29,Wynnewood,OK,34.63847,-97.176952,2.989
72108,FARMERS UNION OIL OF CARPIO,US-52 & SR-28,Carpio                                  ,ND,48.432299,-101.711943,3.384
72110,FAST STOP,US-84 & CR-1800,Lubbock,TX,33.586527,-101.860634,2.999
72111,FAST STOP,"I-40, Exit 81 & FM-1912",Amarillo,TX,35.203238,-101.842052,2.944
72112,Flyers #3219,US-60,Claypool,AZ,33.411111,-110.841944,3.849
72113,Food N Fuel,US-6 & CR-4,New Lenox                               ,IL,41.506701,-87.963083,3.399
72113,Food N Fuel,US-6 & CR-4,New Lenox                               ,IL,41.506701,-87.963083,3.499
72114,Gas  House,"I-77, Exit 49B",Statesville,NC,35.8381,-80.8842,3.424
72115,FRIENDSHIP FOOD & FUEL,SR-15 & CR-244,Ecru                                    ,MS,34.337106,-88.955956,3.799
72116,FRIENDSHIP FOOD MART #90,I-90 & SR-57,Elyria,OH,41.372353,-82.105088,3.779
72118,GAS N WASH,I-355 & SR-7,HOMER GLEN,IL,41.6,-87.938056,3.599
72118,GAS N WASH,I-355 & SR-7,HOMER GLEN,IL,41.6,-87.938056,3.599
72118,GAS N WASH,I-355 & SR-7,HOMER GLEN,IL,41.6,-87.938056,3.599
72118,GAS N WASH,I-355 & SR-7,HOMER GLEN,IL,41.6,-87.938056,3.599
72118,GAS N WASH,I-355 & SR-7,HOMER GLEN,IL,41.6,-87.938056,3.599
72118,GAS N WASH,I-355 & SR-7,HOMER GLEN,IL,41.6,-87.938056,3.599
72119,Gas N Wash Cicero,SR-50,Berwyn,IL,41.841819,-87.79075,3.599
72119,Gas N Wash Cicero,SR-50,Berwyn,IL,41.841819,-87.79075,3.569
72120,GAS PRO TRAVEL CENTER,US-301/25,Statesboro,GA,32.440841,-81.773956,3.129
72122,KWIK TRIP #1115,US-63 & US-8,Turtle Lake,WI,45.421349,-92.178142,3.65566666
72124,GET GO #3016,I-376 & SR-18,Monaca,PA,40.671847,-80.291743,5.499
72125,GETGO #7520,I-65 & US-31,Edinburgh,IN,39.362601,-85.970712,3.359
72126,GETGO #7526,I-69 & SR-332,Yorktown,IN,40.183581,-85.495995,3.343
72128,GETGO #7545,I-65 & SR-400,Whitestown,IN,40.00002,-86.350716,3.30233333
72130,GILBERTS SHELL,SR-72 & CR-59,Gilberts,IL,42.098377,-88.369089,3.279
72132,GO TIME 4,I-64 Exit 94 & SR-1958,Winchester,KY,37.987161,-84.178894,2.90733333
72134,Gulf,US-422 & SR-528/168,Parkman,OH,41.370556,-81.065278,3.649
72136,HANA TRAVEL CENTER,"I-30, EXIT 153 & SR-185",Winfield,TX,33.161498,-95.078984,3.079
72139,HOLMES EXPRESS,US-78 & SR-175,Memphis,TN,35.0337,-89.9343,3.399
72142,CASEYS #3990,"I-90E, exit 96 and SR-17",Elkhart,IN,41.710083,-85.972949,3.629
72143,Caseys #4023,US 36 & US 183,Phillipsburg                            ,KS,39.762333,-99.33284,3.29233333
72144,HUCKS FOOD & FUEL #397,US-68 & SR-432,Bowling Green,KY,37.007874,-86.455891,3.499
72145,JP ZEBULON,US-19,Zebulon,GA,33.100235,-84.310827,3.135
72146,HUTTER'S,SR-72,Jonestown                               ,PA,40.43607,-76.503842,3.719
72148,IRON HORSE TRAVEL CENTER,I-20 EXIT 270 & FM-1235,Merkel,TX,32.444371,-99.992443,2.87566666
72149,IVOR MART,US-460,Hopewell,VA,37.287576,-77.295013,3.699
72150,J AND R MARKET,SR-105 & SR-326,Sour Lake                               ,TX,30.149134,-94.373341,3.159
72153,Jet Food Store,SR-15 & SR-46,Soperton,GA,32.386861,-82.587098,3.41566666
72154,JET FOOD STORE #93,US-280 & SR-135,Vidalia,GA,32.193408,-82.406724,3.43233333
72155,JIFFY TRIP #142,US-77,Newkirk                                 ,OK,36.887425,-97.05133,3.059
72156,JORDANS KWIK STOP #5,US-412,Portia,AR,36.080699,-91.068004,3.37566666
72157,JORDANS KWIK STOP #52,US-67 & SR-304,Pocahontas,AR,36.282876,-90.996782,3.31233333
72160,KENJO MARKET #52,US-321,Maryville,TN,35.782449,-83.914541,3.249
72162,Krazy K's,US-45,Buckatunna                              ,MS,31.507976,-88.52573,3.149
72163,KWIK FILL,US-206,Hillsborough,NJ,40.4775,-74.627222,3.399
72170,STRIPES # 41977,"I-2, EXIT 168",La Feria,TX,26.166556,-97.826115,3.219
72171,LAWTEY SHELL SERVICE,US-301 ,Lawtey                                  ,FL,30.047164,-82.105544,3.599
72175,ALLSUPS #2410,"I-35/US-77, EXIT 368 & SR-22",Whitney,TX,31.959201,-97.33495,2.96566666
72180,LITTLEFIELD EXPRESS #4,I-40 Exit 321,Muldrow                                 ,OK,35.401985,-94.633216,3.419
72181,LITTLEFIELD EXPRESS #7,US-167,Cave City,AR,35.951684,-91.544432,3.349
72182,LULING MINI MART,I-10 Exit 628 & SR-80,Luling                                  ,TX,29.682621,-97.649947,2.96566666
72184,MACS 33,US-49,Florence,MS,32.153002,-90.121672,2.899
72185,Circle K #2709332,US-231/SR-53,Montgomery,AL,32.3743,-86.3118,3.259
72188,MARATHON,US-61 & SR-637,Reserve,LA,30.060255,-90.551773,3.749
72189,MARATHON,I-75 & CR-20,Middletown,OH,39.532121,-84.389601,3.21566666
72190,Minuteman Food Mart #37,US-74,Leland,NC,34.267952,-78.057815,3.389
72191,MARATHON RIVERSIDE GAS,I-80 & CR-6,Elkhart,IN,41.710083,-85.972949,3.499
72192,MASSEY FUEL,"I-95, EXIT 30",Bridgeport,CT,41.1669,-73.2052,3.399
72193,MERRIMAN COUNTRY STORE,SR-1 & CR-3700,Allen                                   ,OK,34.850176,-96.558462,3.099
72194,Mobil,I-57,Riverdale,IL,41.6503,-87.6319,3.699
72195,MOBIL,US-46,Columbia,NJ,40.938805,-75.054983,3.079
72196,MORGAN OIL,US-224 & CR-231,Lowellville,OH,41.050256,-80.541551,3.399
72197,MOTOMART #3369,SR-370 E,Saint Charles                           ,MO,38.801424,-90.506503,3.04233333
72199,MPC #99A,I-270 Exit 22B,Hazelwood,MO,38.780875,-90.366925,3.059
72199,ZX,I-270 Exit 22B,Hazelwood,MO,38.780875,-90.366925,3.059
72200,Swift Mart,I-55/SR-7 & US-51,Grenada                                 ,MS,33.775094,-89.808738,3.36566666
72201,MUDD CREEK COUNTRY STORE,US-79,Franklin                                ,TX,31.035013,-96.442643,3.194
72202,MUSTANG MARKET,I-80 Exit 73,Sparks                                  ,NV,39.547254,-119.755588,4.199
72205,NIC'S,SR-97,Bainbridge,GA,30.9355,-84.5809,3.379
72206,NORTHLAKE BP,I-294 & US-45,Melrose Park,IL,41.900347,-87.858066,3.699
72206,NORTHLAKE BP,I-294 & US-45,Melrose Park,IL,41.900347,-87.858066,3.599
72207,NZT,I-294,Alsip                                   ,IL,41.6723,-87.7339,3.389
72207,NZT,I-294,Alsip                                   ,IL,41.6723,-87.7339,3.589
72210,CITGO,US-70,Princeton                               ,NC,35.455833,-78.167368,3.699
72212,PARKERS #72,US-52 & SR- 402,Moncks Corner,SC,33.163071,-80.036576,3.25566666
72215,PIT STOP #1,SR-31 & SR-34,Weedsport                               ,NY,43.048882,-76.542502,3.899
72216,Pit Stop #14,US-20/US-16,Worland,WY,44.013796,-107.95626,3.829
72217,PIEDMONT PETROLEUM,US-501,Lynchburg,VA,37.386228,-79.171464,3.459
72219,QUICK FILL,US-78/SR-4,Eastaboga                               ,AL,33.603132,-85.96075,3.099
72222,RAINY LAKE OIL,CR-332 & CR-24,International Falls,MN,48.583398,-93.40609,3.379
72224,RAYMOND TRUCK STOP,US-1/US-9,Newark,NJ,40.7308,-74.1744,3.259
72225,SHEETZ #144,US-220 & SR-55,Moorefield,WV,39.056812,-78.97793,3.289
72226,REBEL GAS MART,SR-7,Oxford,MS,34.354354,-89.49692,3.049
72227,RED BANKS VALERO,I-22 & SR-178,Red Banks,MS,34.875039,-89.519839,2.999
72228,REFUEL #1043,US-15,Sumter,SC,33.928199,-80.321008,3.09566666
72229,REFUEL #1047,US-521,Sumter,SC,33.928199,-80.321008,3.00566666
72230,REFUEL #1116,US-64,Apex,NC,35.722504,-78.840816,3.799
72231,RENO JUNCTION TRAVEL PLAZA,SR-59 & SR-387,Wright,WY,43.829349,-105.532327,3.509
72232,RICKY ROCKETS FUEL,I-294 & US-12,HICKORY HILLS,IL,41.726228,-87.828893,3.999
72232,RICKY ROCKETS FUEL,I-294 & US-12,HICKORY HILLS,IL,41.726228,-87.828893,3.899
72233,ROAD RANGER #284,I-27 & FM-1729,New Deal,TX,33.737222,-101.836111,2.98566666
72235,ROC ONE STOP #1,SR-34,Galatia,IL,37.827444,-88.623488,3.559
72236,ROYAL FARMS #108,US-13,Cape Charles,VA,37.279874,-75.972129,3.47233333
72237,ROYAL FARMS #135,SR-404 & SR-16,Denton                                  ,MD,38.877928,-75.836071,3.339
72238,ROYAL FARMS #169,I-895 & US-40,Baltimore                               ,MD,39.17185,-76.648287,3.259
72239,ROYAL FARMS #171,US-13 & SR-24,Laurel                                  ,DE,38.553695,-75.563052,3.259
72240,ROYAL FARMS #191,I-83 Exit 20A,Hunt Valley,MD,39.502623,-76.659844,4.199
72241,ROYAL FARMS #242,I-95 Exit 27,Philadelphia,PA,39.864998,-75.275196,3.799
72242,ROYAL FARMS #311,SR-7 & SR-43,Nottingham,MD,39.391412,-76.487106,3.269
72243,Racetrac #2611,"I-65, EXIT 116",Shepherdsville,KY,38.004515,-85.688767,2.959
72247,SEVEN MART,I-20 & SR-17,Delhi,LA,32.450433,-91.512487,3.199
72248,SHELBY EXPRESS,SR-175,Memphis,TN,35.0337,-89.9343,3.699
72250,RACEWAY #6854,US-278 & SR-113,Rockmart                                ,GA,33.997912,-85.05937,3.17233333
72251,SHELL,I-94 & US-12,Detroit,MI,42.347429,-83.060398,3.699
72251,SHELL,I-94 & US-12,Detroit,MI,42.347429,-83.060398,3.899
72256,SHELL,US-1,Warren                                  ,ME,44.127066,-69.247894,3.999
72257, DUCK THRU #55,US-13BYP & SR-308,Windsor,NC,36.015881,-76.933612,3.239
72259,SHELL,SR-72 & SR-25,Dundee,IL,42.096197,-88.290202,3.279
72260,Duck Thru #58,US-13 & CR-677,Suffolk,VA,36.866823,-76.559811,3.449
72261,SHELL,US-45 & CR-520,Shannon,MS,34.121035,-88.734206,3.199
72262,7-ELEVEN #38855,"I-95, exit 58",Colonial Heights,VA,37.269968,-77.403829,3.509
72263,SPARTAN FUELS,US-80 & SR-22,Columbus,GA,32.473035,-84.979456,3.309
72264,CIRCLE K #2654249,SR 24 & SR 286,Paris,TX,33.658077,-95.537881,2.959
72266,SHELL SERVICE STATION,I-65 Exit 14 & US-64,Pulaski                                 ,TN,35.209274,-87.039263,3.209
72267,SHELL SERVICE STATION,I-90 Exit 52,Elgin                                   ,IL,42.038356,-88.260631,3.279
72268,SHORT STOP,US-67/283,Santa Anna,TX,31.721477,-99.321197,3.499
72273,SPINX #341,SR-41,Charleston,SC,32.962223,-79.86533,3.33233333
72274,SPINX #366,SR-642,Summerville,SC,33.028045,-80.173852,3.279
72276,STAR 001,US-20 & SR-23,SOUTH BEND,IN,41.672699,-86.253489,3.73233333
72277,STOP N GAS,SR-15 & SR-39,Yorkshire                               ,NY,42.53,-78.473056,4.099
72278,SUN DO,I-74 Exit 197,Maxton                                  ,NC,34.733435,-79.309725,3.439
72279,AMOCO,US-30,Clarence,IA,41.88958,-91.060457,3.399
72281,SUNOCO,I-95 Exit 77B & SR-24,Edgewood,MD,39.427725,-76.30555,3.299
72282,SUNOCO,I-278 Exit 48,Bronx,NY,40.8222,-73.921735,4.539
72285,CUSSETA TRAVEL CENTER,SR 520,Cusseta,GA,32.299026,-84.764537,3.199
72287,CASEY'S #4522,US-81,Hennessey,OK,36.086848,-97.892595,3.059
72288,S&G #88,I-475 Exit 13 & US-20,Toledo,OH,41.642,-83.5438,3.009
72289,SUNOCO,SR-12 & FM-1136,Orange,TX,30.125167,-93.771883,2.899
72290,SUNSTOP,US-19,Thomasville,GA,30.8665,-83.9233,3.28233333
72291,Union 76,US-129,Mc Alpin,FL,30.150899,-82.966182,3.659
72292,SUNSTOP #336,SR-121 & CR-18,Lake Butler,FL,30.003485,-82.382796,3.59233333
72293,SUNSTOP INLAND DBA ONE9 #1402,I-10 & SR-71,Marianna                                ,FL,30.758587,-85.229367,3.299
72293,ONE9 #1402,I-10 & SR-71,Marianna                                ,FL,30.758587,-85.229367,3.299
72294,SWANTON SUNOCO,I-89 & SR-78,Swanton                                 ,VT,44.916754,-73.121124,3.539
72295,SWIFT,US-69,Nederland,TX,29.971609,-94.001192,2.98566666
72296,SWIFT STOP #5,US-84 & US-380,Post,TX,33.201695,-101.39216,2.943
72297,T & M FOOD STORE,SR-113,Taylorsville                            ,GA,34.122941,-84.973859,3.367
72298,TARZAN AND JANE,I-20 & SR-137,Stanton,TX,32.139992,-101.809887,3.299
72302,TEXACO,SR-114 & SR-156,Pennington,AL,32.226245,-88.0931,3.19733333
72303,TEXACO #378602,I-59 Exit 85 & SR-590,Ellisville,MS,31.579663,-89.223073,3.199
72305,THE ANCHOR,US-60 & CR-3500,Mountain View                           ,MO,36.989197,-91.709937,3.03233333
72308,Racetrac #2609,SR-60,Okeechobee,FL,27.311532,-80.847853,3.299
72309,Racetrac #2608,"I-59, EXIT 181 & SR-77",Gadsden,AL,33.997248,-86.010279,2.999
72310,RACETRAC #2387,US-19,Hudson,FL,28.364763,-82.675669,3.31566666
72313,THOMPSON'S CORNER,US-25,Millen                                  ,GA,32.787739,-81.961807,3.31566666
72314,THORNTONS #0333,SR-59 & SR-56,Warrenville,IL,41.828046,-88.19213,3.549
72314,THORNTONS #0333,SR-59 & SR-56,Warrenville,IL,41.828046,-88.19213,3.599
72315,THORNTONS #221343,US-14 & SR-31,Crystal Lake,IL,42.266198,-88.321294,3.499
72315,THORNTONS #221343,US-14 & SR-31,Crystal Lake,IL,42.266198,-88.321294,3.449
72316,THORNTONS #221344,SR-120,Mchenry,IL,42.3334,-88.2668,3.699
72316,THORNTONS #221344,SR-120,Mchenry,IL,42.3334,-88.2668,3.649
72317,THORNTONS #261169,SR-1747 & SR-2052,Louisville,KY,38.2435,-85.7639,3.28066666
72318,THORNTONS #330,I-55 & SR-50,Cicero,IL,41.845556,-87.753889,3.549
72318,THORNTONS #330,I-55 & SR-50,Cicero,IL,41.845556,-87.753889,3.599
72319,THORNTONS #5,I-55 & SR-50,Cicero,IL,41.845556,-87.753889,3.599
72319,THORNTONS #5,I-55 & SR-50,Cicero,IL,41.845556,-87.753889,3.649
72320,THORNTONS #616,SR-265,Lebanon,TN,36.209792,-86.302367,2.87566666
72321,Thorntons #617,I-24 Exit 64,La Vergne,TN,36.012714,-86.559969,2.88233333
72324,TREE CITY TRAVEL PLAZA,US-421,Greensburg,IN,39.331223,-85.473532,3.989
72325,TREX MART #17,I-29 & SR-371,Platte City,MO,39.360171,-94.788972,2.999
72326,CIRCLE K #4700101,I-65 Exit 50,Seymour,IN,38.957133,-85.882477,3.499
72328,Tropic Fleet Hialeah Cardlock,SR-953 & SR-934,Miami                                   ,FL,25.779,-80.1982,3.479
72329,TROTTERS,SR-2 ,Broken Bow                              ,NE,41.412586,-99.635452,3.299
72330,TRUE NORTH #325,SR-57 & SR-113,Elyria,OH,41.372353,-82.105088,3.679
72331,TUPELO TRAVEL STOP,SR-48 & SR-3,Tupelo,OK,34.559809,-96.427365,2.999
72332,TXB #82 DBA KWIK CHEK FOOD STORES,US-83,Asherton,TX,28.436421,-99.748611,3.259
72333,UNITED MARKET,US-84,Blackshear,GA,31.293063,-82.261708,3.76566666
72335,VALERO,US-30 & SR-598,Galion,OH,40.730316,-82.793943,3.499
72337,VALLEY COUNTRY STORE,I-84 & US-93,Jerome,ID,42.71784,-114.501244,3.43233333
72338,VALLEY MART #05,US-90 & SR-173,Hondo                                   ,TX,29.356065,-99.127637,3.199
72339,VP RACING FUEL,US-231 ,Panama City,FL,30.160624,-85.649403,3.499
72340,WARREN OIL,US-6,Channahon                               ,IL,41.434664,-88.213786,3.779
72340,WARREN OIL,US-6,Channahon                               ,IL,41.434664,-88.213786,3.629
72342,WHITE RIVER,US-231 & SR-58,Bloomfield,IN,39.029542,-86.867549,3.759
72343,WOLF DEN,US-97,Wapato,WA,46.45066,-120.426484,3.409
72344,WOW FOOD MART,I-75 & US-25,Richmond,KY,37.754605,-84.295526,3.609
72345,YAKAMART,US-97,Toppenish                               ,WA,46.375123,-120.330534,3.509
72346,Y-NOT STOP,US-165 & SR-10,Oakdale,LA,30.817173,-92.663964,3.699
72347,MARATHON,I-94 Exit 121,Albion,MI,42.258073,-84.756052,3.699
72348,7-ELEVEN #34718,"I-294, EXIT 25",Hinsdale,IL,41.7891,-87.940089,3.719
72348,7-ELEVEN #34718,"I-294, EXIT 25",Hinsdale,IL,41.7891,-87.940089,3.739
72348,7-ELEVEN #34718,"I-294, EXIT 25",Hinsdale,IL,41.7891,-87.940089,3.839
72349,7-ELEVEN #34713,"I-90, EXIT 24",Belvidere,IL,42.259465,-88.850943,3.739
72349,7-ELEVEN #34713,"I-90, EXIT 24",Belvidere,IL,42.259465,-88.850943,3.659
72349,7-ELEVEN #34713,"I-90, EXIT 24",Belvidere,IL,42.259465,-88.850943,3.879
72350,7-ELEVEN #34709,504 N CREGO RD,Dekalb,IL,41.934245,-88.760673,4.439
72351,LOVES TRAVEL STOP #874,"I-65, EXIT 175 & SR-25",Lafayette,IN,40.417743,-86.888358,3.67233333
72352,LOVES TRAVEL STOP #858,"I-49, EXIT 172 & US-84",Mansfield,LA,32.023863,-93.698045,3.24566666
72360,PUMP & PANTRY #22,SR-91 & SR-11,Burwell,NE,41.807982,-99.099527,3.299
72361,PUMP & PANTRY #39,I-80 Exit 179 & SR-56G,North Platte,NE,41.132595,-100.774631,3.11566666
72362,PUMP & PANTRY #18,US-281 & CR-11,Doniphan,NE,40.770031,-98.37901,3.30733333
72363,PUMP & PANTRY #1,US-30,Grand Island,NE,40.921858,-98.341062,3.30733333
72368,CHEVRON #352416,I-8 Exit 73,Jacumba,CA,32.624934,-116.195184,6.399
72372,Eastland Truck Stop,I-20 Exit 340 & SR-6,Eastland                                ,TX,32.399418,-98.807101,2.93233333
72373,Rusty Lantern,SR-4 ,Turner                                  ,ME,44.255669,-70.249444,3.899
72374,Rusty Lantern,SR-26 & SR-219,West Paris                              ,ME,44.32527,-70.573167,3.96566666
72376,SUNOCO,US 84 & SR 39,Donalsonville,GA,31.040278,-84.879167,3.499
72378,EB SUNOCO,SR-3 & SR-28,Muncie,IN,40.168414,-85.380689,3.799
72380,EXXPRESS MART #12,US-287 & SR-421,Lumberton                               ,TX,30.253056,-94.189722,2.959
72382,EXXPRESS MART #4,SR-105,Beaumont,TX,30.068805,-94.103896,3.199
72385,GAS N WASH,I-57 & SR-17,Kankakee                                ,IL,41.116582,-87.869607,3.599
72387,Williams Fuel Stop,SR-7 & SR-735,Gallipolis,OH,38.814781,-82.22902,3.54066666
72389,PILOT #1354,US 385,Odessa,TX,31.8465,-102.3663,3.56566666
72390,QUIKTRIP #46,US 169 & SR 266,Tulsa,OK,36.05566,-96.060229,3.14233333
72391,QUIKTRIP #56,US-169 & SR-11,Tulsa,OK,36.05566,-96.060229,3.14233333
72394,LOVES TRAVEL STOP #871,"I-85, Exit 32",Piedmont,SC,34.724433,-82.470216,3.19733333
72395,ALLSUPS #2427,US 84,Gatesville,TX,31.447646,-97.724286,3.00733333
72396,RACETRAC #2624,US-1,Marathon                                ,FL,24.727919,-81.038581,3.23566666
72400,HAN DEE HUGOS #21,US-17 & SR-87,Winnabow                                ,NC,34.214511,-78.056211,3.41233333
72402,HAN DEE HUGOS #5,SR-410 & SR-211,Bladenboro                              ,NC,34.565832,-78.779295,3.20566666
72403,HAN DEE HUGOS #67,US-70,Raleigh                                 ,NC,35.772701,-78.632439,3.999
72408,JOURNEY FOOD STORE #2,US-301,Callahan,FL,30.551958,-81.814465,3.399
72410,KELLEYS MARKET,I-90 Exit 15 & US-20 BUS,Rockford                                ,IL,42.292233,-89.116118,3.119
72410,KELLEYS MARKET,I-90 Exit 15 & US-20 BUS,Rockford                                ,IL,42.292233,-89.116118,2.969
72412,KELLEYS MARKET,US-20,Cherry Valley,IL,42.220562,-88.961923,3.699
72413,TROPIC OIL COMPANY,SR-17,Lake Wales,FL,27.903734,-81.548805,3.499
72418,SHELL,SR-953,Miami                                   ,FL,25.779,-80.1982,3.479
72419,Denver 39th Ave Cardlock,I-70/US-36 EXIT-281,Denver,CO,39.840562,-105.007985,3.49066666
72420,MAVERIK COUNTRY STORE #620,SR-8,Saint George,UT,37.106651,-113.595261,3.46233333
72424,MIDDLESEX FOOD STORE,CR-604,Carteret                                ,NJ,40.582278,-74.231345,3.51566666
72425,MINUTEMAN FOOD MART #18,SR-87,Tar Heel                                ,NC,34.746541,-78.81341,4.619
72428,QUIKTRIP #7249,US 80 E,Flowood,MS,32.3165,-90.1105,2.91566666
72430,PATRIOT FUELING CENTER,SR-9,Lineville,AL,33.328613,-85.734609,3.299
72432,Yesway #1203,SR-6,Clifton,TX,31.799689,-97.515282,2.969
72433,RENFROE STORE,SR-25,Carthage,MS,32.788635,-89.535274,4.099
72435,Cedar City Cardlock (Bulk Plant),"I-15, EXIT 59",Cedar City                              ,UT,37.689544,-113.074513,3.459
72436,Ricky Rockets,SR-390 &SR-53,Itasca,IL,41.971967,-88.020247,3.559
72436,Ricky Rockets,SR-390 &SR-53,Itasca,IL,41.971967,-88.020247,3.399
72436,Ricky Rockets,SR-390 &SR-53,Itasca,IL,41.971967,-88.020247,3.499
72436,Ricky Rockets,SR-390 &SR-53,Itasca,IL,41.971967,-88.020247,3.579
72437,Tropic Oil,US-191,Moab                                    ,UT,38.567674,-109.527087,4.169
72438,QUIKTRIP #7208,I-290 EXIT 18A,Bellwood,IL,41.882484,-87.878557,3.079
72438,QUIKTRIP #7208,I-290 EXIT 18A,Bellwood,IL,41.882484,-87.878557,3.249
72438,QUIKTRIP #7208,I-290 EXIT 18A,Bellwood,IL,41.882484,-87.878557,3.199
72438,QUIKTRIP #7208,I-290 EXIT 18A,Bellwood,IL,41.882484,-87.878557,3.279
72438,QUIKTRIP #7208,I-290 EXIT 18A,Bellwood,IL,41.882484,-87.878557,3.099
72440,Rutters #84,US-15 & SR-340,Emmitsburg,MD,39.694044,-77.335658,3.91566666
72441,SHEETZ #165,US-6,Coudersport,PA,41.781529,-78.003861,3.699
72442,SHEETZ #239,I-70 Exit 57,New Stanton                             ,PA,40.223345,-79.618187,3.28566666
72443,SHEETZ #553,I-81 Exit 3,Greencastle,PA,39.781827,-77.746956,3.33233333
72444,SHEETZ #597,I-40 Exit 126,Hickory                                 ,NC,35.75757,-81.328858,2.859
72445,SHEETZ #639,I-80 Exit 223,Youngstown,OH,41.0986,-80.6474,3.059
72446,SHEETZ #656,US-219 & US-6,Kane,PA,41.661861,-78.797778,3.699
72448,SHELL SERVICE STATION,SR-55,Morrison,TN,35.60002,-85.889895,3.499
72456,SPINX #161,I-85 Exit 60 & SR-101,Greer,SC,34.8968,-82.267442,3.159
72458,7-ELEVEN #41335,SR-80 & SR-29,Labelle,FL,26.732093,-81.434027,3.599
72459,7-ELEVEN #34154,I-75 Exit 128,Fort Myers,FL,26.620403,-81.8725,3.299
72462,Story Belgrade Cardlock,"I-90, EXIT 298",Belgrade,MT,45.780126,-111.143927,3.699
72466,Holbrook Cardlock,I-40 EXIT 285,Holbrook                                ,AZ,34.908451,-110.143412,3.23233333
72467,SUNOCO SERVICE STATION,I-81 Exit 44 & SR-465,Carlisle                                ,PA,40.203877,-77.199526,3.889
72468,Springerville Cardlock,US-191,Springerville,AZ,34.119333,-109.304066,3.259
72471,THORNTONS #221335,I-55 Exit 263,Bolingbrook,IL,41.697605,-88.087315,3.699
72471,THORNTONS #221335,I-55 Exit 263,Bolingbrook,IL,41.697605,-88.087315,3.649
72473,Loves Travel Stop #885,US 77,Harlingen,TX,26.195142,-97.688981,3.649
72475,Express 24,SR-77 & US-60,Show Low                                ,AZ,34.060117,-110.054633,3.299
72476,Mandan Cardlock (Bulk Plant),"I-94, EXIT 153",Mandan                                  ,ND,46.830649,-100.909175,3.599
72477,Racetrac #2618,US-231 & CR-8,Huntsville,AL,34.726866,-86.567318,2.95066666
72478,Racetrac #2621,SR-53,Huntsville,AL,34.726866,-86.567318,3.099
72479,CEFCO #2086,US 180 & 84,Snyder,TX,32.715105,-100.907485,2.96566666
72480,TA Mt Vernon,I-44,Mount Vernon,MO,37.104466,-93.797632,3.404
72481,CASEYS #4323,SR-57 & SR-60,Wanamingo                               ,MN,44.31214,-92.810258,3.499
72482,RUTTERS FARM STORE #80,SR 61,Orwigsburg,PA,40.643071,-76.083999,3.859
72483,Circle K #4700047,I-65 Exit 34A,Austin,IN,38.747801,-85.796188,3.799
72485,ALLSUPS CONVENIENCE STORE #2160,US 70,Roswell,NM,33.388504,-104.525857,3.25566666
72486,QUIKTRIP #4216,"I-70 & SR-79, EXIT 304",Bennett,CO,39.725398,-104.427284,3.199
72487,PILOT #1380,I-2 EXIT 161,Mercedes,TX,26.15133,-97.918503,3.659
72488,MAVERIK COUNTRY STORE #657,I-15 Exit 10,Washington,UT,37.136379,-113.505043,3.42566666
72489,CASEYS #3987,LINCOLN HWY,Wanatah,IN,41.384477,-86.876439,3.71566666
72490,ASAP GENERAL STORE #322,US-281,Hinton,OK,35.4675,-98.331348,3.13233333
72492,CIRCLE K #2709098,US 85,Greeley,CO,40.413968,-104.704756,3.21066666
72493,Chiricahua Apache Plaza,I-10 EXIT 102,Deming,NM,32.231808,-107.746559,3.03733333
72494,7-ELEVEN #42132,"I-35, EXIT 131",Lytle,TX,29.236568,-98.794489,3.599
72495,ROAD RANGER #286,1-40 EXIT 77,Amarillo,TX,35.203238,-101.842052,2.97233333
72496,ROAD RANGER #289,I-45 EXIT 189,Teague,TX,31.632772,-96.27778,3.39566666
72497,ROAD RANGER #290,"I-44, Exit 13",Joplin,MO,37.096858,-94.505144,3.21233333
72498,SHEETZ  #760,"I-71, EXIT 140 Township Rd 256",Marengo,OH,40.389512,-82.812136,3.06566666
72499,Bowie Travel Center,I-10,Bowie,AZ,32.326389,-109.486389,3.099
72499,One9 dba Bowie Travel Center,I-10,Bowie,AZ,32.326389,-109.486389,3.059
72499,Bowie Travel Center Chevron dba One9 #1411,I-10,Bowie,AZ,32.326389,-109.486389,3.014
72500,GAS N WASH,US 34,Plano,IL,41.666987,-88.53838,3.499
72500,GAS N WASH,US 34,Plano,IL,41.666987,-88.53838,3.599
72501,QUIKTRIP #7203,"I-80, EXIT 75 &SR-251",Peru,IL,41.333021,-89.126478,2.969
72501,QUIKTRIP #7203,"I-80, EXIT 75 &SR-251",Peru,IL,41.333021,-89.126478,3.249
72501,QUIKTRIP #7203,"I-80, EXIT 75 &SR-251",Peru,IL,41.333021,-89.126478,2.999
72501,QUIKTRIP #7203,"I-80, EXIT 75 &SR-251",Peru,IL,41.333021,-89.126478,3.099
72501,QUIKTRIP #7203,"I-80, EXIT 75 &SR-251",Peru,IL,41.333021,-89.126478,3.159
72502,QUIKTRIP #7133,"I-95, EXIT 190 & SR-34",Dillon,SC,34.414553,-79.377015,3.08233333
72503,QUIKTRIP #7151,I-55/40 EXIT 278 & SR-191,West Memphis,AR,35.148442,-90.17792,2.999
72505,CASEYS #4379,I-59 HWY,Worthington,MN,43.628626,-95.605907,3.14233333
72506,CASEYS #4273,SR-56,Madison,IN,38.764866,-85.407019,3.699
72507,Golden Gate Fillmore,SR 99,Fillmore,UT,38.980539,-112.331321,3.29733333
72510,STUCK FLEET FUELING,US-19,Waynesburg,PA,39.891691,-80.179524,4.499
72514,Petro-Card 24 #910722,SR-6,Trenton                                 ,MO,40.082335,-93.608634,3.149
72515,PETRO-CARD 24 #910520,US-54BUS,Mexico                                  ,MO,39.171233,-91.889473,3.229
72519,CIRCLE K #2723050,SR-59,Hope Mills,NC,34.953564,-78.935364,2.909
72520,PETRO-CARD 24 #910160,US-50,Warrensburg                             ,MO,38.766695,-93.727341,3.299
72521,PETRO-CARD 24 #910410,I-44/US-66,Lebanon                                 ,MO,37.685049,-92.655029,3.099
72522,MFA #910591,US-63 ,La Plata,MO,40.020831,-92.507669,3.339
72523,Petro-Card 24 #910820,US-60BUS,Willow Springs                          ,MO,36.995812,-91.940545,3.399
72524,QuickChek #189,US-46,Ridgefield,NJ,40.832568,-74.001531,3.25233333
72526,PETRO-CARD 24 #911251,US-169,King City                               ,MO,40.065184,-94.523412,3.299
72528,MFA #910260,SR-87/240,Glasgow                                 ,MO,39.225736,-92.831812,3.3965
72529,PETRO-CARD 24 #910530,US-24,Moberly                                 ,MO,39.420239,-92.435793,3.419
72530,PETRO-CARD 24 #910140,US-50 BUS,California                              ,MO,38.622369,-92.545558,3.459
72531,PETRO-CARD 24 #910040,US-60 BUS,Aurora,MO,36.947661,-93.71238,3.209
72533,Fuel 4,US-9,Jersey City,NJ,40.7164,-74.038,3.239
72534,Petro-Card 24 #911290,US-59,Mound City                              ,MO,40.136238,-95.213837,3.149
72535,MFA #911310,SR-5,Centerville                             ,IA,40.73259,-92.872826,3.12566666
72536,MFA 910281,SR-5 ,Milan,MO,40.184435,-93.136149,3.299
72537,PETRO-CARD 24 #910210,SR-7,Clinton                                 ,MO,38.368811,-93.758906,3.399
72538,Petro-Card 24 #910670,SR-51,Qulin                                   ,MO,36.581769,-90.261674,3.199
72540,MFA #910441,US-54,Louisiana                               ,MO,39.43359,-91.066385,3.049
72541,MFA 911021,US-136 ,Tarkio                                  ,MO,40.441841,-95.378586,3.329
72542,MFA #910731,SR-15,Shelbina                                ,MO,39.694718,-92.03706,2.999
72543,PETRO CARD 24,SR-18,Clinton                                 ,MO,38.368811,-93.758906,3.399
72544,BJS NEW UNDERWOOD,CR-1416,New Underwood,SD,44.087354,-102.813635,3.699
72546,MFA OIL #2028,SR-53,Poplar Bluff                            ,MO,36.766235,-90.416647,3.23233333
72548,GASQUATCH,US-70/SR-3,Idabel,OK,33.88512,-94.802012,3.10733333
72550,TERRIBLE HERBST #388,I-15 Exit 91,Moapa,NV,36.675833,-114.62,3.549
72551,Good 2 Go,US-81,Geneva,NE,40.527731,-97.609625,3.36566666
72552,VALLEYWIDE COUNTRY STORE,I- 86 Exit 40,American Falls,ID,42.789876,-112.870714,3.599
72553,Friendly Express,I-71 Exit 186 & US-250,Ashland,OH,40.855892,-82.318931,3.199
72554,CEFCO #422,SR-4,Baker,FL,30.831569,-86.677015,3.299
72556,STARMART,US-183,Goldthwaite,TX,31.445769,-98.574405,3.099
72557,LITTLE NECK SHELL,I-16 Exit 152,Bloomingdale,GA,32.117654,-81.308465,3.099
72558,Circle K #4703975,SR-109 & US-70,Lebanon,TN,36.209792,-86.302367,2.87233333
72559,SUN TRAVEL CENTER,I-55 EXIT 114A,Canton,MS,32.620543,-90.006079,3.499
72560,AMOCO,US 131 & US 12,White Pigeon,MI,41.792891,-85.67501,3.559
72560,AMOCO,US 131 & US 12,White Pigeon,MI,41.792891,-85.67501,3.599
72561,7-ELEVEN #38638,I-25 Exit 235,Erie,CO,40.059746,-105.068583,3.399
72562,7-ELEVEN #17703,US HWY 11,Martinsburg,WV,39.459959,-77.958915,3.249
72563,RACEWAY #6991,I-65 Exit 19 & US-43,Creola,AL,30.901267,-88.017414,2.949
72565,WEIGEL'S #102,I-75 & SR-30,Athens,TN,35.457389,-84.604261,3.34733333
72566,Loves  Travel Stop #826,I-70 Exit 75,Parachute,CO,39.440729,-108.038038,3.59566666
72567,THE TEXAN #12,US 87,La Vernia,TX,29.350905,-98.112971,3.049
72569,RACETRAC #204,US-19 & SR-400,Dawsonville                             ,GA,34.394331,-84.103705,3.319
72570,Lake View Cheese & Liquor,I-43,Belgium,WI,43.499465,-87.850908,3.25566666
72571,MAVERIK #719,I-82 EXIT 33,Yakima,WA,46.606991,-120.477336,3.909
72571,MAVERIK #719,I-82 EXIT 33,Yakima,WA,46.606991,-120.477336,3.899
72571,MAVERIK #719,I-82 EXIT 33,Yakima,WA,46.606991,-120.477336,3.929
72572,GOOD 2 GO #713/ONE9 #1432,I-76 EXIT 21,Brighton,CO,39.980553,-104.810278,3.269
72572,GOOD 2 GO #713 DBA ONE9 #1432,I-76 EXIT 21,Brighton,CO,39.980553,-104.810278,3.199
72574,Loves Travel Stop #831,"I-10 & Fort Grant Rd, Exit 340",Willcox,AZ,32.372977,-109.863111,3.33233333
72575,Loves Travel Stop #864,US-98,Lucedale,MS,30.866722,-88.593391,3.449
72576,Pride Travel Center South,"I-291 & SR-5, EXIT 4",South Windsor,CT,41.834081,-72.557585,3.909
72577,QUIKTRIP #7205,"I-80, EXIT 161",Lansing,IL,41.566045,-87.544634,3.079
72577,QUIKTRIP #7205,"I-80, EXIT 161",Lansing,IL,41.566045,-87.544634,3.249
72577,QUIKTRIP #7205,"I-80, EXIT 161",Lansing,IL,41.566045,-87.544634,3.179
72578,QUIKTRIP #7247,"I-55, EXIT 85",Byram,MS,32.1932,-90.2708,2.91566666
72579,Raceway #6986,US-378 & CR-467,Sumter,SC,33.928199,-80.321008,2.979
72580,KWIK TRIP #1267,SR 29,Chippewa Falls,WI,44.932202,-91.384376,3.39233333
72581,FASTRAC MARKET #500266,I-87 Exit 18,Queensbury,NY,43.328983,-73.681846,3.999
72582,FASTRAC MARKET #500242,SR-12 & SR-5A,Utica,NY,43.087112,-75.231463,3.999
72582,FASTRAC MARKET #500242,SR-12 & SR-5A,Utica,NY,43.087112,-75.231463,3.899
72583,SHEETZ #769,I-80 Exit 232,Bloomsburg,PA,41.011528,-76.438379,3.329
72584,ONE9 #1359,"I-80, EXIT 30",Sparks,NV,39.547254,-119.755588,3.549
72585,GAS N WASH GREEN OAKS,"I-94, EXIT 16",Libertyville,IL,42.281001,-87.949955,3.559
72585,GAS N WASH GREEN OAKS,"I-94, EXIT 16",Libertyville,IL,42.281001,-87.949955,3.599
72586,Loves Travel Stop #875,"I-49, Exit 15",Opelousas,LA,30.51442,-92.089668,3.08566666
72587,Allsups Convenience #2416,I-20 EXIT 244 AND HWY 70,Sweetwater,TX,32.472589,-100.397908,2.884
72588,ALLSUPS CONVENIENCE #2430,US 380,Jacksboro,TX,33.234655,-98.168138,3.044
72589,ALLSUPS CONVENIENCE #2056,US 287,Memphis,TX,34.712237,-100.534653,2.929
72590,MAVERIK #716,I-80 & SR-351,Wells,NV,41.129798,-114.532752,3.39233333
72591,Quiktrip #7173,"I-20, EXIT 156",Pell City,AL,33.597889,-86.343151,2.999
72592,QUIKTRIP #7191,US-45 & I-57,Effingham,IL,39.121727,-88.561105,3.199
72592,QUIKTRIP #7191,US-45 & I-57,Effingham,IL,39.121727,-88.561105,2.999
72594,Quiktrip #7900,I-30 & FM-989,Texarkana,TX,33.407371,-94.118245,2.85733333
72595,CIRCLE K #2654400,SR-115,Kearneysville,WV,39.321994,-77.958762,3.26566666
72596,Hucks Food & Fuel #401 dba Pilot #1360,"I-69, EXIT 25",Mayfield,KY,36.732686,-88.650637,3.599
72597,CIRCLE K #4705697,US 422,Warren,OH,41.172426,-80.871806,3.61233333
72599,FATDOGS LEXINGTON,US-283,Lexington                               ,NE,40.785002,-99.751515,2.979
72603,THORNTONS #170,I-465 Exit 46 & US-40,Indianapolis,IN,39.938417,-86.13894,3.599
72606,PETRO-CARD 24 #910474,US-65,Malta Bend                              ,MO,39.195108,-93.381325,3.439
72607,TOWN PUMP FOOD STORE #6300,I-90 & US-191,Big Timber,MT,45.82827,-109.963094,3.539
72608,Petro-Card 24 #910640,US-61,Perryville                              ,MO,37.717437,-89.873664,3.099
72610,JORDANS KWIK STOP #6,I-55 Exit 48 & SR-140,Osceola,AR,35.701864,-89.979764,3.01233333
72611,Kwik Trip # 1722,SR 35 & SR 553,Gwinn                                   ,MI,46.291938,-87.43016,3.819
72612,PETRO-CARD 24 #910411,I-44 & SR-32,Lebanon                                 ,MO,37.685049,-92.655029,3.099
72614,FAST FUEL FOOD STORES,SR-4,Gassaway                                ,WV,38.686193,-80.786339,3.56566666
72615,U STOP #4,US-6 ,Lincoln                                 ,NE,40.8169,-96.7103,3.399
72616,PETRO-CARD 24 #910700,SR-32,Sainte Genevieve                        ,MO,37.950356,-90.09604,3.099
72619,MARTYVILLE MARATHON,SR-25,Tishomingo,MS,34.647753,-88.219395,3.279
72620,CENEX,US-2 ,Leeds,ND,48.26681,-99.440123,3.249
72621,PETRO-CARD 24 #1047,SR-240,Slater                                  ,MO,39.216273,-93.054674,3.459
72622,Phillips 66,US- 60 & HWY AD,Dexter                                  ,MO,36.788458,-89.963933,3.40233333
72623,LENNYS FOOD N FUEL,US-6,Joliet,IL,41.527154,-88.08241,3.499
72623,LENNYS FOOD N FUEL,US-6,Joliet,IL,41.527154,-88.08241,3.299
72623,LENNYS FOOD N FUEL,US-6,Joliet,IL,41.527154,-88.08241,3.399
72623,LENNYS FOOD N FUEL,US-6,Joliet,IL,41.527154,-88.08241,3.659
72625,PETRO-CARD 24,SR-46 & US-71,Maryville                               ,MO,40.343399,-94.873479,3.129
72626,MFA OIL,SR-18,Lake City                               ,AR,35.81715,-90.442327,3.399
72628,Gas Pro 6,SR-121 & US-25,Trenton                                 ,SC,33.693757,-81.853392,3.46566666
72629,MFA #910600,SR-28,Owensville                              ,MO,38.351119,-91.486679,3.299
72630,PETRO-CARD 24 #910250,US-54 BUS,Fulton                                  ,MO,38.851821,-91.96055,3.299
72631,THORNTONS #221348,I-355 & SR-7,Homer Glen,IL,41.6,-87.938056,3.849
72631,THORNTONS #221348,I-355 & SR-7,Homer Glen,IL,41.6,-87.938056,3.899
72631,THORNTONS #221348,I-355 & SR-7,Homer Glen,IL,41.6,-87.938056,3.899
72631,THORNTONS #221348,I-355 & SR-7,Homer Glen,IL,41.6,-87.938056,3.899
72631,THORNTONS #221348,I-355 & SR-7,Homer Glen,IL,41.6,-87.938056,3.849
72631,THORNTONS #221348,I-355 & SR-7,Homer Glen,IL,41.6,-87.938056,3.899
72633,Petro-Card 24 #910830,SR-52,Windsor                                 ,MO,38.52719,-93.526864,3.499
72634,MURPHY USA #7827,US-385 & US-60,Hereford                                ,TX,34.837037,-102.40503,2.829
72635,GULF,SR-140,Boylston,MA,42.337727,-71.731042,3.839
72637,AZTEX #104,I-40 Exit 398,Knoxville,TN,35.9609,-83.9189,3.359
72639,ALLSUPS #2423,US-377 & US-70,Madill,OK,34.07126,-96.787258,2.959
72640,Kwik Trip # 1721,SR 553 & FM 480,Marquette                               ,MI,46.53124,-87.389443,3.819
72642,LOVES TRAVEL STOP #857,US-95 & US-6,Tonopah,NV,38.204273,-117.089886,3.71566666
72643,ONCUE #147,"I-44, EXIT 12",Oklahoma City,OK,35.3337,-97.4922,3.049
72644,MAVERIK COUNTRY STORE #642,I-25 EXIT 262,Fort Collins,CO,40.581293,-105.103884,3.259
72645,MAVERIK #723,"I-10, EXIT 240",Marana,AZ,32.404749,-111.273621,3.04566666
72646,TOOT N TOTUM #131,US 87,Lamesa,TX,32.736677,-101.956914,3.109
72647,RACEWAY #6972,US-83 & US-43,Demopolis,AL,32.490792,-87.839669,3.07733333
72648,Loves Travel Stop #873,US 50,Canon City,CO,38.445074,-105.217829,3.509
72649,Love's Travel Stop #891,US 93,Jackpot,NV,41.839591,-115.112886,3.62733333
72650,Loves Travel Stop #862,I-35 Exit 65,Cotulla,TX,28.439837,-99.232818,3.589
72651,QUIKTRIP #7132,"I-16, EXIT 152",Bloomingdale,GA,32.117654,-81.308465,3.03233333
72652,Quiktrip #4148,I-35 & GRAND AVE PKWY,Pflugerville,TX,30.442133,-97.629895,2.88233333
72653,Quiktrip #7153,US-78 & EXIT #4,Olive Branch,MS,34.94414,-89.854427,2.91566666
72655,RACEWAY #6988,US-79 & US-41,Clarksville,TN,36.522014,-87.348997,2.999
72656,ALLSUPS #2437,HWY 176 & HWY 115,Andrews,TX,32.320125,-102.540926,3.39566666
72660,RACEWAY #6989,US-157 & COURT ST ,Moulton,AL,34.505836,-87.222385,3.049
72663,LOC STOP TRAVEL CENTER,US-82,Dawson,GA,31.773333,-84.446667,3.499
72664,RACETRAC #2606,"I-30, EXIT 32B & SR-181",Grand Prairie,TX,32.76488,-97.01121,2.92566666
72666,CIRCLE K #2707043,"I-75/SR-401, EXIT 39 & SR-37",Adel,GA,31.125143,-83.421346,2.999
72667,LOVES TRAVEL STOP #884,"I-30, Exit 46",Prescott,AR,33.804029,-93.372544,3.47566666
72668,LOVES TRAVEL STOP #350,"I-19, Exit 12",Nogales,AZ,31.376969,-110.943508,3.609
72669,Quiktrip #356,US-81 & S Victoria RD,Wichita,KS,37.6898,-97.3415,3.194
72672,7-Eleven #42205,US 79,Hearne,TX,30.86686,-96.584256,3.449
72674,QUIKTRIP #7190,I-64 EXIT 94,Mount Vernon,IL,38.317014,-88.910525,3.199
72674,QUIKTRIP #7190,I-64 EXIT 94,Mount Vernon,IL,38.317014,-88.910525,3.099
72674,QUIKTRIP #7190,I-64 EXIT 94,Mount Vernon,IL,38.317014,-88.910525,3.399
72675,Maverik Country Store #715,I-80 EXIT 107,Big Springs,NE,41.069621,-102.093273,3.10066666
72676,KWIK TRIP #1212,"I 90, EXIT 43 ",Worthington,MN,43.628626,-95.605907,3.164
72677,KWIK TRIP #1256,SR 2 E,Iron Mountain,MI,45.821894,-88.068257,3.279
72677,KWIK TRIP #1256,SR 2 E,Iron Mountain,MI,45.821894,-88.068257,3.399
72677,KWIK TRIP #1256,SR 2 E,Iron Mountain,MI,45.821894,-88.068257,3.289
72678,FLYING J #1056,I-90/ I-80,Edon                                    ,OH,41.584219,-84.757002,3.899
72679,TEX BEST #532,US-281 & HWY 186,Edinburg,TX,26.304221,-98.156922,3.02066666
72680,RACEWAY #6990,US-98,Foley,AL,30.400664,-87.685737,3.07566666
72681,MAVERIK #691,I-76 EXIT 3,Denver,CO,39.840562,-105.007985,3.284
72682,Maverik #695,I-15 EXIT 276,American Fork,UT,40.392784,-111.794107,3.349
72683,HUCKS FOOD & FUEL #383,SR-57,Evansville                              ,IN,37.9746,-87.5674,3.759
72685,CHUBBYS TRAVEL CENTER,"I-35, Exit 127",Natalia,TX,29.211669,-98.855158,2.97233333
72687,Kwik Trip #1203,US-71 & Airport Rd,Redwood Falls,MN,44.531753,-95.10713,3.349
72688,SHEETZ #772,I-70 EXIT 59,Springfield,OH,39.924167,-83.808889,3.054
72689,ROAD RANGER #285,I-10 EXIT 605,Seguin,TX,29.561316,-97.962801,3.11066666
72690,Noble East Lyme,"I-95, EXIT 75",East Lyme,CT,41.366806,-72.232987,3.759
72691,KUM & GO #2402,US 60,Springfield,MO,37.2152,-93.295,3.17566666
72693,Kum & Go #2404,US 60,Aurora,MO,36.947661,-93.71238,3.119
72694,7-ELEVEN #42195,I-385 EXIT 23,Fountain Inn,SC,34.653334,-82.264593,3.11566666
72695,Quiktrip #7906,"I-20, EXIT 617 & US-59",Marshall,TX,32.53378,-94.36191,2.83733333
72696,QUIKTRIP #1742,"I-475/SR-408, exit 5 & SR-74",Macon,GA,32.84386,-83.598686,3.089
72698,QUIKTRIP #7242,"I-10, EXIT 31",Gulfport,MS,30.382556,-89.097618,2.91566666
72699,Quiktrip #7195,"I-355, EXIT 29",Addison,IL,41.933509,-88.0054,3.079
72699,Quiktrip #7195,"I-355, EXIT 29",Addison,IL,41.933509,-88.0054,3.269
72699,Quiktrip #7195,"I-355, EXIT 29",Addison,IL,41.933509,-88.0054,3.179
72700,RACEWAY #6726,"I-30, Exit 172",Thomson,GA,33.477363,-82.494204,3.399
72701,Loves Travel Stop #887,I-55 EXIT 178,Herculaneum,MO,38.260087,-90.387095,3.15566666
72702,Loves Travel Stop #854,I-49 EXIT 215,Shreveport,LA,32.503743,-93.748696,2.93733333
72705,SHEETZ #795,US-460 & CR-629,Disputanta,VA,37.148268,-77.273172,2.98233333
72706,Sheetz #790,I-77 EXIT 100,Mount Airy,NC,36.500739,-80.611871,2.859
72707,QUIKTRIP #4299,"I-25, EXIT 158",Monument,CO,39.100726,-104.85416,3.159
72709,KWIK TRIP #1299,FM 164,Sussex,WI,43.144059,-88.227064,3.28566666
72710,KWIK STAR #1285,I-229 EXIT 9,Sioux Falls,SD,43.488,-96.7343,2.95233333
72711,Kwik Trip #1260,FM 65 ,Roberts,WI,44.987356,-92.559773,3.424
72713,Kwik Star #1217,FM 11,Sioux Falls,SD,43.488,-96.7343,2.939
72714,LOVES TRAVEL STOP  #771,I-85 & SR-18,West Point,GA,32.833683,-85.119714,3.679
72715,FLYING J TRAVEL PLAZA #1372,"I-40, EXIT 28",Yucca,AZ,34.872222,-114.148611,3.849
72715,FLYING J #1372,"I-40, EXIT 28",Yucca,AZ,34.872222,-114.148611,3.999
72716,RACEWAY #7000,US-1 & SR-40,Folkston,GA,30.850838,-82.011617,3.099
72719,TA EXPRESS LITTLEFIELD,"I-15, EXIT 8",Littlefield,AZ,36.866524,-113.913693,3.679
72721,Racetrac #2625,SR 72 E & SHIELDS RD,Huntsville,AL,34.726866,-86.567318,2.97733333
72723,ONE9 #1362,"I-40, EXIT 253",Winslow,AZ,35.16078,-110.511382,3.22566666
72724,ONE9 #484,I-40 EXIT 146,Ash Fork,AZ,35.214998,-112.502681,3.329
72725,CASEYS #4481,US 75,Denison,TX,33.745009,-96.549574,2.93566666
72727,CASEYS #4319,SR-141,Perry,IA,41.839695,-94.102167,3.129
72728,CASEYS #4304,FM 103 & Belten Dr,Crete,NE,40.619302,-96.956676,3.45733333
72732,KUM & GO #2212,I-35 EXIT 89,Ankeny,IA,41.72755,-93.602175,3.13233333
72733,Parker's #94,US-17 N,Georgetown,SC,33.430776,-79.323459,2.989
72734,7-ELEVEN #41940,I-95,West Haven,CT,41.270079,-72.963842,3.999
72735,7-Eleven #41376,I-26 Exit 154B,Orangeburg,SC,33.502545,-80.859282,3.22566666
72736,FRIENDLY GUS STORE #12,I-16 Exit 49,Dublin,GA,32.547794,-82.90368,3.27566666
72737,Mollys Food and Fuel,"I-20, EXIT 175 & SR-150",Thomson,GA,33.477363,-82.494204,3.499
72738,BREAK TIME #3172,US-50/US-63,Jefferson City,MO,38.546212,-92.152462,3.33566666
72739,MAVERIK #712,US 70 & US 54,Alamogordo,NM,32.893186,-105.948544,3.05566666
72740,Caseys #4303,"I-80, EXIT 257 & US-183",Elm Creek,NE,40.730079,-99.372786,3.03233333
72741,Caseys #4298,"I-55, EXIT 220 & SR-47",Dwight,IL,41.088701,-88.415884,3.349
72742,Racetrac #2612,I-675 EXIT 7,Ellenwood,GA,33.61,-84.288056,3.109
72743,PEOTONE TRAVEL CENTER,I-57 & SR-25,Peotone,IL,41.33609,-87.78968,3.459
72743,PEOTONE TRAVEL CENTER,I-57 & SR-25,Peotone,IL,41.33609,-87.78968,3.499
72745,Loves Travel Stop #870,US-81 Exit 12 & SR-12,Watertown,NY,43.974258,-75.912212,4.149
72746,PARKERS #103,"I-26, Exit 205A",Ladson,SC,32.993019,-80.125701,3.28233333
72747,One9 #1358,"I-40,  EXIT 16",Gallup                                  ,NM,35.506475,-108.741352,3.24566666
72748,HORIZON TRAVEL PLAZA,US-411,Cartersville,GA,34.186975,-84.820401,2.934
72749,KWIK TRIP #1282,FM 42 & S Duluth Ave,Sturgeon Bay,WI,44.84384,-87.375311,3.50733333
72750,QUIKTRIP #1943,I-35 EXIT 368 & SR 22,Hillsboro,TX,32.014942,-97.119791,2.919
72752,QUIKTRIP #7178,I-65 EXIT 13 & SR 158,Saraland,AL,30.833197,-88.093387,2.95733333
72753,QUIKTRIP #7908,I-40 EXIT 73,Amarillo,TX,35.203238,-101.842052,2.874
72754,RACETRAC #2495,US 41 & US 19,Griffin,GA,33.2549,-84.272759,3.229
72755,RACETRAC #2620,I-465 Exit 42,Indianapolis,IN,39.938417,-86.13894,3.159
72756,Loves Travel Stop #876,I-94 Exit 34A,Michigan City,IN,41.698031,-86.869899,3.789
72757,Loves Travel Stop #860,I-59 EXIT 1,Picayune,MS,30.541796,-89.691021,3.15566666
72758,CEFCO #1117,I-20 EXIT 617,Marshall,TX,32.53378,-94.36191,2.83233333
72759,Allsups Convenience Store #2461,US-87 & SR-137,Lamesa,TX,32.736677,-101.956914,3.099
72760,RaceWay #6999,US-84 & US-319,Thomasville,GA,30.8665,-83.9233,3.16566666
72761,RACETRAC #2629,US-72/US-43 & SR-20,Tuscumbia,AL,34.687432,-87.683259,2.999
72763,FASTRAC MARKET #500270,SR-5/SR-13,Canastota,NY,43.087764,-75.760197,4.349
72763,FASTRAC MARKET #500270,SR-5/SR-13,Canastota,NY,43.087764,-75.760197,4.449
72764,CUMBERLAND FARMS #004783,US-5,East Windsor,CT,41.9099,-72.602945,4.049
72765,FASTRAC MARKET #500203,SR-104 & CR-256,Wolcott,NY,43.234129,-76.821748,3.819
72765,FASTRAC MARKET #500203,SR-104 & CR-256,Wolcott,NY,43.234129,-76.821748,3.799
72766,QUIKTRIP #1873,US 287  33.054731932354194,Rhome,TX,33.054045,-97.481688,2.899
72767,QUIKTRIP #4227,I-25 EXIT 243,Mead,CO,40.233333,-104.998056,3.14733333
72768,ROAD RANGER #287,I-57 EXIT 318,Bourbonnais,IL,41.166119,-87.879023,3.339
72768,ROAD RANGER #287,I-57 EXIT 318,Bourbonnais,IL,41.166119,-87.879023,3.379
72769,TOOT N TOTUM #132,US 84,Lubbock,TX,33.586527,-101.860634,2.97066666
72770,RACETRAC #2634,I-95 Exit 77 & US-78,Saint George,SC,33.184532,-80.573246,2.999
72771,RACETRAC #2635,I-85 EXIT 44A,Greenville,SC,34.847165,-82.406049,2.899
72772,RACEWAY #6998,US-501 & SR-576,Marion,SC,34.156195,-79.389822,3.01566666
72773,RaceTrac #2626,I-20 Exit 472,Dallas,TX,32.996848,-96.792113,2.864
72774,STUCKEYS TRAVEL CENTER,I-10 EXIT 451,Orange,TX,30.125167,-93.771883,2.80733333
72775,CEFCO #2089,I-20 EXIT 288,Abilene,TX,32.468155,-99.718208,2.76566666
72776,MARATHON,"1-75, Exit 80",Sycamore                                ,GA,31.655329,-83.606363,3.299
72778,KWIK STAR #1208,US-75,Sioux Center,IA,43.081416,-96.179952,3.199
72779,KWIK TRIP #1276,"I-90/I-39, EXIT 1 & SR-75",South Beloit,IL,42.483672,-89.029791,3.469
72779,KWIK TRIP #1276,"I-90/I-39, EXIT 1 & SR-75",South Beloit,IL,42.483672,-89.029791,3.299
72779,KWIK TRIP #1276,"I-90/I-39, EXIT 1 & SR-75",South Beloit,IL,42.483672,-89.029791,3.449
72781,SHEETZ #774,I-70 & SR-83,New Concord,OH,40.008798,-81.738727,3.059
72782,SHEETZ #791,"I-76, Exit 57",North Jackson,OH,41.088044,-80.86225,3.06566666
72783,SHEETZ #770,I-70 & US-42,London,OH,39.900074,-83.443899,2.999
72784,Maverik Country Store #724,"I-80/US-30, EXIT 221",Rawlins                                 ,WY,41.795131,-107.234883,3.289
72785,GAS N WASH,US 30,Crest Hill,IL,41.566239,-88.116924,3.359
72785,GAS N WASH,US 30,Crest Hill,IL,41.566239,-88.116924,3.299
72786,QUIKTRIP #333,"I-135, EXIT 31",Newton,KS,38.045067,-97.343457,2.949
72787,QUIKTRIP #7011,"I-35, EXIT 118",Oklahoma City,OK,35.3337,-97.4922,3.03233333
72788,MAVERIK #700,I-25 EXIT 215,Denver,CO,39.840562,-105.007985,3.289
72789,RACETRAC #237,HWY 30 & ROBERT WILSON RD,Gonzales                                ,LA,30.238333,-90.92,3.17233333
72791,LOVES TRAVEL STOP #850,SR-491 & RD. G,Cortez,CO,37.354949,-108.583726,3.48233333
72792,QUICKLEES,"I-190, EXIT 23",Niagara Falls,NY,43.095467,-79.041443,3.999
72793,TA EXPRESS BLAINE #917,"I-5, Exit 275",Blaine,WA,48.963572,-122.732327,4.139
72795,REFUEL #1337,SR-45/CR-1625,Buda                                    ,TX,30.091758,-97.853422,2.999
72796,PILOT #1399,"SR-303, EXIT 107",Litchfield Park,AZ,33.494127,-112.380497,3.599
72796,PILOT DEALER #1399,"SR-303, EXIT 107",Litchfield Park,AZ,33.494127,-112.380497,3.584
72797,KWIK TRIP #1215,"I-94, EXIT 135",Melrose,MN,45.658183,-94.819768,3.32733333
72798,Casey's #4539,US-75,Rock Rapids                             ,IA,43.427192,-96.178055,3.349
72799,CASEYS #4384,"I-88 & SR-26, EXIT 54",Dixon,IL,41.847797,-89.489303,3.479
72799,CASEYS #4384,"I-88 & SR-26, EXIT 54",Dixon,IL,41.847797,-89.489303,3.499
72801,CASEYS #4388,"US-64, EXIT 29",Beebe,AR,35.093743,-91.907449,3.189
72802,Racing Mart Store,"I-495, Exit 36A",Wrentham,MA,42.061746,-71.339568,3.899
72803,Llanos Country Corner,"I-10/US-83, EXIT 456 & US-377",Junction                                ,TX,30.47544,-99.74731,2.919
72804,7-Eleven #42174,"I-24, EXIT 211 & US-70",Nashville,TN,36.167028,-86.778441,3.249
72805,Stripes #42242,"SR 181, HWY 188",Sinton,TX,28.033895,-97.519582,3.259
72806,TA HOSSTON #939,"I-49, Exit 237",Hosston,LA,32.896653,-93.883425,2.92233333
72808,Allsups Convenience #2463,US-377,Aubrey,TX,33.291997,-96.987866,2.899
72809,LOVES TRAVEL STOP #894,I-95 EXIT 305,Saint Augustine,FL,29.8364,-81.2745,3.44233333
72810,QUIKTRIP #7,"I-244/US-412, Exit 10",Tulsa,OK,36.05566,-96.060229,3.119
72811,QUIKTRIP #50,SR-51,Broken Arrow,OK,35.990812,-95.814332,3.129
72812,Kwik Trip #748,US 8,Barron,WI,45.400535,-91.84996,3.664
72813,Allsups #2425,Hwy 144,Granbury,TX,32.42505,-97.774173,3.029
72814,ALLSUPS #2468,"I35, EXIT 5",Thackerville,OK,33.788167,-97.136349,2.91733333
72815,QUIKTRIP #7194,I-74 EXIT 182,Champaign,IL,40.111017,-88.240747,3.299
72815,QUIKTRIP #7194,I-74 EXIT 182,Champaign,IL,40.111017,-88.240747,3.199
72815,QUIKTRIP #7194,I-74 EXIT 182,Champaign,IL,40.111017,-88.240747,3.099
72816,QUIKTRIP #7914,I-27 EXIT 117,Amarillo,TX,35.203238,-101.842052,2.84566666
72817,QUIKTRIP #4174,I-35 Exit 285,Salado,TX,30.949388,-97.532999,2.91566666
72818,QUIKTRIP #7174,"I-65, EXIT 168",Montgomery,AL,32.3743,-86.3118,2.999
72819,QUIKTRIP #7925,I-69W,Laredo,TX,27.515538,-99.498579,2.85066666
72820,QUARLES #54232,us-385,Crane                                   ,TX,31.396949,-102.354382,3.88566666
72821,QUARLES #54231,CR-23 & CR-33,Eunice                                  ,NM,32.439225,-103.159407,3.699
72822,QUARLES #54225,US-83,Abilene                                 ,TX,32.468155,-99.718208,3.499
72827,QUARLES #54259,FM-1936,Odessa                                  ,TX,31.8465,-102.3663,3.699
72828,QUARLES #54250,US-80,Abilene                                 ,TX,32.468155,-99.718208,3.31233333
72830,QUARLES #54261,"I-20, EXIT 37",Pecos                                   ,TX,31.414384,-103.508129,3.749
72831,QUARLES #54262,CR-64,Hobbs                                   ,NM,32.72217,-103.137246,3.699
72835,QUARLES #54277,SR-137,Big Lake,TX,31.240592,-101.478776,3.849
72836,QUARLES #54281,SR-208,Snyder,TX,32.715105,-100.907485,3.66566666
72837,QUARLES #54284,US-285,Loving                                  ,NM,32.274034,-104.091376,3.799
72839,QUARLES #54293,CR-64,Hobbs                                   ,NM,32.72217,-103.137246,3.699
72841,QUARLES #54296,SR-214 & CR-370,Denver City,TX,32.971114,-102.831251,3.799
72844,QUARLES #54332,US-285,Pecos                                   ,TX,31.414384,-103.508129,3.759
72847,QUARLES #54341,US-87,Big Spring                              ,TX,32.241767,-101.467517,3.649
72848,QUARLES #54347,US-67 ,Rankin,TX,31.2225,-101.9375,3.699
72849,QUARLES #54349,CR-1140,Midland                                 ,TX,31.989636,-102.06261,3.66566666
72851,QUARLES #54367,FM-1787,Midland,TX,31.989636,-102.06261,3.799
72853,QUARLES #54520,SR-589,Purvis                                  ,MS,31.149562,-89.462301,2.979
72855,GAS N WASH,SR 59,Plainfield,IL,41.600884,-88.199391,3.559
72855,GAS N WASH,SR 59,Plainfield,IL,41.600884,-88.199391,3.599
72857,7-ELEVEN #42019,SR-3 & SR-4,Yukon,OK,35.506667,-97.762222,3.159
72859,CASEYS #4286,SR-32,Crawfordsville,IN,40.032524,-86.907424,3.56233333
72860,Circle K #2707070,"SR 378, Route 467",Sumter,SC,33.928199,-80.321008,2.99233333
72861,SPRINT MART #4143,"I-20, EXIT 89",Vance,AL,33.17498,-87.257362,3.059
72863,Double Quick #92,US-61,Cleveland,MS,33.743002,-90.730871,3.18233333
72864,SUNSTOP #430,US-27,Bainbridge,GA,30.9355,-84.5809,3.599
72867,Maverik #731,I-15 EXIT 190,Helena,MT,46.613066,-112.021283,3.549
72868,MAVERIK #737,I-15 EXIT 116,Idaho Falls,ID,43.517679,-111.990626,3.40566666
72869,MAVERIK #738,I-90 EXIT 129,Gillette,WY,44.282009,-105.497442,3.359
72871,Maverik #727,I-8 EXIT 3,Yuma,AZ,32.701507,-114.642362,3.179
72872,QUIKTRIP #7926,US 59 & SR 20,Laredo,TX,27.515538,-99.498579,2.859
72873,QUIKTRIP #7206,I-39 EXIT 15 & US 20 ,Rockford,IL,42.292233,-89.116118,3.199
72873,QUIKTRIP #7206,I-39 EXIT 15 & US 20 ,Rockford,IL,42.292233,-89.116118,3.119
72873,QUIKTRIP #7206,I-39 EXIT 15 & US 20 ,Rockford,IL,42.292233,-89.116118,2.969
72873,QUIKTRIP #7206,I-39 EXIT 15 & US 20 ,Rockford,IL,42.292233,-89.116118,3.019
72874,QUIKTRIP #4076,I-35 EXIT 191,New Braunfels,TX,29.694733,-98.113041,2.91566666
72875,QUIKTRIP #4183,SR 195 & Shell RD,Georgetown,TX,30.633038,-97.670704,2.91566666
72876,QUIKTRIP #1139,"I-385, EXIT 23",Fountain Inn,SC,34.653334,-82.264593,3.01733333
72877,QUIKTRIP #7177,"I-10, EXIT 15A",Theodore,AL,30.544374,-88.180748,2.88233333
72879,QUIKTRIP #4002,US-87,Comfort,TX,29.979072,-98.843772,2.96566666
72880,PARKERS #97,US 80,Bloomingdale,GA,32.117654,-81.308465,3.03233333
72882,CASEYS #4330,"I-40, EXIT 221",Okemah,OK,35.447516,-96.306788,2.92566666
72884,CEFCO #435,"I-10, EXIT 44 & US-90",Loxley,AL,30.617964,-87.75624,3.02566666
72885,RACEWAY #6960,US-431 & Westgate PKWY,Dothan                                  ,AL,31.202888,-85.418036,3.199
72886,PILOT #1381,US-190 & Rose Marie Blvd,Hearne,TX,30.86686,-96.584256,3.499
72888,STRIPES #42591,US-87,Mason                                   ,TX,30.743392,-99.226117,3.299
72889,DK,SR 83,Denver City,TX,32.971114,-102.831251,3.319
72891,GAS N WASH,"I-57, EXIT 354",Alsip,IL,41.6723,-87.7339,3.599
72891,GAS N WASH,"I-57, EXIT 354",Alsip,IL,41.6723,-87.7339,3.399
72893,Racetrac #2586,I-95 & 20th ST,Vero Beach,FL,27.632985,-80.403075,3.159
72894,Allsups Convenience Store #2458,US-287 & FM-1655,Alvord,TX,33.36982,-97.688488,2.899
72895,Allsups#2465,SR 7,Davis,OK,34.495301,-97.10843,2.96733333
72896,PILOT #1283,I-45 & SR-31,Corsicana,TX,32.0322,-96.3483,3.04233333
72899,RACEWAY #7002,US 79 & 59,Carthage,TX,32.154379,-94.352721,2.82066666
72901,FATDOGS GRAND ISLAND TRAVEL CENTER,I-80 & HWY 281,Grand Island,NE,40.921858,-98.341062,2.979
72902,CIRCLE K #2704593,SR-24 &  SR-690,Spring Lake,NC,35.182981,-78.978555,3.079
72903,Kent Kwik #221,SR-338,Odessa,TX,31.8465,-102.3663,2.989
72904,CEFCO #112,US-281,Marble Falls,TX,30.57228,-98.306992,2.929
72905,TA EXPRESS PLEASANTON #445,I-37 EXIT 109,Pleasanton,TX,28.992368,-98.483061,3.099
72906,Maverik #734,I-25 EXIT 94,Pueblo,CO,38.287876,-104.584828,3.289
72907,QUIKTRIP #7913,"I-20, EXIT 20 & SR-18",Monahans,TX,31.581294,-102.900273,2.859
72908,QUIKTRIP #1042,"I-85, EXIT 17B & US-321",Gastonia,NC,35.244917,-81.219449,3.264
72909,FAT DOGS LINCOLN TC,"I-80, EXIT 399",Lincoln,NE,40.8169,-96.7103,3.099
72910,Ogden Cardlock (Bulk Plant),I-15 EXIT 343,Ogden                                   ,UT,41.2443,-112.0072,3.489
72912,Salina Cardlock (Bulk Plant),I-70 EXIT 56,Salina                                  ,UT,38.956028,-111.881072,3.449
72916,CASEYS #2562,SR 140 & SR 156,Ellsworth,KS,38.731219,-98.205678,3.46566666
72918,QUIKTRIP #7076,"I-75, EXIT 101 ",Cordele,GA,31.963333,-83.7825,3.03233333
72919,QUIKTRIP #7096,I-75 & EXIT 51,Dayton,OH,39.765396,-84.099802,3.03233333
72920,Circle K #4701686,"I-70, Exit 224 & SR-370",Saint Peters,MO,38.78024,-90.622765,3.05066666
72921,CIRCLE K #4701677,"I-44, Exit 226",Sullivan,MO,38.230706,-91.156662,3.324
72922,SUNOCO,SR-640,Willoughby                              ,OH,41.630229,-81.407619,3.859
72923,76,US-84,Brookhaven                              ,MS,31.58581,-90.451995,3.149
72924,SHERMAN TRAVEL CENTER,SR-9 ,Senatobia,MS,34.632306,-89.885501,3.029
72925,AMOCO,US-52 & SR-340,Darlington,SC,34.300294,-79.873221,3.199
72926,Amoco,US-31 & US-10,Scottville,MI,43.976692,-86.315615,3.359
72926,Amoco,US-31 & US-10,Scottville,MI,43.976692,-86.315615,3.399
72926,Amoco,US-31 & US-10,Scottville,MI,43.976692,-86.315615,3.379
72927,Bell Stores #165,US-30 ,Wooster,OH,40.809354,-81.948272,3.51566666
72930,SPARTA CO-OP,SR-27,Sparta,WI,43.954045,-90.814566,3.189
72933,CHEVRON #385988,SR-124,Lithonia,GA,33.682311,-84.160997,3.399
72934,CIRCLE K #2706987,"I-37, Exit 118",Corpus Christi,TX,27.794086,-97.402994,3.099
72935,Circle K #2722258,US-17 & SR-40,Pierson,FL,29.222596,-81.43533,3.40233333
72936,Circle K #2707549,SR-471 & SR-48,Bushnell,FL,28.661062,-82.155297,3.499
72937,CIRCLE K #2723997,SR024,Stedman,NC,35.034749,-78.694932,3.399
72938,CIRCLE K #2723205,I-285 & CR-1642,Winston Salem,NC,36.10237,-80.222798,3.52066666
72939,CIRCLE K #2655872,"I-75, Exit 252B",Atlanta,GA,33.749788,-84.31685,3.50566666
72940,Circle K #3909,SR-236,Clarksville,TN,36.522014,-87.348997,3.329
72941,CIRCLE K #2740389,I-55 & US-51,Hammond,LA,30.51908,-90.487856,3.249
72942,CIRCLE K #2742777,US-62/180,El Paso,TX,31.758411,-106.478311,3.19066666
72943,CIRCLE K #2706805,SR-415 & SR-76,Port Allen,LA,30.471983,-91.254088,3.359
72944,Circle K #2709094,US-62 & SR-327,Lubbock,TX,33.586527,-101.860634,3.099
72945,CIRCLE K #2707057,SR-59 & CR-12,Foley,AL,30.400664,-87.685737,3.09233333
72947,Circle K #9556,SR-202,Phoenix,AZ,33.451,-112.0685,3.38566666
72948,CIRCLE K #2746514,SR-23,Watford City,ND,47.804258,-103.258205,3.599
72949,BOURBON TRAVEL PLAZA,US-30,Bourbon                                 ,IN,41.309785,-86.117438,3.499
72950,Conoco,US-95,MC DERMITT,NV,41.866944,-117.531111,4.299
72951,DK,SR-36,Abilene,TX,32.468155,-99.718208,2.849
72953,GRAND AVENUE EXPRESS,I-35 & FM-372,Gainesville,TX,33.625943,-97.103208,2.999
72956,Handee Hugos #1,SR-87,Riegelwood                              ,NC,34.34706,-78.257473,3.49733333
72957,IRVING,SR-11,Augusta,ME,44.323228,-69.766548,3.899
72958,Jack Flash Pana,SR-16,Pana,IL,39.388124,-89.078165,3.199
72958,Jack Flash Pana,SR-16,Pana,IL,39.388124,-89.078165,3.159
72958,Jack Flash Pana,SR-16,Pana,IL,39.388124,-89.078165,3.099
72959,JORDANS #75,US-67,Newport,AR,35.598823,-91.257064,3.299
72960,KENT KWIK #206,FM-2020,Odessa,TX,31.8465,-102.3663,3.02566666
72963,MAVERIK #5358,"I-25, Exit 145",Colorado Springs,CO,38.8335,-104.8206,3.33066666
72965,Maverik #674,"I-15, Exit 45",North Las Vegas,NV,36.4475,-114.851389,3.28233333
72966,MCCLURE STORE #15,SR-9,Marion,IN,40.574333,-85.674127,3.694
72967,BINKS TENAHA QUICK STOP,US-59/US-84,Tenaha,TX,31.940812,-94.248773,3.059
72968,LOVES TRAVEL STOP #883,US-52 EXIT 120,Rural Hall,NC,36.229251,-80.293643,3.57733333
72969,LOVES TRAVEL STOP #555,US-30,Delphos,OH,40.833619,-84.324678,3.30566666
72970,PAC PRIDE,"I-96, Exit 26",Grand Rapids,MI,42.9704,-85.6738,3.729
72970,PAC PRIDE,"I-96, Exit 26",Grand Rapids,MI,42.9704,-85.6738,3.659
72970,PAC PRIDE,"I-96, Exit 26",Grand Rapids,MI,42.9704,-85.6738,3.679
72972,LOVES TRAVEL STOP #886,I-44 EXIT 29,Sarcoxie,MO,37.072382,-94.11514,3.40066666
72973,PETE'S 49,US-166 & US-169,Coffeyville,KS,37.044056,-95.632756,3.214
72974,USTOP 34,US-77,Lincoln,NE,40.8169,-96.7103,3.499
72975,SHEETZ #804,"I-95, Exit 41",Hope Mills,NC,34.953564,-78.935364,2.859
72976,RED DOG,"I-10, EXIT 72",Egan                                    ,LA,30.250966,-92.500226,3.049
72978,SHELL SERVICE STATION,SR-302,Byhalia,MS,34.885351,-89.676332,3.099
72979,RICKY ROCKETS,"I-57, EXIT 312",Kankakee,IL,41.116582,-87.869607,3.399
72979,RICKY ROCKETS,"I-57, EXIT 312",Kankakee,IL,41.116582,-87.869607,3.379
72981,Sprint Mart #2301,I-565 & CR-115,Madison,AL,34.6578,-86.8056,3.49233333
72982,SUNOCO,I-10 & SR-328,Breaux Bridge                           ,LA,30.274955,-91.905899,2.85566666
72983,SUNSTOP #303,SR-100,Lake City,FL,30.0949,-82.7117,3.55066666
72984,TERRIBLE HERBST #341,US-95,Indian Springs,NV,36.407223,-115.581067,3.899
72985,THE PRIDE OF VILLA PARK,SR-64,Villa Park                              ,IL,41.879899,-87.978246,3.299
72985,THE PRIDE OF VILLA PARK,SR-64,Villa Park                              ,IL,41.879899,-87.978246,3.349
72986,THE PRIDE OF ELGIN,SR-31,Elgin                                   ,IL,42.038356,-88.260631,3.499
72987,The Texan,US-285 & CR-116,Pecos,TX,31.414384,-103.508129,2.999
72988,Thorntons #221354,US-12,Lake Zurich,IL,42.196721,-88.070299,3.399
72988,Thorntons #221354,US-12,Lake Zurich,IL,42.196721,-88.070299,3.349
72989,THORNTONS #442562,SR-63,Monroe,OH,39.441285,-84.365196,3.199
72990,TA Express Jonesboro,I-555 EXIT 39,Jonesboro,AR,35.833016,-90.696526,3.39233333
72991,THORNTONS #221345,US-20 ,Hanover Park,IL,41.794444,-87.808333,3.759
72993,H AND R OIL COMPANY,"SR-4, EXIT 8",Lexington                               ,KY,38.017394,-84.485423,3.249
72995,LOVES TRAVEL STOP #569,I-84 EXIT 304,Baker City,OR,44.780102,-117.828631,3.45733333
72996,LOVES TRAVEL STOP #504,I-76 EXIT 232,North Lima,OH,40.964866,-80.654911,3.78733333
72998,83 FUEL STOP,US-83,Catarina,TX,28.345278,-99.613056,2.959
72999,Aeg Petroleum,US-70 & SR-467,Portales,NM,34.179915,-103.336311,3.68566666
73000,TXB,FM-2147,Horseshoe Bay,TX,30.578056,-98.2725,2.929
73003,GAS PRO TRAVEL CENTER,US-25 & SR-88,Hephzibah,GA,33.343328,-82.088689,3.599
73005,NOBLE,US-20,Sturbridge,MA,42.112619,-72.084233,3.999
73007,VALERO,"I-85, EXIT 28 & SR-100",Hogansville                             ,GA,33.164382,-84.930856,3.66566666
73008,MUSTANG XPRESS,US-183 & FM-1327,Austin,TX,30.210692,-97.942749,3.33233333
73009,THRIFT BULL TRUCK STOP,SR-103,San Augustine,TX,31.515173,-94.132581,3.499
73012,FUELPORT # 1,FM-143,San Antonio,TX,29.468525,-98.526352,3.049
73013,247 TRUCK STOP,I-40 EXIT 247,Widener,AR,35.059167,-90.629313,2.999
73014,CIRCLE K #2726298,SR 33 & SR 50,Mascotte,FL,28.578056,-81.886944,3.539
73015,76,US 40,Franklinville,NJ,39.615557,-75.04088,3.169
73016,PARKERS #112,SR 67,Statesboro,GA,32.440841,-81.773956,3.199
73017,U Stop #36,US 136 & SR 50,Tecumseh,NE,40.369702,-96.204951,3.399
73018,Smart Stop Travel Center,US 271 & SR 37,Bogata,TX,33.469862,-95.193725,3.199
73021,Circle K #2746245,I 35W EXIT 6,Minneapolis,MN,45.049582,-93.246095,3.599
73025,151 TRAVEL CENTER,SR 34 & N Central Rd,Darlington,SC,34.300294,-79.873221,3.299
73026,Gas N Wash,SR-171,Lemont,IL,41.695076,-88.023558,3.299
73026,Gas N Wash,SR-171,Lemont,IL,41.695076,-88.023558,3.599
73026,Gas N Wash,SR-171,Lemont,IL,41.695076,-88.023558,3.499
73028,PETRO HENDERSON #968,"I-11, EXIT 15A",Henderson,NV,35.992678,-114.951684,3.639
73029,One9 #1417,I-35 Exit 323,Lorena,TX,31.409271,-97.230161,2.90233333
73030,SPEED TREK TRAVEL CENTER,I-90 EXIT 25,Belvidere,IL,42.259465,-88.850943,3.899
73030,SPEED TREK TRAVEL CENTER,I-90 EXIT 25,Belvidere,IL,42.259465,-88.850943,3.699
73030,SPEED TREK TRAVEL CENTER,I-90 EXIT 25,Belvidere,IL,42.259465,-88.850943,3.799
73031,Travel Refresh,US 59,Corrigan                                ,TX,31.000657,-94.7959,2.949
73032,Parkers #110,SR 56,Augusta,GA,33.511692,-82.099505,3.19233333
73033,QUARLES #54242,SR-152,Pampa                                   ,TX,35.538043,-100.957885,3.499
73035,QUIKTRIP #7909,US-10,El Paso,TX,31.758411,-106.478311,2.849
73036,Maverik Country Store #741,US-80,Rock Springs,WY,41.605957,-109.230047,3.30733333
73037,TA EXPRESS #567,"I-20, EXIT 81 & SR-149",Ruston,LA,32.530823,-92.643927,3.114
73039,Spinx  #292,"I-26, EXIT 10",Inman,SC,35.052795,-82.054013,3.16566666
73040,TAILGATE #3,SR 21,Bryan,TX,30.632698,-96.36616,3.599
73041,Racetrac #182,US- 19,Hampton                                 ,GA,33.412398,-84.294744,2.999
73042,MAVERIK #728,Hwy 483,Lovington,NM,32.951166,-103.348849,3.094
73043,MAVERIK #740,"I-25, EXIT 347",Las Vegas,NM,35.594862,-105.227162,3.16233333
73044,Maverik #732,"US 20, EXIT 310",Idaho Falls,ID,43.517679,-111.990626,3.394
73045,MAVERIK #717,US-395,Spokane,WA,47.666485,-117.436527,3.979
73045,MAVERIK #717,US-395,Spokane,WA,47.666485,-117.436527,3.999
73046,Refuel #63,US 501 & SR 544,Conway,SC,33.873066,-79.055712,3.134
73047,RACETRAC #2642,"I-70, EXIT 77",Indianapolis,IN,39.938417,-86.13894,3.259
73048,ALLSUPS CONVENIENCE STORE #2473,US-287,Bowie,TX,33.556796,-97.837337,2.899
73051,CIRCLE K #2709540,"I-10, EXIT 10 & SR-90",Sierra Vista,AZ,31.536467,-110.266565,3.629
73052,Circle K #2701875,US-78 E,Grovetown,GA,33.476622,-82.240937,3.499
73053,Circle K #2746108,"I-90/US-212, EXIT 447",Billings,MT,45.774489,-108.500452,3.579
73055,CIRCLE K #4707124,SR-3,Liberty,ME,44.374085,-69.33058,4.099
73056,CIRCLE K #2723033,"I-295, EXIT 21A & I-95",Fayetteville,NC,35.05099,-78.842255,3.279
73057,CIRCLE K #2703586,US-550 & SR-516,Flora Vista,NM,36.802771,-108.082683,3.719
73058,CIRCLE K #4707605,SR-365/SR-69/SR-49 & SR-26,Rome,NY,43.219349,-75.449758,3.999
73059,CIRCLE K #4705626,"I-77/US-62, EXIT 105 & SR-172",Canton,OH,40.827,-81.3853,3.459
73061,Circle K #2709045,"US-62 & SR-375, EXIT 39",El Paso,TX,31.758411,-106.478311,3.20233333
73062,CIRCLE K #2741849,SR-358 & SR-286,Corpus Christi,TX,27.794086,-97.402994,3.124
73063,HOLIDAY STATIONSTORE #2746223,"I-35, EXIT 135 & US-61",Andover,MN,45.25068,-93.284531,3.499
73064,7-ELEVEN #42315,"I-85, Exit 88",Lexington,NC,35.82306,-80.262049,3.399
73065,RACETRAC #2631,"I-75, EXIT 285 & US-41/SR-3",Emerson,GA,34.119969,-84.757045,2.88733333
73066,QUIKTRIP #1499,I-10 EXIT 267,Tucson,AZ,32.213873,-110.969445,3.06233333
73067,J STARR,I-29 EXIT 8,Hankinson,ND,46.055797,-96.899069,3.499
73068,MAVERIK #5369,SR 21,Colorado Springs,CO,38.8335,-104.8206,3.499
73071,7-Eleven #42340,SR-340/SR-6,Woodway,TX,31.505074,-97.231062,2.93233333
73073,QUIKTRIP #7075,"I-16/SR-404, EXIT 51 & US-441",Dublin,GA,32.547794,-82.90368,2.999
73074,RACETRAC #2641,HWY 59 & FM 989,Texarkana                               ,TX,33.407371,-94.118245,2.85733333
73075,ALLSUPS CONVENIENCE STORE #2470,SR 18,Eunice,NM,32.439225,-103.159407,3.099
73076,MAVERIK #5148,US 40,Kremmling,CO,40.063224,-106.395472,3.679
73078,Shelee's Travel Center,"I-10, Exit 146",Coachella,CA,33.674965,-116.177231,3.949
73078,Shelee's Travel Center,"I-10, Exit 146",Coachella,CA,33.674965,-116.177231,3.959
73079,PILOT DEALER #1433,I-10 EXIT 160,Chandler,AZ,33.330091,-111.863156,3.504
73079,PILOT #1433,I-10 EXIT 160,Chandler,AZ,33.330091,-111.863156,3.499
73080,Circle K #2707255,"I-75, Exit 60",Tifton,GA,31.450278,-83.508611,3.06233333
73081,ALLSUPS #2476,I-40 EXIT 38 & SR 6,Elk City,OK,35.410359,-99.421086,2.93066666
73082,KWIK STAR #1153,US 71,Milford,IA,43.31964,-95.161534,3.324
73083,Kwik Star #1213,I-380 EXIT 2,North Liberty,IA,41.744318,-91.60612,3.159
73084,Kwik Trip #747,I-94 ALT & US-12,Baldwin,WI,44.9657,-92.365498,3.499
73085,Loves Travel Stop #550,I-75 EXIT 13,Valdosta,GA,30.810578,-83.277166,3.22233333
73088,Pilot #1390,I-16 Exit  143,Ellabell,GA,32.127304,-81.498302,3.30566666
73088,Pilot Travel Center #1390,I-16 Exit  143,Ellabell,GA,32.127304,-81.498302,3.28566666
73090,Quiktrip #1148,I-26 EXIT 53,Flat Rock,NC,35.288993,-82.391568,2.849
73092,QUIKTRIP #4042,I-10,Converse,TX,29.517331,-98.321673,2.94566666
73093,GAS N WASH,I-355 EXIT 7,Lockport,IL,41.613481,-88.025581,3.499
73093,GAS N WASH,I-355 EXIT 7,Lockport,IL,41.613481,-88.025581,3.399
73094,MARATHON,US-24,Taylor                                  ,MI,42.231738,-83.267269,3.539
73094,MARATHON,US-24,Taylor                                  ,MI,42.231738,-83.267269,3.499
73095,Quiktrip #7250,US 49,Richland,MS,32.215224,-90.156231,2.91566666
73096,KWIK TRIP #748,US 8,Barron,WI,45.400535,-91.84996,3.64733333
73098,KWIK TRIP #1269,SR 27,Cadott,WI,44.963014,-91.169884,3.40066666
73099,Kwik Star #1296,SR 115,Harrisburg,SD,43.446021,-96.686389,2.939
73100,MAVERIK #747,I-215 Exit 21,Salt Lake City,UT,40.755851,-111.896657,3.39233333
73101,7-ELEVEN 42279,"I-76, Exit 39",Keenesburg,CO,40.095847,-104.446366,3.149
73103,RaceTrac #2654,I-20 EXIT 130,Greensboro,GA,33.563682,-83.170192,3.399
73106,ALLSUPS CONVENIENCE STORE #2472,US-75,Atoka,OK,34.34451,-96.141827,2.96733333
73112,SHEETZ #831,I-26 EXIT 44 & US 25,Hendersonville,NC,35.319213,-82.499995,2.859
73114,ROAD RANGER #319,"I-35E, EXIT 381",Milford,TX,32.148198,-96.96115,3.03066666
73117,MAVERIK #722,"I-29, EXIT 304",Baker City,OR,44.780102,-117.828631,3.459
73118,ALLSUPS #2432,US 287 & SR 34,Ennis,TX,32.332102,-96.622363,2.929
73119,Stinker #122,I-84 EXIT 36,Nampa,ID,43.58342,-116.584818,3.40233333
73120, Kwik Star #1184,US 61,Dubuque,IA,42.514977,-90.681914,3.489
73125,KWIK TRIP #1283,SR 83 & W CAPITOL DR,Hartland,WI,43.117153,-88.344572,3.749
73126,Kwik Trip #1298,US 10,Mondovi,WI,44.609853,-91.669576,3.349
73127,Gas N Wash,"I-55, EXIT 285",Chicago                                 ,IL,41.885847,-87.618123,3.399
73128,ALLSUPS CONVENIENCE STORE #2477,HWY 69 & 11th st ,Kiowa,OK,34.727755,-95.932836,2.95733333
73129,SHEETZ #837,I-94,Romulus,MI,42.220304,-83.358288,3.099
73130,A One Stop,"I-45, EXIT 246",Ennis,TX,32.332102,-96.622363,2.93566666
73131,Sheetz #838,"I-85, Exit 71",Salisbury,NC,35.651498,-80.488945,2.859
